date,location,lat,lon,temp_celsius,precipitation_mm,soil_moisture
2020-01-01,Kigali City,-1.9441,30.0619,20.34,1.66,0.83
2020-01-02,Kigali City,-1.9441,30.0619,20.19,1.62,0.82
2020-01-03,Kigali City,-1.9441,30.0619,20.09,0.76,0.82
2020-01-04,Kigali City,-1.9441,30.0619,19.3,29.49,0.83
2020-01-05,Kigali City,-1.9441,30.0619,19.55,2.49,0.83
2020-01-06,Kigali City,-1.9441,30.0619,19.9,1.39,0.83
2020-01-07,Kigali City,-1.9441,30.0619,19.57,0.51,0.83
2020-01-08,Kigali City,-1.9441,30.0619,17.78,7.08,0.83
2020-01-09,Kigali City,-1.9441,30.0619,19.33,1.66,0.83
2020-01-10,Kigali City,-1.9441,30.0619,18.72,2.29,0.83
2020-01-11,Kigali City,-1.9441,30.0619,19.14,2.75,0.83
2020-01-12,Kigali City,-1.9441,30.0619,19.91,1.28,0.82
2020-01-13,Kigali City,-1.9441,30.0619,19.1,2.7,0.82
2020-01-14,Kigali City,-1.9441,30.0619,20.14,0.16,0.82
2020-01-15,Kigali City,-1.9441,30.0619,20.34,0.39,0.82
2020-01-16,Kigali City,-1.9441,30.0619,20.73,0.67,0.81
2020-01-17,Kigali City,-1.9441,30.0619,19.78,5.93,0.81
2020-01-18,Kigali City,-1.9441,30.0619,20.66,2.49,0.81
2020-01-19,Kigali City,-1.9441,30.0619,20.09,8.94,0.82
2020-01-20,Kigali City,-1.9441,30.0619,19.89,0.71,0.82
2020-01-21,Kigali City,-1.9441,30.0619,21.24,0.18,0.81
2020-01-22,Kigali City,-1.9441,30.0619,21.15,0.11,0.81
2020-01-23,Kigali City,-1.9441,30.0619,20.44,15.43,0.81
2020-01-24,Kigali City,-1.9441,30.0619,19.87,14.44,0.82
2020-01-25,Kigali City,-1.9441,30.0619,19.65,1.88,0.82
2020-01-26,Kigali City,-1.9441,30.0619,19.21,4.31,0.82
2020-01-27,Kigali City,-1.9441,30.0619,19.88,4.94,0.82
2020-01-28,Kigali City,-1.9441,30.0619,19.24,31.91,0.82
2020-01-29,Kigali City,-1.9441,30.0619,18.32,6.7,0.84
2020-01-30,Kigali City,-1.9441,30.0619,19.17,2.95,0.84
2020-01-31,Kigali City,-1.9441,30.0619,19.0,3.09,0.84
2020-02-01,Kigali City,-1.9441,30.0619,18.03,26.78,0.85
2020-02-02,Kigali City,-1.9441,30.0619,19.14,4.39,0.85
2020-02-03,Kigali City,-1.9441,30.0619,19.42,18.72,0.86
2020-02-04,Kigali City,-1.9441,30.0619,19.03,8.23,0.86
2020-02-05,Kigali City,-1.9441,30.0619,19.28,8.54,0.87
2020-02-06,Kigali City,-1.9441,30.0619,19.12,5.51,0.87
2020-02-07,Kigali City,-1.9441,30.0619,19.83,0.2,0.87
2020-02-08,Kigali City,-1.9441,30.0619,20.25,0.07,0.86
2020-02-09,Kigali City,-1.9441,30.0619,20.08,0.02,0.86
2020-02-10,Kigali City,-1.9441,30.0619,19.96,0.01,0.86
2020-02-11,Kigali City,-1.9441,30.0619,20.78,0.01,0.85
2020-02-12,Kigali City,-1.9441,30.0619,21.37,0.03,0.85
2020-02-13,Kigali City,-1.9441,30.0619,19.88,2.5,0.85
2020-02-14,Kigali City,-1.9441,30.0619,19.98,1.53,0.85
2020-02-15,Kigali City,-1.9441,30.0619,20.17,0.59,0.84
2020-02-16,Kigali City,-1.9441,30.0619,19.5,0.18,0.84
2020-02-17,Kigali City,-1.9441,30.0619,19.84,0.4,0.84
2020-02-18,Kigali City,-1.9441,30.0619,20.6,0.3,0.83
2020-02-19,Kigali City,-1.9441,30.0619,19.15,3.06,0.83
2020-02-20,Kigali City,-1.9441,30.0619,19.86,2.21,0.83
2020-02-21,Kigali City,-1.9441,30.0619,19.96,3.65,0.83
2020-02-22,Kigali City,-1.9441,30.0619,20.66,0.58,0.83
2020-02-23,Kigali City,-1.9441,30.0619,20.54,0.37,0.83
2020-02-24,Kigali City,-1.9441,30.0619,21.22,9.56,0.82
2020-02-25,Kigali City,-1.9441,30.0619,20.64,82.15,0.84
2020-02-26,Kigali City,-1.9441,30.0619,20.84,8.05,0.84
2020-02-27,Kigali City,-1.9441,30.0619,19.48,18.45,0.85
2020-02-28,Kigali City,-1.9441,30.0619,19.46,7.86,0.86
2020-02-29,Kigali City,-1.9441,30.0619,20.43,5.32,0.86
2020-03-01,Kigali City,-1.9441,30.0619,21.08,14.81,0.86
2020-03-02,Kigali City,-1.9441,30.0619,19.45,20.08,0.87
2020-03-03,Kigali City,-1.9441,30.0619,20.72,1.98,0.88
2020-03-04,Kigali City,-1.9441,30.0619,19.47,1.19,0.87
2020-03-05,Kigali City,-1.9441,30.0619,20.5,2.08,0.87
2020-03-06,Kigali City,-1.9441,30.0619,20.62,2.21,0.87
2020-03-07,Kigali City,-1.9441,30.0619,20.56,0.63,0.87
2020-03-08,Kigali City,-1.9441,30.0619,21.0,2.91,0.87
2020-03-09,Kigali City,-1.9441,30.0619,20.69,30.45,0.87
2020-03-10,Kigali City,-1.9441,30.0619,20.73,9.62,0.88
2020-03-11,Kigali City,-1.9441,30.0619,20.27,2.84,0.88
2020-03-12,Kigali City,-1.9441,30.0619,20.76,1.03,0.88
2020-03-13,Kigali City,-1.9441,30.0619,19.76,6.17,0.88
2020-03-14,Kigali City,-1.9441,30.0619,20.07,0.83,0.88
2020-03-15,Kigali City,-1.9441,30.0619,20.63,3.72,0.88
2020-03-16,Kigali City,-1.9441,30.0619,21.22,18.19,0.89
2020-03-17,Kigali City,-1.9441,30.0619,20.76,5.69,0.89
2020-03-18,Kigali City,-1.9441,30.0619,20.06,7.33,0.89
2020-03-19,Kigali City,-1.9441,30.0619,19.84,2.73,0.89
2020-03-20,Kigali City,-1.9441,30.0619,20.32,3.39,0.89
2020-03-21,Kigali City,-1.9441,30.0619,19.2,21.5,0.89
2020-03-22,Kigali City,-1.9441,30.0619,20.16,6.35,0.89
2020-03-23,Kigali City,-1.9441,30.0619,19.63,7.84,0.89
2020-03-24,Kigali City,-1.9441,30.0619,18.59,6.55,0.9
2020-03-25,Kigali City,-1.9441,30.0619,18.6,33.13,0.9
2020-03-26,Kigali City,-1.9441,30.0619,19.0,6.07,0.91
2020-03-27,Kigali City,-1.9441,30.0619,19.42,41.42,0.91
2020-03-28,Kigali City,-1.9441,30.0619,18.71,16.16,0.93
2020-03-29,Kigali City,-1.9441,30.0619,19.03,3.66,0.93
2020-03-30,Kigali City,-1.9441,30.0619,19.64,2.55,0.93
2020-03-31,Kigali City,-1.9441,30.0619,19.35,4.3,0.93
2020-04-01,Kigali City,-1.9441,30.0619,19.55,2.48,0.93
2020-04-02,Kigali City,-1.9441,30.0619,19.55,3.97,0.93
2020-04-03,Kigali City,-1.9441,30.0619,20.04,1.5,0.92
2020-04-04,Kigali City,-1.9441,30.0619,19.81,3.23,0.92
2020-04-05,Kigali City,-1.9441,30.0619,19.83,1.81,0.92
2020-04-06,Kigali City,-1.9441,30.0619,19.84,0.98,0.92
2020-04-07,Kigali City,-1.9441,30.0619,20.35,3.68,0.91
2020-04-08,Kigali City,-1.9441,30.0619,19.92,1.68,0.91
2020-04-09,Kigali City,-1.9441,30.0619,19.9,1.38,0.91
2020-04-10,Kigali City,-1.9441,30.0619,19.62,3.56,0.91
2020-04-11,Kigali City,-1.9441,30.0619,19.87,1.88,0.91
2020-04-12,Kigali City,-1.9441,30.0619,20.09,2.49,0.91
2020-04-13,Kigali City,-1.9441,30.0619,20.6,7.06,0.91
2020-04-14,Kigali City,-1.9441,30.0619,19.99,3.75,0.91
2020-04-15,Kigali City,-1.9441,30.0619,20.35,1.05,0.91
2020-04-16,Kigali City,-1.9441,30.0619,20.1,4.85,0.91
2020-04-17,Kigali City,-1.9441,30.0619,19.59,17.82,0.91
2020-04-18,Kigali City,-1.9441,30.0619,19.84,33.62,0.92
2020-04-19,Kigali City,-1.9441,30.0619,18.58,18.43,0.93
2020-04-20,Kigali City,-1.9441,30.0619,18.84,29.13,0.94
2020-04-21,Kigali City,-1.9441,30.0619,18.1,12.18,0.95
2020-04-22,Kigali City,-1.9441,30.0619,19.5,35.51,0.95
2020-04-23,Kigali City,-1.9441,30.0619,19.85,14.62,0.96
2020-04-24,Kigali City,-1.9441,30.0619,20.64,8.17,0.96
2020-04-25,Kigali City,-1.9441,30.0619,19.4,14.38,0.97
2020-04-26,Kigali City,-1.9441,30.0619,19.42,1.75,0.97
2020-04-27,Kigali City,-1.9441,30.0619,18.56,14.26,0.97
2020-04-28,Kigali City,-1.9441,30.0619,18.87,3.01,0.97
2020-04-29,Kigali City,-1.9441,30.0619,17.96,22.11,0.97
2020-04-30,Kigali City,-1.9441,30.0619,18.86,5.33,0.97
2020-05-01,Kigali City,-1.9441,30.0619,19.34,2.81,0.97
2020-05-02,Kigali City,-1.9441,30.0619,19.3,7.8,0.97
2020-05-03,Kigali City,-1.9441,30.0619,19.47,5.68,0.97
2020-05-04,Kigali City,-1.9441,30.0619,19.78,0.04,0.97
2020-05-05,Kigali City,-1.9441,30.0619,19.53,4.46,0.96
2020-05-06,Kigali City,-1.9441,30.0619,19.42,14.06,0.97
2020-05-07,Kigali City,-1.9441,30.0619,19.21,6.72,0.97
2020-05-08,Kigali City,-1.9441,30.0619,19.15,3.52,0.97
2020-05-09,Kigali City,-1.9441,30.0619,19.1,9.54,0.97
2020-05-10,Kigali City,-1.9441,30.0619,18.34,2.57,0.96
2020-05-11,Kigali City,-1.9441,30.0619,18.12,3.11,0.96
2020-05-12,Kigali City,-1.9441,30.0619,18.66,2.53,0.96
2020-05-13,Kigali City,-1.9441,30.0619,19.48,3.28,0.96
2020-05-14,Kigali City,-1.9441,30.0619,19.24,10.6,0.96
2020-05-15,Kigali City,-1.9441,30.0619,19.6,3.93,0.96
2020-05-16,Kigali City,-1.9441,30.0619,18.84,11.09,0.96
2020-05-17,Kigali City,-1.9441,30.0619,19.4,4.18,0.96
2020-05-18,Kigali City,-1.9441,30.0619,19.01,0.73,0.96
2020-05-19,Kigali City,-1.9441,30.0619,18.54,0.25,0.96
2020-05-20,Kigali City,-1.9441,30.0619,18.3,2.07,0.95
2020-05-21,Kigali City,-1.9441,30.0619,18.81,0.3,0.95
2020-05-22,Kigali City,-1.9441,30.0619,18.42,0.0,0.95
2020-05-23,Kigali City,-1.9441,30.0619,17.87,0.0,0.95
2020-05-24,Kigali City,-1.9441,30.0619,17.9,0.0,0.94
2020-05-25,Kigali City,-1.9441,30.0619,18.36,0.0,0.94
2020-05-26,Kigali City,-1.9441,30.0619,19.44,0.04,0.94
2020-05-27,Kigali City,-1.9441,30.0619,19.85,0.14,0.93
2020-05-28,Kigali City,-1.9441,30.0619,19.81,0.11,0.93
2020-05-29,Kigali City,-1.9441,30.0619,19.67,0.14,0.93
2020-05-30,Kigali City,-1.9441,30.0619,19.09,0.15,0.92
2020-05-31,Kigali City,-1.9441,30.0619,18.14,0.0,0.92
2020-06-01,Kigali City,-1.9441,30.0619,17.97,0.0,0.92
2020-06-02,Kigali City,-1.9441,30.0619,18.23,0.0,0.91
2020-06-03,Kigali City,-1.9441,30.0619,18.4,0.0,0.91
2020-06-04,Kigali City,-1.9441,30.0619,18.27,0.01,0.91
2020-06-05,Kigali City,-1.9441,30.0619,17.68,0.45,0.91
2020-06-06,Kigali City,-1.9441,30.0619,18.3,0.14,0.9
2020-06-07,Kigali City,-1.9441,30.0619,18.12,0.12,0.9
2020-06-08,Kigali City,-1.9441,30.0619,17.97,0.59,0.9
2020-06-09,Kigali City,-1.9441,30.0619,18.07,2.2,0.9
2020-06-10,Kigali City,-1.9441,30.0619,16.67,2.45,0.9
2020-06-11,Kigali City,-1.9441,30.0619,17.41,2.68,0.9
2020-06-12,Kigali City,-1.9441,30.0619,18.17,14.26,0.9
2020-06-13,Kigali City,-1.9441,30.0619,16.83,22.86,0.91
2020-06-14,Kigali City,-1.9441,30.0619,17.71,9.76,0.92
2020-06-15,Kigali City,-1.9441,30.0619,17.09,0.71,0.92
2020-06-16,Kigali City,-1.9441,30.0619,17.12,0.06,0.91
2020-06-17,Kigali City,-1.9441,30.0619,16.86,0.02,0.91
2020-06-18,Kigali City,-1.9441,30.0619,16.67,0.01,0.91
2020-06-19,Kigali City,-1.9441,30.0619,16.74,0.04,0.91
2020-06-20,Kigali City,-1.9441,30.0619,17.44,2.29,0.91
2020-06-21,Kigali City,-1.9441,30.0619,17.14,4.45,0.91
2020-06-22,Kigali City,-1.9441,30.0619,17.72,2.0,0.9
2020-06-23,Kigali City,-1.9441,30.0619,17.79,2.22,0.9
2020-06-24,Kigali City,-1.9441,30.0619,17.61,0.86,0.9
2020-06-25,Kigali City,-1.9441,30.0619,17.45,0.59,0.9
2020-06-26,Kigali City,-1.9441,30.0619,17.55,0.21,0.9
2020-06-27,Kigali City,-1.9441,30.0619,17.71,0.43,0.89
2020-06-28,Kigali City,-1.9441,30.0619,17.97,0.52,0.89
2020-06-29,Kigali City,-1.9441,30.0619,17.83,0.01,0.89
2020-06-30,Kigali City,-1.9441,30.0619,17.49,0.0,0.89
2020-07-01,Kigali City,-1.9441,30.0619,17.31,0.0,0.88
2020-07-02,Kigali City,-1.9441,30.0619,17.13,0.0,0.88
2020-07-03,Kigali City,-1.9441,30.0619,17.24,0.0,0.88
2020-07-04,Kigali City,-1.9441,30.0619,17.05,0.0,0.88
2020-07-05,Kigali City,-1.9441,30.0619,17.07,0.06,0.87
2020-07-06,Kigali City,-1.9441,30.0619,17.2,0.1,0.87
2020-07-07,Kigali City,-1.9441,30.0619,17.27,0.06,0.87
2020-07-08,Kigali City,-1.9441,30.0619,17.24,0.01,0.87
2020-07-09,Kigali City,-1.9441,30.0619,17.41,0.02,0.86
2020-07-10,Kigali City,-1.9441,30.0619,17.54,9.27,0.86
2020-07-11,Kigali City,-1.9441,30.0619,18.1,2.43,0.86
2020-07-12,Kigali City,-1.9441,30.0619,18.35,7.18,0.86
2020-07-13,Kigali City,-1.9441,30.0619,17.11,10.21,0.87
2020-07-14,Kigali City,-1.9441,30.0619,17.15,3.77,0.87
2020-07-15,Kigali City,-1.9441,30.0619,17.72,0.21,0.87
2020-07-16,Kigali City,-1.9441,30.0619,17.04,0.32,0.87
2020-07-17,Kigali City,-1.9441,30.0619,16.07,0.06,0.86
2020-07-18,Kigali City,-1.9441,30.0619,14.92,0.06,0.86
2020-07-19,Kigali City,-1.9441,30.0619,15.72,0.01,0.86
2020-07-20,Kigali City,-1.9441,30.0619,16.36,1.41,0.86
2020-07-21,Kigali City,-1.9441,30.0619,16.2,3.33,0.86
2020-07-22,Kigali City,-1.9441,30.0619,16.83,2.97,0.86
2020-07-23,Kigali City,-1.9441,30.0619,17.07,6.57,0.86
2020-07-24,Kigali City,-1.9441,30.0619,17.06,2.78,0.86
2020-07-25,Kigali City,-1.9441,30.0619,17.1,0.2,0.86
2020-07-26,Kigali City,-1.9441,30.0619,17.36,0.0,0.85
2020-07-27,Kigali City,-1.9441,30.0619,17.58,0.05,0.85
2020-07-28,Kigali City,-1.9441,30.0619,17.35,0.03,0.85
2020-07-29,Kigali City,-1.9441,30.0619,17.29,0.01,0.85
2020-07-30,Kigali City,-1.9441,30.0619,17.58,0.0,0.85
2020-07-31,Kigali City,-1.9441,30.0619,18.46,0.0,0.84
2020-08-01,Kigali City,-1.9441,30.0619,18.04,0.0,0.84
2020-08-02,Kigali City,-1.9441,30.0619,16.95,0.0,0.84
2020-08-03,Kigali City,-1.9441,30.0619,16.42,0.0,0.83
2020-08-04,Kigali City,-1.9441,30.0619,17.7,0.54,0.83
2020-08-05,Kigali City,-1.9441,30.0619,18.36,0.98,0.83
2020-08-06,Kigali City,-1.9441,30.0619,18.95,0.01,0.83
2020-08-07,Kigali City,-1.9441,30.0619,19.11,0.65,0.83
2020-08-08,Kigali City,-1.9441,30.0619,18.08,1.34,0.82
2020-08-09,Kigali City,-1.9441,30.0619,18.03,0.09,0.82
2020-08-10,Kigali City,-1.9441,30.0619,19.34,0.09,0.82
2020-08-11,Kigali City,-1.9441,30.0619,19.72,1.94,0.82
2020-08-12,Kigali City,-1.9441,30.0619,20.12,1.84,0.82
2020-08-13,Kigali City,-1.9441,30.0619,19.84,0.34,0.81
2020-08-14,Kigali City,-1.9441,30.0619,19.89,0.28,0.81
2020-08-15,Kigali City,-1.9441,30.0619,19.78,0.31,0.81
2020-08-16,Kigali City,-1.9441,30.0619,19.92,0.08,0.81
2020-08-17,Kigali City,-1.9441,30.0619,19.73,0.0,0.81
2020-08-18,Kigali City,-1.9441,30.0619,19.36,0.01,0.8
2020-08-19,Kigali City,-1.9441,30.0619,20.2,0.11,0.8
2020-08-20,Kigali City,-1.9441,30.0619,20.28,2.7,0.8
2020-08-21,Kigali City,-1.9441,30.0619,19.72,5.6,0.8
2020-08-22,Kigali City,-1.9441,30.0619,19.03,2.94,0.8
2020-08-23,Kigali City,-1.9441,30.0619,18.57,1.01,0.8
2020-08-24,Kigali City,-1.9441,30.0619,18.81,2.45,0.8
2020-08-25,Kigali City,-1.9441,30.0619,19.63,2.17,0.79
2020-08-26,Kigali City,-1.9441,30.0619,19.82,2.09,0.79
2020-08-27,Kigali City,-1.9441,30.0619,20.04,0.18,0.79
2020-08-28,Kigali City,-1.9441,30.0619,19.34,0.15,0.79
2020-08-29,Kigali City,-1.9441,30.0619,20.29,0.89,0.79
2020-08-30,Kigali City,-1.9441,30.0619,20.63,0.14,0.78
2020-08-31,Kigali City,-1.9441,30.0619,20.59,1.0,0.78
2020-09-01,Kigali City,-1.9441,30.0619,19.88,0.42,0.78
2020-09-02,Kigali City,-1.9441,30.0619,18.9,0.0,0.78
2020-09-03,Kigali City,-1.9441,30.0619,18.49,0.0,0.77
2020-09-04,Kigali City,-1.9441,30.0619,20.32,0.1,0.77
2020-09-05,Kigali City,-1.9441,30.0619,20.36,0.39,0.77
2020-09-06,Kigali City,-1.9441,30.0619,19.02,1.36,0.77
2020-09-07,Kigali City,-1.9441,30.0619,18.29,5.13,0.77
2020-09-08,Kigali City,-1.9441,30.0619,19.03,3.72,0.77
2020-09-09,Kigali City,-1.9441,30.0619,19.43,2.46,0.77
2020-09-10,Kigali City,-1.9441,30.0619,19.44,0.87,0.77
2020-09-11,Kigali City,-1.9441,30.0619,19.6,0.63,0.77
2020-09-12,Kigali City,-1.9441,30.0619,19.37,2.52,0.77
2020-09-13,Kigali City,-1.9441,30.0619,20.11,0.36,0.76
2020-09-14,Kigali City,-1.9441,30.0619,20.45,0.05,0.76
2020-09-15,Kigali City,-1.9441,30.0619,20.92,0.3,0.76
2020-09-16,Kigali City,-1.9441,30.0619,21.4,0.58,0.76
2020-09-17,Kigali City,-1.9441,30.0619,21.68,0.17,0.75
2020-09-18,Kigali City,-1.9441,30.0619,21.92,0.02,0.75
2020-09-19,Kigali City,-1.9441,30.0619,21.21,0.57,0.75
2020-09-20,Kigali City,-1.9441,30.0619,21.51,1.04,0.75
2020-09-21,Kigali City,-1.9441,30.0619,20.81,4.22,0.75
2020-09-22,Kigali City,-1.9441,30.0619,19.64,3.16,0.75
2020-09-23,Kigali City,-1.9441,30.0619,21.02,1.52,0.75
2020-09-24,Kigali City,-1.9441,30.0619,20.44,1.33,0.74
2020-09-25,Kigali City,-1.9441,30.0619,20.44,1.18,0.74
2020-09-26,Kigali City,-1.9441,30.0619,20.71,1.82,0.74
2020-09-27,Kigali City,-1.9441,30.0619,19.65,2.64,0.74
2020-09-28,Kigali City,-1.9441,30.0619,20.59,2.34,0.74
2020-09-29,Kigali City,-1.9441,30.0619,19.61,3.55,0.74
2020-09-30,Kigali City,-1.9441,30.0619,19.63,3.36,0.74
2020-10-01,Kigali City,-1.9441,30.0619,18.59,16.74,0.75
2020-10-02,Kigali City,-1.9441,30.0619,19.36,1.02,0.75
2020-10-03,Kigali City,-1.9441,30.0619,19.97,0.96,0.75
2020-10-04,Kigali City,-1.9441,30.0619,19.89,1.55,0.75
2020-10-05,Kigali City,-1.9441,30.0619,20.31,0.67,0.74
2020-10-06,Kigali City,-1.9441,30.0619,20.44,0.97,0.74
2020-10-07,Kigali City,-1.9441,30.0619,20.71,0.85,0.74
2020-10-08,Kigali City,-1.9441,30.0619,20.36,0.89,0.74
2020-10-09,Kigali City,-1.9441,30.0619,20.07,1.11,0.74
2020-10-10,Kigali City,-1.9441,30.0619,20.47,3.35,0.74
2020-10-11,Kigali City,-1.9441,30.0619,20.58,1.03,0.73
2020-10-12,Kigali City,-1.9441,30.0619,19.74,3.81,0.73
2020-10-13,Kigali City,-1.9441,30.0619,19.7,3.95,0.73
2020-10-14,Kigali City,-1.9441,30.0619,19.94,2.08,0.73
2020-10-15,Kigali City,-1.9441,30.0619,20.29,0.66,0.73
2020-10-16,Kigali City,-1.9441,30.0619,19.23,5.73,0.73
2020-10-17,Kigali City,-1.9441,30.0619,20.52,2.17,0.73
2020-10-18,Kigali City,-1.9441,30.0619,19.17,6.37,0.73
2020-10-19,Kigali City,-1.9441,30.0619,19.42,5.62,0.74
2020-10-20,Kigali City,-1.9441,30.0619,19.54,9.5,0.74
2020-10-21,Kigali City,-1.9441,30.0619,19.64,8.09,0.74
2020-10-22,Kigali City,-1.9441,30.0619,19.15,12.73,0.74
2020-10-23,Kigali City,-1.9441,30.0619,20.08,1.26,0.75
2020-10-24,Kigali City,-1.9441,30.0619,20.52,0.33,0.75
2020-10-25,Kigali City,-1.9441,30.0619,20.33,9.54,0.74
2020-10-26,Kigali City,-1.9441,30.0619,18.94,23.7,0.76
2020-10-27,Kigali City,-1.9441,30.0619,18.56,3.79,0.76
2020-10-28,Kigali City,-1.9441,30.0619,19.25,9.05,0.76
2020-10-29,Kigali City,-1.9441,30.0619,18.16,9.47,0.77
2020-10-30,Kigali City,-1.9441,30.0619,18.73,3.75,0.77
2020-10-31,Kigali City,-1.9441,30.0619,18.48,6.04,0.77
2020-11-01,Kigali City,-1.9441,30.0619,18.82,1.42,0.77
2020-11-02,Kigali City,-1.9441,30.0619,19.41,1.03,0.77
2020-11-03,Kigali City,-1.9441,30.0619,19.58,1.09,0.77
2020-11-04,Kigali City,-1.9441,30.0619,19.17,24.13,0.78
2020-11-05,Kigali City,-1.9441,30.0619,18.48,6.39,0.78
2020-11-06,Kigali City,-1.9441,30.0619,17.59,9.98,0.79
2020-11-07,Kigali City,-1.9441,30.0619,18.85,4.96,0.79
2020-11-08,Kigali City,-1.9441,30.0619,18.77,2.19,0.79
2020-11-09,Kigali City,-1.9441,30.0619,19.02,7.34,0.79
2020-11-10,Kigali City,-1.9441,30.0619,18.28,9.82,0.79
2020-11-11,Kigali City,-1.9441,30.0619,19.25,3.88,0.79
2020-11-12,Kigali City,-1.9441,30.0619,19.51,1.22,0.79
2020-11-13,Kigali City,-1.9441,30.0619,19.54,3.44,0.79
2020-11-14,Kigali City,-1.9441,30.0619,20.28,4.52,0.79
2020-11-15,Kigali City,-1.9441,30.0619,20.06,12.33,0.79
2020-11-16,Kigali City,-1.9441,30.0619,20.13,23.21,0.8
2020-11-17,Kigali City,-1.9441,30.0619,19.58,68.31,0.82
2020-11-18,Kigali City,-1.9441,30.0619,19.32,39.24,0.84
2020-11-19,Kigali City,-1.9441,30.0619,17.6,23.74,0.85
2020-11-20,Kigali City,-1.9441,30.0619,19.32,2.68,0.85
2020-11-21,Kigali City,-1.9441,30.0619,19.38,22.11,0.86
2020-11-22,Kigali City,-1.9441,30.0619,19.24,8.58,0.86
2020-11-23,Kigali City,-1.9441,30.0619,19.58,1.49,0.86
2020-11-24,Kigali City,-1.9441,30.0619,19.62,2.27,0.86
2020-11-25,Kigali City,-1.9441,30.0619,18.94,2.66,0.86
2020-11-26,Kigali City,-1.9441,30.0619,19.65,0.32,0.86
2020-11-27,Kigali City,-1.9441,30.0619,19.3,1.76,0.86
2020-11-28,Kigali City,-1.9441,30.0619,18.84,3.53,0.86
2020-11-29,Kigali City,-1.9441,30.0619,18.05,7.88,0.86
2020-11-30,Kigali City,-1.9441,30.0619,19.43,7.71,0.86
2020-12-01,Kigali City,-1.9441,30.0619,20.01,0.88,0.86
2020-12-02,Kigali City,-1.9441,30.0619,19.59,1.55,0.86
2020-12-03,Kigali City,-1.9441,30.0619,19.0,6.8,0.85
2020-12-04,Kigali City,-1.9441,30.0619,18.93,2.6,0.86
2020-12-05,Kigali City,-1.9441,30.0619,19.32,0.77,0.85
2020-12-06,Kigali City,-1.9441,30.0619,18.87,0.55,0.85
2020-12-07,Kigali City,-1.9441,30.0619,19.36,0.5,0.85
2020-12-08,Kigali City,-1.9441,30.0619,19.39,0.35,0.85
2020-12-09,Kigali City,-1.9441,30.0619,18.69,1.31,0.84
2020-12-10,Kigali City,-1.9441,30.0619,19.52,3.94,0.84
2020-12-11,Kigali City,-1.9441,30.0619,18.78,1.0,0.84
2020-12-12,Kigali City,-1.9441,30.0619,18.41,35.85,0.85
2020-12-13,Kigali City,-1.9441,30.0619,18.92,11.44,0.86
2020-12-14,Kigali City,-1.9441,30.0619,18.94,1.59,0.86
2020-12-15,Kigali City,-1.9441,30.0619,19.15,1.72,0.86
2020-12-16,Kigali City,-1.9441,30.0619,19.5,4.93,0.86
2020-12-17,Kigali City,-1.9441,30.0619,19.3,2.57,0.85
2020-12-18,Kigali City,-1.9441,30.0619,18.65,11.27,0.86
2020-12-19,Kigali City,-1.9441,30.0619,17.55,9.19,0.86
2020-12-20,Kigali City,-1.9441,30.0619,18.92,2.99,0.86
2020-12-21,Kigali City,-1.9441,30.0619,18.92,1.3,0.86
2020-12-22,Kigali City,-1.9441,30.0619,19.14,1.4,0.86
2020-12-23,Kigali City,-1.9441,30.0619,19.54,3.58,0.86
2020-12-24,Kigali City,-1.9441,30.0619,19.61,3.23,0.86
2020-12-25,Kigali City,-1.9441,30.0619,19.67,4.68,0.85
2020-12-26,Kigali City,-1.9441,30.0619,19.52,3.32,0.85
2020-12-27,Kigali City,-1.9441,30.0619,19.51,4.81,0.85
2020-12-28,Kigali City,-1.9441,30.0619,19.26,0.1,0.85
2020-12-29,Kigali City,-1.9441,30.0619,19.29,0.24,0.85
2020-12-30,Kigali City,-1.9441,30.0619,19.75,2.81,0.84
2020-12-31,Kigali City,-1.9441,30.0619,20.09,6.78,0.84
2021-01-01,Kigali City,-1.9441,30.0619,18.32,27.01,0.86
2021-01-02,Kigali City,-1.9441,30.0619,18.61,2.65,0.86
2021-01-03,Kigali City,-1.9441,30.0619,18.4,1.32,0.86
2021-01-04,Kigali City,-1.9441,30.0619,18.96,2.37,0.85
2021-01-05,Kigali City,-1.9441,30.0619,19.01,3.78,0.85
2021-01-06,Kigali City,-1.9441,30.0619,19.03,2.23,0.85
2021-01-07,Kigali City,-1.9441,30.0619,19.57,0.23,0.85
2021-01-08,Kigali City,-1.9441,30.0619,20.92,0.23,0.85
2021-01-09,Kigali City,-1.9441,30.0619,19.48,17.2,0.84
2021-01-10,Kigali City,-1.9441,30.0619,18.88,4.01,0.85
2021-01-11,Kigali City,-1.9441,30.0619,19.98,7.67,0.85
2021-01-12,Kigali City,-1.9441,30.0619,18.92,51.7,0.87
2021-01-13,Kigali City,-1.9441,30.0619,18.36,9.27,0.88
2021-01-14,Kigali City,-1.9441,30.0619,19.36,8.0,0.88
2021-01-15,Kigali City,-1.9441,30.0619,19.2,5.5,0.89
2021-01-16,Kigali City,-1.9441,30.0619,18.53,3.07,0.89
2021-01-17,Kigali City,-1.9441,30.0619,19.24,1.84,0.88
2021-01-18,Kigali City,-1.9441,30.0619,19.18,1.64,0.88
2021-01-19,Kigali City,-1.9441,30.0619,19.48,6.48,0.88
2021-01-20,Kigali City,-1.9441,30.0619,18.33,18.96,0.89
2021-01-21,Kigali City,-1.9441,30.0619,18.87,8.07,0.89
2021-01-22,Kigali City,-1.9441,30.0619,19.16,6.42,0.89
2021-01-23,Kigali City,-1.9441,30.0619,18.34,1.28,0.89
2021-01-24,Kigali City,-1.9441,30.0619,19.12,8.69,0.89
2021-01-25,Kigali City,-1.9441,30.0619,18.85,10.03,0.9
2021-01-26,Kigali City,-1.9441,30.0619,18.28,9.45,0.9
2021-01-27,Kigali City,-1.9441,30.0619,18.76,0.71,0.9
2021-01-28,Kigali City,-1.9441,30.0619,19.27,0.6,0.9
2021-01-29,Kigali City,-1.9441,30.0619,19.41,0.42,0.89
2021-01-30,Kigali City,-1.9441,30.0619,19.46,3.66,0.89
2021-01-31,Kigali City,-1.9441,30.0619,19.72,1.87,0.89
2021-02-01,Kigali City,-1.9441,30.0619,19.68,0.27,0.89
2021-02-02,Kigali City,-1.9441,30.0619,19.72,0.9,0.88
2021-02-03,Kigali City,-1.9441,30.0619,19.92,0.73,0.88
2021-02-04,Kigali City,-1.9441,30.0619,19.45,8.62,0.88
2021-02-05,Kigali City,-1.9441,30.0619,19.04,40.77,0.89
2021-02-06,Kigali City,-1.9441,30.0619,19.7,13.17,0.89
2021-02-07,Kigali City,-1.9441,30.0619,20.08,1.93,0.9
2021-02-08,Kigali City,-1.9441,30.0619,20.35,0.72,0.89
2021-02-09,Kigali City,-1.9441,30.0619,20.53,4.35,0.89
2021-02-10,Kigali City,-1.9441,30.0619,20.93,8.31,0.89
2021-02-11,Kigali City,-1.9441,30.0619,19.84,36.79,0.9
2021-02-12,Kigali City,-1.9441,30.0619,19.53,46.35,0.92
2021-02-13,Kigali City,-1.9441,30.0619,19.59,1.75,0.93
2021-02-14,Kigali City,-1.9441,30.0619,19.01,3.54,0.93
2021-02-15,Kigali City,-1.9441,30.0619,19.69,5.6,0.93
2021-02-16,Kigali City,-1.9441,30.0619,20.02,26.32,0.93
2021-02-17,Kigali City,-1.9441,30.0619,20.1,25.97,0.94
2021-02-18,Kigali City,-1.9441,30.0619,20.06,3.81,0.94
2021-02-19,Kigali City,-1.9441,30.0619,19.9,1.33,0.94
2021-02-20,Kigali City,-1.9441,30.0619,20.04,0.96,0.94
2021-02-21,Kigali City,-1.9441,30.0619,19.79,2.49,0.93
2021-02-22,Kigali City,-1.9441,30.0619,19.48,1.46,0.93
2021-02-23,Kigali City,-1.9441,30.0619,18.09,3.43,0.93
2021-02-24,Kigali City,-1.9441,30.0619,18.99,2.83,0.93
2021-02-25,Kigali City,-1.9441,30.0619,19.39,0.25,0.93
2021-02-26,Kigali City,-1.9441,30.0619,19.21,2.1,0.93
2021-02-27,Kigali City,-1.9441,30.0619,19.45,0.54,0.92
2021-02-28,Kigali City,-1.9441,30.0619,19.7,0.51,0.92
2021-03-01,Kigali City,-1.9441,30.0619,20.01,0.76,0.92
2021-03-02,Kigali City,-1.9441,30.0619,19.93,1.41,0.91
2021-03-03,Kigali City,-1.9441,30.0619,20.47,1.3,0.91
2021-03-04,Kigali City,-1.9441,30.0619,20.04,4.26,0.91
2021-03-05,Kigali City,-1.9441,30.0619,19.0,10.68,0.91
2021-03-06,Kigali City,-1.9441,30.0619,19.1,3.73,0.92
2021-03-07,Kigali City,-1.9441,30.0619,18.22,1.94,0.91
2021-03-08,Kigali City,-1.9441,30.0619,19.57,0.63,0.91
2021-03-09,Kigali City,-1.9441,30.0619,19.44,11.14,0.91
2021-03-10,Kigali City,-1.9441,30.0619,19.24,0.82,0.91
2021-03-11,Kigali City,-1.9441,30.0619,19.65,0.04,0.91
2021-03-12,Kigali City,-1.9441,30.0619,19.47,0.01,0.91
2021-03-13,Kigali City,-1.9441,30.0619,19.64,0.02,0.9
2021-03-14,Kigali City,-1.9441,30.0619,19.77,0.05,0.9
2021-03-15,Kigali City,-1.9441,30.0619,19.76,1.06,0.89
2021-03-16,Kigali City,-1.9441,30.0619,19.27,1.73,0.89
2021-03-17,Kigali City,-1.9441,30.0619,18.16,2.81,0.89
2021-03-18,Kigali City,-1.9441,30.0619,18.91,0.42,0.89
2021-03-19,Kigali City,-1.9441,30.0619,19.35,0.94,0.89
2021-03-20,Kigali City,-1.9441,30.0619,18.74,2.76,0.89
2021-03-21,Kigali City,-1.9441,30.0619,18.08,3.73,0.89
2021-03-22,Kigali City,-1.9441,30.0619,18.11,2.18,0.89
2021-03-23,Kigali City,-1.9441,30.0619,18.74,1.3,0.88
2021-03-24,Kigali City,-1.9441,30.0619,18.72,3.99,0.88
2021-03-25,Kigali City,-1.9441,30.0619,19.61,1.1,0.88
2021-03-26,Kigali City,-1.9441,30.0619,19.96,0.56,0.88
2021-03-27,Kigali City,-1.9441,30.0619,18.97,0.12,0.88
2021-03-28,Kigali City,-1.9441,30.0619,19.61,0.07,0.88
2021-03-29,Kigali City,-1.9441,30.0619,19.69,1.2,0.87
2021-03-30,Kigali City,-1.9441,30.0619,18.75,10.44,0.87
2021-03-31,Kigali City,-1.9441,30.0619,18.16,2.64,0.87
2021-04-01,Kigali City,-1.9441,30.0619,18.73,1.39,0.87
2021-04-02,Kigali City,-1.9441,30.0619,19.27,3.48,0.87
2021-04-03,Kigali City,-1.9441,30.0619,18.87,3.33,0.87
2021-04-04,Kigali City,-1.9441,30.0619,18.27,6.03,0.87
2021-04-05,Kigali City,-1.9441,30.0619,19.39,4.37,0.87
2021-04-06,Kigali City,-1.9441,30.0619,18.76,9.18,0.87
2021-04-07,Kigali City,-1.9441,30.0619,18.51,2.75,0.88
2021-04-08,Kigali City,-1.9441,30.0619,18.63,11.75,0.88
2021-04-09,Kigali City,-1.9441,30.0619,18.17,40.06,0.89
2021-04-10,Kigali City,-1.9441,30.0619,19.17,3.17,0.9
2021-04-11,Kigali City,-1.9441,30.0619,18.59,10.83,0.9
2021-04-12,Kigali City,-1.9441,30.0619,18.55,3.99,0.9
2021-04-13,Kigali City,-1.9441,30.0619,18.56,3.8,0.9
2021-04-14,Kigali City,-1.9441,30.0619,18.87,4.02,0.9
2021-04-15,Kigali City,-1.9441,30.0619,19.69,3.36,0.9
2021-04-16,Kigali City,-1.9441,30.0619,19.62,0.89,0.9
2021-04-17,Kigali City,-1.9441,30.0619,19.23,1.61,0.89
2021-04-18,Kigali City,-1.9441,30.0619,19.36,2.85,0.89
2021-04-19,Kigali City,-1.9441,30.0619,18.86,1.88,0.89
2021-04-20,Kigali City,-1.9441,30.0619,17.77,17.62,0.9
2021-04-21,Kigali City,-1.9441,30.0619,18.62,6.41,0.9
2021-04-22,Kigali City,-1.9441,30.0619,19.11,5.81,0.9
2021-04-23,Kigali City,-1.9441,30.0619,18.46,15.17,0.9
2021-04-24,Kigali City,-1.9441,30.0619,18.78,2.12,0.9
2021-04-25,Kigali City,-1.9441,30.0619,18.89,25.29,0.9
2021-04-26,Kigali City,-1.9441,30.0619,18.83,0.97,0.91
2021-04-27,Kigali City,-1.9441,30.0619,19.53,0.44,0.91
2021-04-28,Kigali City,-1.9441,30.0619,18.81,2.28,0.91
2021-04-29,Kigali City,-1.9441,30.0619,19.2,0.77,0.91
2021-04-30,Kigali City,-1.9441,30.0619,19.38,0.67,0.9
2021-05-01,Kigali City,-1.9441,30.0619,19.7,2.07,0.9
2021-05-02,Kigali City,-1.9441,30.0619,19.61,3.52,0.9
2021-05-03,Kigali City,-1.9441,30.0619,19.25,1.89,0.9
2021-05-04,Kigali City,-1.9441,30.0619,18.92,2.69,0.9
2021-05-05,Kigali City,-1.9441,30.0619,19.29,1.61,0.9
2021-05-06,Kigali City,-1.9441,30.0619,19.29,5.21,0.89
2021-05-07,Kigali City,-1.9441,30.0619,18.56,2.7,0.9
2021-05-08,Kigali City,-1.9441,30.0619,18.84,6.73,0.9
2021-05-09,Kigali City,-1.9441,30.0619,19.11,5.24,0.9
2021-05-10,Kigali City,-1.9441,30.0619,17.17,3.96,0.9
2021-05-11,Kigali City,-1.9441,30.0619,17.9,21.74,0.9
2021-05-12,Kigali City,-1.9441,30.0619,17.91,8.02,0.91
2021-05-13,Kigali City,-1.9441,30.0619,18.97,3.33,0.91
2021-05-14,Kigali City,-1.9441,30.0619,19.13,6.42,0.91
2021-05-15,Kigali City,-1.9441,30.0619,19.16,5.06,0.91
2021-05-16,Kigali City,-1.9441,30.0619,19.91,0.81,0.91
2021-05-17,Kigali City,-1.9441,30.0619,19.88,0.62,0.91
2021-05-18,Kigali City,-1.9441,30.0619,19.72,1.73,0.91
2021-05-19,Kigali City,-1.9441,30.0619,19.45,0.8,0.9
2021-05-20,Kigali City,-1.9441,30.0619,19.43,0.79,0.9
2021-05-21,Kigali City,-1.9441,30.0619,19.65,1.44,0.9
2021-05-22,Kigali City,-1.9441,30.0619,19.86,0.48,0.9
2021-05-23,Kigali City,-1.9441,30.0619,18.97,0.34,0.9
2021-05-24,Kigali City,-1.9441,30.0619,17.87,0.44,0.89
2021-05-25,Kigali City,-1.9441,30.0619,17.88,0.11,0.89
2021-05-26,Kigali City,-1.9441,30.0619,18.06,0.02,0.89
2021-05-27,Kigali City,-1.9441,30.0619,18.69,0.21,0.88
2021-05-28,Kigali City,-1.9441,30.0619,18.83,0.01,0.88
2021-05-29,Kigali City,-1.9441,30.0619,19.41,0.08,0.88
2021-05-30,Kigali City,-1.9441,30.0619,18.86,0.07,0.88
2021-05-31,Kigali City,-1.9441,30.0619,18.79,0.72,0.87
2021-06-01,Kigali City,-1.9441,30.0619,18.78,1.36,0.87
2021-06-02,Kigali City,-1.9441,30.0619,18.76,0.19,0.87
2021-06-03,Kigali City,-1.9441,30.0619,18.79,0.71,0.87
2021-06-04,Kigali City,-1.9441,30.0619,18.27,0.39,0.86
2021-06-05,Kigali City,-1.9441,30.0619,18.74,0.1,0.86
2021-06-06,Kigali City,-1.9441,30.0619,18.08,0.33,0.86
2021-06-07,Kigali City,-1.9441,30.0619,17.82,0.12,0.86
2021-06-08,Kigali City,-1.9441,30.0619,17.69,0.07,0.85
2021-06-09,Kigali City,-1.9441,30.0619,17.79,0.03,0.85
2021-06-10,Kigali City,-1.9441,30.0619,17.83,0.34,0.85
2021-06-11,Kigali City,-1.9441,30.0619,17.96,0.17,0.85
2021-06-12,Kigali City,-1.9441,30.0619,17.87,0.06,0.84
2021-06-13,Kigali City,-1.9441,30.0619,17.93,0.03,0.84
2021-06-14,Kigali City,-1.9441,30.0619,18.37,0.73,0.84
2021-06-15,Kigali City,-1.9441,30.0619,18.98,0.56,0.84
2021-06-16,Kigali City,-1.9441,30.0619,18.35,4.9,0.84
2021-06-17,Kigali City,-1.9441,30.0619,17.77,3.13,0.84
2021-06-18,Kigali City,-1.9441,30.0619,16.63,5.55,0.84
2021-06-19,Kigali City,-1.9441,30.0619,17.37,1.33,0.84
2021-06-20,Kigali City,-1.9441,30.0619,17.83,0.1,0.84
2021-06-21,Kigali City,-1.9441,30.0619,16.65,0.02,0.83
2021-06-22,Kigali City,-1.9441,30.0619,16.56,0.03,0.83
2021-06-23,Kigali City,-1.9441,30.0619,17.51,0.01,0.83
2021-06-24,Kigali City,-1.9441,30.0619,17.94,0.0,0.83
2021-06-25,Kigali City,-1.9441,30.0619,17.93,0.05,0.82
2021-06-26,Kigali City,-1.9441,30.0619,17.93,0.14,0.82
2021-06-27,Kigali City,-1.9441,30.0619,17.48,0.01,0.82
2021-06-28,Kigali City,-1.9441,30.0619,16.91,0.25,0.82
2021-06-29,Kigali City,-1.9441,30.0619,16.67,0.26,0.81
2021-06-30,Kigali City,-1.9441,30.0619,17.36,0.09,0.81
2021-07-01,Kigali City,-1.9441,30.0619,18.11,0.16,0.81
2021-07-02,Kigali City,-1.9441,30.0619,18.41,0.07,0.81
2021-07-03,Kigali City,-1.9441,30.0619,18.34,0.02,0.8
2021-07-04,Kigali City,-1.9441,30.0619,17.99,0.0,0.8
2021-07-05,Kigali City,-1.9441,30.0619,17.48,0.01,0.8
2021-07-06,Kigali City,-1.9441,30.0619,17.13,0.01,0.8
2021-07-07,Kigali City,-1.9441,30.0619,17.02,0.01,0.79
2021-07-08,Kigali City,-1.9441,30.0619,17.13,0.51,0.79
2021-07-09,Kigali City,-1.9441,30.0619,17.18,1.12,0.79
2021-07-10,Kigali City,-1.9441,30.0619,16.79,0.77,0.79
2021-07-11,Kigali City,-1.9441,30.0619,17.12,0.42,0.79
2021-07-12,Kigali City,-1.9441,30.0619,17.62,0.14,0.79
2021-07-13,Kigali City,-1.9441,30.0619,18.47,1.24,0.78
2021-07-14,Kigali City,-1.9441,30.0619,17.51,6.59,0.79
2021-07-15,Kigali City,-1.9441,30.0619,17.73,1.58,0.79
2021-07-16,Kigali City,-1.9441,30.0619,17.27,0.46,0.79
2021-07-17,Kigali City,-1.9441,30.0619,16.78,0.15,0.78
2021-07-18,Kigali City,-1.9441,30.0619,16.92,0.19,0.78
2021-07-19,Kigali City,-1.9441,30.0619,17.32,0.01,0.78
2021-07-20,Kigali City,-1.9441,30.0619,17.7,0.0,0.78
2021-07-21,Kigali City,-1.9441,30.0619,17.91,0.0,0.77
2021-07-22,Kigali City,-1.9441,30.0619,17.15,0.0,0.77
2021-07-23,Kigali City,-1.9441,30.0619,18.21,0.0,0.77
2021-07-24,Kigali City,-1.9441,30.0619,16.71,0.0,0.77
2021-07-25,Kigali City,-1.9441,30.0619,16.65,0.01,0.76
2021-07-26,Kigali City,-1.9441,30.0619,16.2,0.0,0.76
2021-07-27,Kigali City,-1.9441,30.0619,16.5,0.0,0.76
2021-07-28,Kigali City,-1.9441,30.0619,17.66,0.0,0.76
2021-07-29,Kigali City,-1.9441,30.0619,18.15,0.0,0.76
2021-07-30,Kigali City,-1.9441,30.0619,17.97,0.05,0.75
2021-07-31,Kigali City,-1.9441,30.0619,16.74,0.0,0.75
2021-08-01,Kigali City,-1.9441,30.0619,16.81,0.47,0.75
2021-08-02,Kigali City,-1.9441,30.0619,18.02,0.3,0.75
2021-08-03,Kigali City,-1.9441,30.0619,19.05,0.14,0.75
2021-08-04,Kigali City,-1.9441,30.0619,19.18,0.45,0.75
2021-08-05,Kigali City,-1.9441,30.0619,19.22,0.84,0.74
2021-08-06,Kigali City,-1.9441,30.0619,18.93,0.75,0.74
2021-08-07,Kigali City,-1.9441,30.0619,19.27,0.43,0.74
2021-08-08,Kigali City,-1.9441,30.0619,19.63,1.41,0.74
2021-08-09,Kigali City,-1.9441,30.0619,19.71,9.93,0.74
2021-08-10,Kigali City,-1.9441,30.0619,18.62,29.41,0.75
2021-08-11,Kigali City,-1.9441,30.0619,18.58,8.26,0.77
2021-08-12,Kigali City,-1.9441,30.0619,18.77,1.55,0.77
2021-08-13,Kigali City,-1.9441,30.0619,19.78,2.5,0.76
2021-08-14,Kigali City,-1.9441,30.0619,19.09,0.76,0.76
2021-08-15,Kigali City,-1.9441,30.0619,18.26,0.11,0.76
2021-08-16,Kigali City,-1.9441,30.0619,18.0,0.04,0.76
2021-08-17,Kigali City,-1.9441,30.0619,18.91,0.17,0.76
2021-08-18,Kigali City,-1.9441,30.0619,19.53,0.22,0.75
2021-08-19,Kigali City,-1.9441,30.0619,19.65,1.61,0.75
2021-08-20,Kigali City,-1.9441,30.0619,19.02,2.27,0.75
2021-08-21,Kigali City,-1.9441,30.0619,19.56,3.38,0.75
2021-08-22,Kigali City,-1.9441,30.0619,19.71,0.75,0.75
2021-08-23,Kigali City,-1.9441,30.0619,19.91,0.24,0.75
2021-08-24,Kigali City,-1.9441,30.0619,19.52,0.0,0.75
2021-08-25,Kigali City,-1.9441,30.0619,19.64,0.0,0.74
2021-08-26,Kigali City,-1.9441,30.0619,19.94,0.0,0.74
2021-08-27,Kigali City,-1.9441,30.0619,19.95,0.0,0.74
2021-08-28,Kigali City,-1.9441,30.0619,20.48,0.0,0.74
2021-08-29,Kigali City,-1.9441,30.0619,21.23,0.24,0.73
2021-08-30,Kigali City,-1.9441,30.0619,20.81,2.14,0.73
2021-08-31,Kigali City,-1.9441,30.0619,21.0,1.25,0.73
2021-09-01,Kigali City,-1.9441,30.0619,19.85,3.06,0.73
2021-09-02,Kigali City,-1.9441,30.0619,19.5,5.12,0.73
2021-09-03,Kigali City,-1.9441,30.0619,19.99,5.48,0.73
2021-09-04,Kigali City,-1.9441,30.0619,19.65,0.66,0.73
2021-09-05,Kigali City,-1.9441,30.0619,20.58,2.13,0.73
2021-09-06,Kigali City,-1.9441,30.0619,19.81,3.45,0.73
2021-09-07,Kigali City,-1.9441,30.0619,20.08,11.0,0.73
2021-09-08,Kigali City,-1.9441,30.0619,20.09,1.17,0.74
2021-09-09,Kigali City,-1.9441,30.0619,20.11,1.09,0.73
2021-09-10,Kigali City,-1.9441,30.0619,20.1,0.25,0.73
2021-09-11,Kigali City,-1.9441,30.0619,19.44,0.21,0.73
2021-09-12,Kigali City,-1.9441,30.0619,20.02,0.14,0.73
2021-09-13,Kigali City,-1.9441,30.0619,20.25,1.46,0.73
2021-09-14,Kigali City,-1.9441,30.0619,20.96,0.14,0.73
2021-09-15,Kigali City,-1.9441,30.0619,21.88,1.73,0.72
2021-09-16,Kigali City,-1.9441,30.0619,21.02,61.46,0.73
2021-09-17,Kigali City,-1.9441,30.0619,19.09,17.3,0.76
2021-09-18,Kigali City,-1.9441,30.0619,17.28,26.51,0.77
2021-09-19,Kigali City,-1.9441,30.0619,18.43,0.42,0.77
2021-09-20,Kigali City,-1.9441,30.0619,19.79,0.05,0.77
2021-09-21,Kigali City,-1.9441,30.0619,20.67,0.01,0.77
2021-09-22,Kigali City,-1.9441,30.0619,19.67,0.71,0.77
2021-09-23,Kigali City,-1.9441,30.0619,19.34,2.91,0.76
2021-09-24,Kigali City,-1.9441,30.0619,19.93,1.95,0.76
2021-09-25,Kigali City,-1.9441,30.0619,18.5,1.16,0.76
2021-09-26,Kigali City,-1.9441,30.0619,18.94,1.13,0.76
2021-09-27,Kigali City,-1.9441,30.0619,20.42,1.13,0.76
2021-09-28,Kigali City,-1.9441,30.0619,20.33,1.37,0.76
2021-09-29,Kigali City,-1.9441,30.0619,20.7,0.42,0.76
2021-09-30,Kigali City,-1.9441,30.0619,20.86,0.78,0.75
2021-10-01,Kigali City,-1.9441,30.0619,20.72,1.87,0.75
2021-10-02,Kigali City,-1.9441,30.0619,20.78,2.22,0.75
2021-10-03,Kigali City,-1.9441,30.0619,19.75,4.18,0.75
2021-10-04,Kigali City,-1.9441,30.0619,20.01,0.45,0.75
2021-10-05,Kigali City,-1.9441,30.0619,20.71,0.71,0.75
2021-10-06,Kigali City,-1.9441,30.0619,20.78,0.79,0.75
2021-10-07,Kigali City,-1.9441,30.0619,21.31,0.1,0.74
2021-10-08,Kigali City,-1.9441,30.0619,21.15,0.06,0.74
2021-10-09,Kigali City,-1.9441,30.0619,21.35,1.9,0.74
2021-10-10,Kigali City,-1.9441,30.0619,21.21,1.72,0.74
2021-10-11,Kigali City,-1.9441,30.0619,20.43,3.48,0.74
2021-10-12,Kigali City,-1.9441,30.0619,20.99,0.21,0.74
2021-10-13,Kigali City,-1.9441,30.0619,20.04,0.18,0.73
2021-10-14,Kigali City,-1.9441,30.0619,20.42,0.47,0.73
2021-10-15,Kigali City,-1.9441,30.0619,20.54,0.94,0.73
2021-10-16,Kigali City,-1.9441,30.0619,20.87,1.66,0.73
2021-10-17,Kigali City,-1.9441,30.0619,21.0,2.81,0.73
2021-10-18,Kigali City,-1.9441,30.0619,21.3,4.79,0.73
2021-10-19,Kigali City,-1.9441,30.0619,20.6,5.05,0.73
2021-10-20,Kigali City,-1.9441,30.0619,18.59,3.6,0.73
2021-10-21,Kigali City,-1.9441,30.0619,18.9,4.97,0.73
2021-10-22,Kigali City,-1.9441,30.0619,19.75,3.1,0.73
2021-10-23,Kigali City,-1.9441,30.0619,19.49,6.56,0.73
2021-10-24,Kigali City,-1.9441,30.0619,21.08,0.25,0.73
2021-10-25,Kigali City,-1.9441,30.0619,21.64,0.4,0.73
2021-10-26,Kigali City,-1.9441,30.0619,21.08,1.4,0.73
2021-10-27,Kigali City,-1.9441,30.0619,19.76,5.41,0.73
2021-10-28,Kigali City,-1.9441,30.0619,19.54,2.7,0.73
2021-10-29,Kigali City,-1.9441,30.0619,20.34,2.16,0.73
2021-10-30,Kigali City,-1.9441,30.0619,19.85,4.14,0.73
2021-10-31,Kigali City,-1.9441,30.0619,20.62,4.11,0.73
2021-11-01,Kigali City,-1.9441,30.0619,19.93,9.8,0.73
2021-11-02,Kigali City,-1.9441,30.0619,19.68,21.25,0.73
2021-11-03,Kigali City,-1.9441,30.0619,19.3,32.62,0.75
2021-11-04,Kigali City,-1.9441,30.0619,19.92,6.87,0.76
2021-11-05,Kigali City,-1.9441,30.0619,18.94,12.5,0.77
2021-11-06,Kigali City,-1.9441,30.0619,19.75,6.45,0.77
2021-11-07,Kigali City,-1.9441,30.0619,19.92,1.03,0.77
2021-11-08,Kigali City,-1.9441,30.0619,20.36,0.05,0.77
2021-11-09,Kigali City,-1.9441,30.0619,19.01,0.06,0.76
2021-11-10,Kigali City,-1.9441,30.0619,20.04,1.85,0.76
2021-11-11,Kigali City,-1.9441,30.0619,19.63,1.51,0.76
2021-11-12,Kigali City,-1.9441,30.0619,20.58,0.83,0.76
2021-11-13,Kigali City,-1.9441,30.0619,19.88,0.73,0.75
2021-11-14,Kigali City,-1.9441,30.0619,20.27,1.2,0.75
2021-11-15,Kigali City,-1.9441,30.0619,19.86,2.06,0.75
2021-11-16,Kigali City,-1.9441,30.0619,19.79,29.98,0.75
2021-11-17,Kigali City,-1.9441,30.0619,18.99,5.51,0.76
2021-11-18,Kigali City,-1.9441,30.0619,19.69,2.32,0.76
2021-11-19,Kigali City,-1.9441,30.0619,19.51,1.65,0.76
2021-11-20,Kigali City,-1.9441,30.0619,20.01,1.65,0.76
2021-11-21,Kigali City,-1.9441,30.0619,19.67,6.5,0.76
2021-11-22,Kigali City,-1.9441,30.0619,19.4,1.57,0.76
2021-11-23,Kigali City,-1.9441,30.0619,19.61,1.68,0.76
2021-11-24,Kigali City,-1.9441,30.0619,19.95,0.83,0.76
2021-11-25,Kigali City,-1.9441,30.0619,19.9,2.53,0.75
2021-11-26,Kigali City,-1.9441,30.0619,18.35,8.4,0.76
2021-11-27,Kigali City,-1.9441,30.0619,17.85,3.86,0.76
2021-11-28,Kigali City,-1.9441,30.0619,18.62,2.27,0.76
2021-11-29,Kigali City,-1.9441,30.0619,18.44,1.89,0.76
2021-11-30,Kigali City,-1.9441,30.0619,18.88,2.58,0.76
2021-12-01,Kigali City,-1.9441,30.0619,19.61,2.96,0.76
2021-12-02,Kigali City,-1.9441,30.0619,19.33,2.78,0.75
2021-12-03,Kigali City,-1.9441,30.0619,18.55,5.91,0.76
2021-12-04,Kigali City,-1.9441,30.0619,19.06,0.87,0.75
2021-12-05,Kigali City,-1.9441,30.0619,18.57,1.37,0.75
2021-12-06,Kigali City,-1.9441,30.0619,19.42,0.45,0.75
2021-12-07,Kigali City,-1.9441,30.0619,19.21,3.16,0.75
2021-12-08,Kigali City,-1.9441,30.0619,19.14,2.06,0.75
2021-12-09,Kigali City,-1.9441,30.0619,19.83,1.76,0.75
2021-12-10,Kigali City,-1.9441,30.0619,19.37,13.01,0.75
2021-12-11,Kigali City,-1.9441,30.0619,19.75,12.23,0.76
2021-12-12,Kigali City,-1.9441,30.0619,19.79,12.67,0.76
2021-12-13,Kigali City,-1.9441,30.0619,19.32,6.17,0.77
2021-12-14,Kigali City,-1.9441,30.0619,18.68,11.47,0.77
2021-12-15,Kigali City,-1.9441,30.0619,19.49,7.41,0.77
2021-12-16,Kigali City,-1.9441,30.0619,19.45,4.69,0.77
2021-12-17,Kigali City,-1.9441,30.0619,19.44,3.82,0.78
2021-12-18,Kigali City,-1.9441,30.0619,19.7,0.68,0.77
2021-12-19,Kigali City,-1.9441,30.0619,20.0,1.18,0.77
2021-12-20,Kigali City,-1.9441,30.0619,19.47,1.17,0.77
2021-12-21,Kigali City,-1.9441,30.0619,19.16,4.15,0.77
2021-12-22,Kigali City,-1.9441,30.0619,19.68,3.69,0.77
2021-12-23,Kigali City,-1.9441,30.0619,19.98,2.71,0.77
2021-12-24,Kigali City,-1.9441,30.0619,19.97,4.6,0.77
2021-12-25,Kigali City,-1.9441,30.0619,19.47,2.98,0.77
2021-12-26,Kigali City,-1.9441,30.0619,18.73,30.47,0.77
2021-12-27,Kigali City,-1.9441,30.0619,18.19,13.32,0.79
2021-12-28,Kigali City,-1.9441,30.0619,18.38,2.19,0.79
2021-12-29,Kigali City,-1.9441,30.0619,19.18,6.05,0.79
2021-12-30,Kigali City,-1.9441,30.0619,19.58,19.9,0.8
2021-12-31,Kigali City,-1.9441,30.0619,19.53,9.11,0.8
2022-01-01,Kigali City,-1.9441,30.0619,19.31,0.81,0.81
2022-01-02,Kigali City,-1.9441,30.0619,19.21,0.34,0.8
2022-01-03,Kigali City,-1.9441,30.0619,19.62,1.63,0.8
2022-01-04,Kigali City,-1.9441,30.0619,19.42,1.58,0.8
2022-01-05,Kigali City,-1.9441,30.0619,19.66,0.12,0.8
2022-01-06,Kigali City,-1.9441,30.0619,19.83,0.01,0.79
2022-01-07,Kigali City,-1.9441,30.0619,20.25,0.02,0.79
2022-01-08,Kigali City,-1.9441,30.0619,20.55,0.06,0.79
2022-01-09,Kigali City,-1.9441,30.0619,20.17,0.03,0.79
2022-01-10,Kigali City,-1.9441,30.0619,20.36,0.0,0.78
2022-01-11,Kigali City,-1.9441,30.0619,19.36,0.47,0.78
2022-01-12,Kigali City,-1.9441,30.0619,20.37,0.16,0.78
2022-01-13,Kigali City,-1.9441,30.0619,20.69,0.05,0.77
2022-01-14,Kigali City,-1.9441,30.0619,20.85,2.04,0.77
2022-01-15,Kigali City,-1.9441,30.0619,20.05,5.24,0.77
2022-01-16,Kigali City,-1.9441,30.0619,18.88,6.71,0.77
2022-01-17,Kigali City,-1.9441,30.0619,18.21,8.02,0.78
2022-01-18,Kigali City,-1.9441,30.0619,18.86,2.82,0.78
2022-01-19,Kigali City,-1.9441,30.0619,18.48,16.81,0.79
2022-01-20,Kigali City,-1.9441,30.0619,19.25,27.04,0.79
2022-01-21,Kigali City,-1.9441,30.0619,18.86,0.65,0.8
2022-01-22,Kigali City,-1.9441,30.0619,19.5,5.4,0.8
2022-01-23,Kigali City,-1.9441,30.0619,19.34,11.18,0.8
2022-01-24,Kigali City,-1.9441,30.0619,19.42,7.06,0.81
2022-01-25,Kigali City,-1.9441,30.0619,19.93,0.4,0.81
2022-01-26,Kigali City,-1.9441,30.0619,20.12,0.31,0.81
2022-01-27,Kigali City,-1.9441,30.0619,19.99,0.77,0.8
2022-01-28,Kigali City,-1.9441,30.0619,19.89,4.78,0.8
2022-01-29,Kigali City,-1.9441,30.0619,20.26,7.95,0.8
2022-01-30,Kigali City,-1.9441,30.0619,20.17,22.93,0.8
2022-01-31,Kigali City,-1.9441,30.0619,19.02,17.91,0.82
2022-02-01,Kigali City,-1.9441,30.0619,19.35,2.83,0.82
2022-02-02,Kigali City,-1.9441,30.0619,19.38,23.04,0.82
2022-02-03,Kigali City,-1.9441,30.0619,19.01,8.78,0.84
2022-02-04,Kigali City,-1.9441,30.0619,19.83,1.12,0.84
2022-02-05,Kigali City,-1.9441,30.0619,18.23,24.22,0.84
2022-02-06,Kigali City,-1.9441,30.0619,19.39,11.86,0.85
2022-02-07,Kigali City,-1.9441,30.0619,19.25,49.49,0.86
2022-02-08,Kigali City,-1.9441,30.0619,19.2,11.45,0.87
2022-02-09,Kigali City,-1.9441,30.0619,19.48,25.53,0.88
2022-02-10,Kigali City,-1.9441,30.0619,19.48,16.93,0.89
2022-02-11,Kigali City,-1.9441,30.0619,19.72,20.4,0.9
2022-02-12,Kigali City,-1.9441,30.0619,19.45,10.51,0.9
2022-02-13,Kigali City,-1.9441,30.0619,20.06,5.51,0.91
2022-02-14,Kigali City,-1.9441,30.0619,19.98,5.73,0.91
2022-02-15,Kigali City,-1.9441,30.0619,19.41,3.03,0.91
2022-02-16,Kigali City,-1.9441,30.0619,19.09,7.52,0.91
2022-02-17,Kigali City,-1.9441,30.0619,19.19,7.78,0.91
2022-02-18,Kigali City,-1.9441,30.0619,19.49,15.25,0.91
2022-02-19,Kigali City,-1.9441,30.0619,18.77,11.88,0.92
2022-02-20,Kigali City,-1.9441,30.0619,19.28,8.18,0.92
2022-02-21,Kigali City,-1.9441,30.0619,20.18,2.99,0.92
2022-02-22,Kigali City,-1.9441,30.0619,20.74,18.13,0.92
2022-02-23,Kigali City,-1.9441,30.0619,20.61,57.27,0.94
2022-02-24,Kigali City,-1.9441,30.0619,18.88,8.06,0.94
2022-02-25,Kigali City,-1.9441,30.0619,19.28,1.82,0.94
2022-02-26,Kigali City,-1.9441,30.0619,18.94,1.61,0.94
2022-02-27,Kigali City,-1.9441,30.0619,19.21,1.71,0.94
2022-02-28,Kigali City,-1.9441,30.0619,19.94,0.49,0.93
2022-03-01,Kigali City,-1.9441,30.0619,19.63,1.28,0.93
2022-03-02,Kigali City,-1.9441,30.0619,19.7,3.02,0.93
2022-03-03,Kigali City,-1.9441,30.0619,19.64,0.65,0.93
2022-03-04,Kigali City,-1.9441,30.0619,19.61,0.4,0.92
2022-03-05,Kigali City,-1.9441,30.0619,20.45,0.79,0.92
2022-03-06,Kigali City,-1.9441,30.0619,20.52,1.24,0.92
2022-03-07,Kigali City,-1.9441,30.0619,20.57,1.65,0.91
2022-03-08,Kigali City,-1.9441,30.0619,20.16,9.35,0.91
2022-03-09,Kigali City,-1.9441,30.0619,20.25,2.94,0.91
2022-03-10,Kigali City,-1.9441,30.0619,19.79,0.3,0.91
2022-03-11,Kigali City,-1.9441,30.0619,20.29,0.25,0.91
2022-03-12,Kigali City,-1.9441,30.0619,19.97,1.42,0.9
2022-03-13,Kigali City,-1.9441,30.0619,20.61,1.72,0.9
2022-03-14,Kigali City,-1.9441,30.0619,20.29,0.33,0.9
2022-03-15,Kigali City,-1.9441,30.0619,20.48,1.49,0.89
2022-03-16,Kigali City,-1.9441,30.0619,21.37,2.52,0.89
2022-03-17,Kigali City,-1.9441,30.0619,19.46,10.88,0.89
2022-03-18,Kigali City,-1.9441,30.0619,19.4,11.47,0.9
2022-03-19,Kigali City,-1.9441,30.0619,20.08,0.08,0.9
2022-03-20,Kigali City,-1.9441,30.0619,19.93,0.77,0.9
2022-03-21,Kigali City,-1.9441,30.0619,20.26,1.34,0.89
2022-03-22,Kigali City,-1.9441,30.0619,19.37,20.55,0.89
2022-03-23,Kigali City,-1.9441,30.0619,18.36,3.61,0.9
2022-03-24,Kigali City,-1.9441,30.0619,18.93,1.62,0.9
2022-03-25,Kigali City,-1.9441,30.0619,19.24,4.93,0.9
2022-03-26,Kigali City,-1.9441,30.0619,18.7,4.21,0.9
2022-03-27,Kigali City,-1.9441,30.0619,18.83,6.3,0.9
2022-03-28,Kigali City,-1.9441,30.0619,19.54,3.07,0.9
2022-03-29,Kigali City,-1.9441,30.0619,18.86,31.7,0.9
2022-03-30,Kigali City,-1.9441,30.0619,17.47,14.53,0.91
2022-03-31,Kigali City,-1.9441,30.0619,18.84,17.13,0.92
2022-04-01,Kigali City,-1.9441,30.0619,19.2,0.41,0.92
2022-04-02,Kigali City,-1.9441,30.0619,18.53,9.39,0.92
2022-04-03,Kigali City,-1.9441,30.0619,18.99,3.15,0.92
2022-04-04,Kigali City,-1.9441,30.0619,19.98,0.24,0.92
2022-04-05,Kigali City,-1.9441,30.0619,19.76,0.7,0.92
2022-04-06,Kigali City,-1.9441,30.0619,19.8,9.92,0.92
2022-04-07,Kigali City,-1.9441,30.0619,18.79,18.31,0.92
2022-04-08,Kigali City,-1.9441,30.0619,19.2,3.46,0.93
2022-04-09,Kigali City,-1.9441,30.0619,19.14,8.73,0.93
2022-04-10,Kigali City,-1.9441,30.0619,19.16,3.36,0.93
2022-04-11,Kigali City,-1.9441,30.0619,19.25,0.98,0.92
2022-04-12,Kigali City,-1.9441,30.0619,18.77,1.14,0.92
2022-04-13,Kigali City,-1.9441,30.0619,19.23,2.27,0.92
2022-04-14,Kigali City,-1.9441,30.0619,19.01,12.82,0.92
2022-04-15,Kigali City,-1.9441,30.0619,17.8,13.27,0.93
2022-04-16,Kigali City,-1.9441,30.0619,18.72,1.01,0.93
2022-04-17,Kigali City,-1.9441,30.0619,19.43,0.74,0.92
2022-04-18,Kigali City,-1.9441,30.0619,19.3,1.88,0.92
2022-04-19,Kigali City,-1.9441,30.0619,19.86,5.34,0.92
2022-04-20,Kigali City,-1.9441,30.0619,18.79,2.75,0.92
2022-04-21,Kigali City,-1.9441,30.0619,18.94,7.58,0.92
2022-04-22,Kigali City,-1.9441,30.0619,19.73,7.52,0.92
2022-04-23,Kigali City,-1.9441,30.0619,19.94,3.1,0.92
2022-04-24,Kigali City,-1.9441,30.0619,19.58,19.45,0.93
2022-04-25,Kigali City,-1.9441,30.0619,19.84,4.63,0.93
2022-04-26,Kigali City,-1.9441,30.0619,19.18,1.55,0.93
2022-04-27,Kigali City,-1.9441,30.0619,19.48,6.09,0.93
2022-04-28,Kigali City,-1.9441,30.0619,19.1,4.05,0.93
2022-04-29,Kigali City,-1.9441,30.0619,18.11,9.36,0.93
2022-04-30,Kigali City,-1.9441,30.0619,18.76,0.85,0.93
2022-05-01,Kigali City,-1.9441,30.0619,18.8,6.99,0.93
2022-05-02,Kigali City,-1.9441,30.0619,18.77,6.09,0.93
2022-05-03,Kigali City,-1.9441,30.0619,18.89,3.73,0.93
2022-05-04,Kigali City,-1.9441,30.0619,18.62,1.27,0.93
2022-05-05,Kigali City,-1.9441,30.0619,18.64,1.55,0.93
2022-05-06,Kigali City,-1.9441,30.0619,18.88,1.22,0.92
2022-05-07,Kigali City,-1.9441,30.0619,19.24,2.74,0.92
2022-05-08,Kigali City,-1.9441,30.0619,19.15,1.76,0.92
2022-05-09,Kigali City,-1.9441,30.0619,19.29,0.7,0.92
2022-05-10,Kigali City,-1.9441,30.0619,19.5,0.29,0.91
2022-05-11,Kigali City,-1.9441,30.0619,19.48,0.8,0.91
2022-05-12,Kigali City,-1.9441,30.0619,19.3,3.79,0.91
2022-05-13,Kigali City,-1.9441,30.0619,19.55,4.46,0.91
2022-05-14,Kigali City,-1.9441,30.0619,19.12,10.56,0.91
2022-05-15,Kigali City,-1.9441,30.0619,19.24,1.49,0.91
2022-05-16,Kigali City,-1.9441,30.0619,18.93,1.17,0.91
2022-05-17,Kigali City,-1.9441,30.0619,18.49,4.23,0.91
2022-05-18,Kigali City,-1.9441,30.0619,18.91,1.18,0.91
2022-05-19,Kigali City,-1.9441,30.0619,18.66,0.04,0.91
2022-05-20,Kigali City,-1.9441,30.0619,18.48,0.73,0.9
2022-05-21,Kigali City,-1.9441,30.0619,19.15,0.06,0.9
2022-05-22,Kigali City,-1.9441,30.0619,19.48,0.33,0.9
2022-05-23,Kigali City,-1.9441,30.0619,19.34,0.67,0.89
2022-05-24,Kigali City,-1.9441,30.0619,19.19,0.19,0.89
2022-05-25,Kigali City,-1.9441,30.0619,18.44,0.76,0.89
2022-05-26,Kigali City,-1.9441,30.0619,18.93,9.86,0.89
2022-05-27,Kigali City,-1.9441,30.0619,19.0,2.62,0.89
2022-05-28,Kigali City,-1.9441,30.0619,18.81,16.55,0.89
2022-05-29,Kigali City,-1.9441,30.0619,17.72,8.44,0.9
2022-05-30,Kigali City,-1.9441,30.0619,17.78,1.75,0.9
2022-05-31,Kigali City,-1.9441,30.0619,18.36,2.06,0.9
2022-06-01,Kigali City,-1.9441,30.0619,18.2,3.49,0.9
2022-06-02,Kigali City,-1.9441,30.0619,17.36,4.69,0.9
2022-06-03,Kigali City,-1.9441,30.0619,16.96,1.15,0.9
2022-06-04,Kigali City,-1.9441,30.0619,16.98,0.26,0.9
2022-06-05,Kigali City,-1.9441,30.0619,17.33,0.04,0.89
2022-06-06,Kigali City,-1.9441,30.0619,17.0,0.16,0.89
2022-06-07,Kigali City,-1.9441,30.0619,16.79,0.5,0.89
2022-06-08,Kigali City,-1.9441,30.0619,17.1,0.87,0.89
2022-06-09,Kigali City,-1.9441,30.0619,16.84,1.32,0.88
2022-06-10,Kigali City,-1.9441,30.0619,17.83,0.84,0.88
2022-06-11,Kigali City,-1.9441,30.0619,17.84,0.38,0.88
2022-06-12,Kigali City,-1.9441,30.0619,17.87,2.67,0.88
2022-06-13,Kigali City,-1.9441,30.0619,17.96,0.45,0.88
2022-06-14,Kigali City,-1.9441,30.0619,18.52,0.46,0.87
2022-06-15,Kigali City,-1.9441,30.0619,18.89,0.49,0.87
2022-06-16,Kigali City,-1.9441,30.0619,18.32,0.84,0.87
2022-06-17,Kigali City,-1.9441,30.0619,18.44,1.52,0.87
2022-06-18,Kigali City,-1.9441,30.0619,17.87,3.38,0.86
2022-06-19,Kigali City,-1.9441,30.0619,17.77,3.24,0.86
2022-06-20,Kigali City,-1.9441,30.0619,17.27,0.45,0.86
2022-06-21,Kigali City,-1.9441,30.0619,17.02,0.02,0.86
2022-06-22,Kigali City,-1.9441,30.0619,17.36,0.01,0.86
2022-06-23,Kigali City,-1.9441,30.0619,17.52,0.04,0.86
2022-06-24,Kigali City,-1.9441,30.0619,16.61,0.1,0.85
2022-06-25,Kigali City,-1.9441,30.0619,17.31,0.05,0.85
2022-06-26,Kigali City,-1.9441,30.0619,16.57,0.2,0.85
2022-06-27,Kigali City,-1.9441,30.0619,16.4,0.05,0.85
2022-06-28,Kigali City,-1.9441,30.0619,15.99,0.03,0.84
2022-06-29,Kigali City,-1.9441,30.0619,15.97,0.0,0.84
2022-06-30,Kigali City,-1.9441,30.0619,16.88,0.0,0.84
2022-07-01,Kigali City,-1.9441,30.0619,16.82,0.0,0.84
2022-07-02,Kigali City,-1.9441,30.0619,16.4,0.0,0.83
2022-07-03,Kigali City,-1.9441,30.0619,16.11,0.0,0.83
2022-07-04,Kigali City,-1.9441,30.0619,16.06,0.0,0.83
2022-07-05,Kigali City,-1.9441,30.0619,16.66,0.0,0.83
2022-07-06,Kigali City,-1.9441,30.0619,17.08,0.04,0.82
2022-07-07,Kigali City,-1.9441,30.0619,17.26,0.0,0.82
2022-07-08,Kigali City,-1.9441,30.0619,16.41,0.0,0.82
2022-07-09,Kigali City,-1.9441,30.0619,15.91,0.11,0.81
2022-07-10,Kigali City,-1.9441,30.0619,15.87,0.0,0.81
2022-07-11,Kigali City,-1.9441,30.0619,16.65,0.0,0.81
2022-07-12,Kigali City,-1.9441,30.0619,16.91,0.0,0.81
2022-07-13,Kigali City,-1.9441,30.0619,17.04,0.0,0.81
2022-07-14,Kigali City,-1.9441,30.0619,17.54,0.0,0.8
2022-07-15,Kigali City,-1.9441,30.0619,17.63,0.18,0.8
2022-07-16,Kigali City,-1.9441,30.0619,18.13,0.61,0.8
2022-07-17,Kigali City,-1.9441,30.0619,17.48,0.13,0.8
2022-07-18,Kigali City,-1.9441,30.0619,16.91,0.01,0.79
2022-07-19,Kigali City,-1.9441,30.0619,16.72,0.11,0.79
2022-07-20,Kigali City,-1.9441,30.0619,17.06,0.17,0.79
2022-07-21,Kigali City,-1.9441,30.0619,16.8,0.02,0.79
2022-07-22,Kigali City,-1.9441,30.0619,16.81,0.02,0.78
2022-07-23,Kigali City,-1.9441,30.0619,17.09,0.03,0.78
2022-07-24,Kigali City,-1.9441,30.0619,17.57,0.23,0.78
2022-07-25,Kigali City,-1.9441,30.0619,18.17,0.12,0.78
2022-07-26,Kigali City,-1.9441,30.0619,17.9,0.19,0.78
2022-07-27,Kigali City,-1.9441,30.0619,18.9,0.15,0.77
2022-07-28,Kigali City,-1.9441,30.0619,18.4,1.01,0.77
2022-07-29,Kigali City,-1.9441,30.0619,18.33,3.24,0.77
2022-07-30,Kigali City,-1.9441,30.0619,18.13,2.18,0.77
2022-07-31,Kigali City,-1.9441,30.0619,19.13,2.84,0.77
2022-08-01,Kigali City,-1.9441,30.0619,18.07,14.16,0.77
2022-08-02,Kigali City,-1.9441,30.0619,18.05,5.04,0.78
2022-08-03,Kigali City,-1.9441,30.0619,18.04,1.75,0.78
2022-08-04,Kigali City,-1.9441,30.0619,17.88,0.2,0.78
2022-08-05,Kigali City,-1.9441,30.0619,17.97,0.01,0.78
2022-08-06,Kigali City,-1.9441,30.0619,18.27,0.0,0.77
2022-08-07,Kigali City,-1.9441,30.0619,18.54,0.0,0.77
2022-08-08,Kigali City,-1.9441,30.0619,18.08,0.0,0.77
2022-08-09,Kigali City,-1.9441,30.0619,18.4,0.0,0.77
2022-08-10,Kigali City,-1.9441,30.0619,18.23,0.0,0.76
2022-08-11,Kigali City,-1.9441,30.0619,18.77,0.03,0.76
2022-08-12,Kigali City,-1.9441,30.0619,18.79,0.02,0.76
2022-08-13,Kigali City,-1.9441,30.0619,19.23,0.12,0.76
2022-08-14,Kigali City,-1.9441,30.0619,19.0,16.28,0.76
2022-08-15,Kigali City,-1.9441,30.0619,18.92,14.04,0.77
2022-08-16,Kigali City,-1.9441,30.0619,18.74,18.19,0.77
2022-08-17,Kigali City,-1.9441,30.0619,17.46,26.51,0.79
2022-08-18,Kigali City,-1.9441,30.0619,17.77,10.86,0.8
2022-08-19,Kigali City,-1.9441,30.0619,19.0,0.17,0.8
2022-08-20,Kigali City,-1.9441,30.0619,19.41,0.71,0.8
2022-08-21,Kigali City,-1.9441,30.0619,19.69,0.4,0.79
2022-08-22,Kigali City,-1.9441,30.0619,18.94,0.55,0.79
2022-08-23,Kigali City,-1.9441,30.0619,18.94,0.1,0.79
2022-08-24,Kigali City,-1.9441,30.0619,18.82,0.17,0.79
2022-08-25,Kigali City,-1.9441,30.0619,18.36,0.01,0.78
2022-08-26,Kigali City,-1.9441,30.0619,18.88,0.08,0.78
2022-08-27,Kigali City,-1.9441,30.0619,19.06,0.65,0.78
2022-08-28,Kigali City,-1.9441,30.0619,19.11,3.43,0.78
2022-08-29,Kigali City,-1.9441,30.0619,18.43,12.72,0.78
2022-08-30,Kigali City,-1.9441,30.0619,19.51,19.28,0.79
2022-08-31,Kigali City,-1.9441,30.0619,19.13,14.74,0.8
2022-09-01,Kigali City,-1.9441,30.0619,18.55,4.95,0.8
2022-09-02,Kigali City,-1.9441,30.0619,19.02,0.39,0.8
2022-09-03,Kigali City,-1.9441,30.0619,18.97,0.05,0.8
2022-09-04,Kigali City,-1.9441,30.0619,19.38,0.21,0.79
2022-09-05,Kigali City,-1.9441,30.0619,19.98,0.08,0.79
2022-09-06,Kigali City,-1.9441,30.0619,19.75,0.47,0.79
2022-09-07,Kigali City,-1.9441,30.0619,17.98,3.75,0.79
2022-09-08,Kigali City,-1.9441,30.0619,18.78,9.28,0.79
2022-09-09,Kigali City,-1.9441,30.0619,19.24,5.73,0.79
2022-09-10,Kigali City,-1.9441,30.0619,18.86,9.22,0.79
2022-09-11,Kigali City,-1.9441,30.0619,19.98,4.18,0.8
2022-09-12,Kigali City,-1.9441,30.0619,19.92,4.18,0.8
2022-09-13,Kigali City,-1.9441,30.0619,20.03,3.84,0.8
2022-09-14,Kigali City,-1.9441,30.0619,18.31,20.77,0.8
2022-09-15,Kigali City,-1.9441,30.0619,18.79,8.31,0.81
2022-09-16,Kigali City,-1.9441,30.0619,19.22,1.26,0.81
2022-09-17,Kigali City,-1.9441,30.0619,19.72,0.6,0.81
2022-09-18,Kigali City,-1.9441,30.0619,19.49,9.37,0.81
2022-09-19,Kigali City,-1.9441,30.0619,19.99,15.69,0.81
2022-09-20,Kigali City,-1.9441,30.0619,20.34,4.06,0.82
2022-09-21,Kigali City,-1.9441,30.0619,20.23,3.68,0.82
2022-09-22,Kigali City,-1.9441,30.0619,19.98,7.11,0.82
2022-09-23,Kigali City,-1.9441,30.0619,20.01,1.2,0.82
2022-09-24,Kigali City,-1.9441,30.0619,20.12,0.97,0.81
2022-09-25,Kigali City,-1.9441,30.0619,19.41,6.03,0.81
2022-09-26,Kigali City,-1.9441,30.0619,19.46,1.87,0.81
2022-09-27,Kigali City,-1.9441,30.0619,19.74,1.2,0.81
2022-09-28,Kigali City,-1.9441,30.0619,19.14,0.34,0.81
2022-09-29,Kigali City,-1.9441,30.0619,19.79,0.03,0.81
2022-09-30,Kigali City,-1.9441,30.0619,20.15,0.9,0.8
2022-10-01,Kigali City,-1.9441,30.0619,19.46,2.02,0.8
2022-10-02,Kigali City,-1.9441,30.0619,19.29,3.28,0.8
2022-10-03,Kigali City,-1.9441,30.0619,19.14,0.59,0.8
2022-10-04,Kigali City,-1.9441,30.0619,20.25,1.73,0.8
2022-10-05,Kigali City,-1.9441,30.0619,19.25,7.84,0.8
2022-10-06,Kigali City,-1.9441,30.0619,19.71,5.39,0.8
2022-10-07,Kigali City,-1.9441,30.0619,19.47,3.52,0.8
2022-10-08,Kigali City,-1.9441,30.0619,19.84,0.63,0.8
2022-10-09,Kigali City,-1.9441,30.0619,18.91,1.53,0.8
2022-10-10,Kigali City,-1.9441,30.0619,19.48,1.07,0.79
2022-10-11,Kigali City,-1.9441,30.0619,19.85,1.24,0.79
2022-10-12,Kigali City,-1.9441,30.0619,19.84,2.12,0.79
2022-10-13,Kigali City,-1.9441,30.0619,20.04,0.49,0.79
2022-10-14,Kigali City,-1.9441,30.0619,20.22,0.14,0.78
2022-10-15,Kigali City,-1.9441,30.0619,20.35,0.21,0.78
2022-10-16,Kigali City,-1.9441,30.0619,19.59,1.79,0.78
2022-10-17,Kigali City,-1.9441,30.0619,19.36,2.76,0.78
2022-10-18,Kigali City,-1.9441,30.0619,18.91,2.87,0.78
2022-10-19,Kigali City,-1.9441,30.0619,19.15,11.16,0.78
2022-10-20,Kigali City,-1.9441,30.0619,19.3,17.86,0.79
2022-10-21,Kigali City,-1.9441,30.0619,18.39,14.36,0.79
2022-10-22,Kigali City,-1.9441,30.0619,19.83,0.34,0.8
2022-10-23,Kigali City,-1.9441,30.0619,19.85,0.07,0.8
2022-10-24,Kigali City,-1.9441,30.0619,20.14,0.35,0.79
2022-10-25,Kigali City,-1.9441,30.0619,20.82,0.34,0.79
2022-10-26,Kigali City,-1.9441,30.0619,19.69,0.58,0.79
2022-10-27,Kigali City,-1.9441,30.0619,20.55,1.05,0.79
2022-10-28,Kigali City,-1.9441,30.0619,20.62,1.11,0.78
2022-10-29,Kigali City,-1.9441,30.0619,20.54,2.96,0.78
2022-10-30,Kigali City,-1.9441,30.0619,20.06,3.38,0.78
2022-10-31,Kigali City,-1.9441,30.0619,20.68,1.3,0.78
2022-11-01,Kigali City,-1.9441,30.0619,20.57,1.06,0.78
2022-11-02,Kigali City,-1.9441,30.0619,19.59,1.82,0.77
2022-11-03,Kigali City,-1.9441,30.0619,19.43,2.18,0.77
2022-11-04,Kigali City,-1.9441,30.0619,19.21,2.08,0.77
2022-11-05,Kigali City,-1.9441,30.0619,19.5,5.05,0.77
2022-11-06,Kigali City,-1.9441,30.0619,20.05,1.28,0.77
2022-11-07,Kigali City,-1.9441,30.0619,18.44,14.75,0.78
2022-11-08,Kigali City,-1.9441,30.0619,19.16,1.04,0.78
2022-11-09,Kigali City,-1.9441,30.0619,19.02,2.83,0.78
2022-11-10,Kigali City,-1.9441,30.0619,19.3,3.83,0.78
2022-11-11,Kigali City,-1.9441,30.0619,19.44,2.02,0.78
2022-11-12,Kigali City,-1.9441,30.0619,19.2,18.17,0.78
2022-11-13,Kigali City,-1.9441,30.0619,17.83,5.53,0.79
2022-11-14,Kigali City,-1.9441,30.0619,19.61,1.01,0.79
2022-11-15,Kigali City,-1.9441,30.0619,19.69,12.74,0.79
2022-11-16,Kigali City,-1.9441,30.0619,18.57,30.34,0.81
2022-11-17,Kigali City,-1.9441,30.0619,19.49,6.65,0.81
2022-11-18,Kigali City,-1.9441,30.0619,17.35,17.58,0.82
2022-11-19,Kigali City,-1.9441,30.0619,18.44,5.29,0.82
2022-11-20,Kigali City,-1.9441,30.0619,18.46,10.48,0.82
2022-11-21,Kigali City,-1.9441,30.0619,18.68,3.75,0.82
2022-11-22,Kigali City,-1.9441,30.0619,19.03,8.27,0.83
2022-11-23,Kigali City,-1.9441,30.0619,19.0,1.23,0.83
2022-11-24,Kigali City,-1.9441,30.0619,19.04,1.12,0.82
2022-11-25,Kigali City,-1.9441,30.0619,18.26,1.9,0.82
2022-11-26,Kigali City,-1.9441,30.0619,18.27,2.2,0.82
2022-11-27,Kigali City,-1.9441,30.0619,19.22,1.08,0.82
2022-11-28,Kigali City,-1.9441,30.0619,18.89,2.65,0.82
2022-11-29,Kigali City,-1.9441,30.0619,18.9,10.76,0.82
2022-11-30,Kigali City,-1.9441,30.0619,17.88,14.06,0.82
2022-12-01,Kigali City,-1.9441,30.0619,18.53,7.96,0.83
2022-12-02,Kigali City,-1.9441,30.0619,18.88,1.2,0.83
2022-12-03,Kigali City,-1.9441,30.0619,19.43,0.27,0.83
2022-12-04,Kigali City,-1.9441,30.0619,19.48,0.83,0.83
2022-12-05,Kigali City,-1.9441,30.0619,18.51,2.54,0.82
2022-12-06,Kigali City,-1.9441,30.0619,19.07,0.41,0.82
2022-12-07,Kigali City,-1.9441,30.0619,19.35,0.55,0.82
2022-12-08,Kigali City,-1.9441,30.0619,17.74,2.42,0.82
2022-12-09,Kigali City,-1.9441,30.0619,18.59,1.57,0.82
2022-12-10,Kigali City,-1.9441,30.0619,18.38,3.17,0.82
2022-12-11,Kigali City,-1.9441,30.0619,19.56,1.09,0.82
2022-12-12,Kigali City,-1.9441,30.0619,19.06,2.31,0.81
2022-12-13,Kigali City,-1.9441,30.0619,18.7,4.3,0.81
2022-12-14,Kigali City,-1.9441,30.0619,18.85,1.81,0.81
2022-12-15,Kigali City,-1.9441,30.0619,18.33,3.55,0.81
2022-12-16,Kigali City,-1.9441,30.0619,18.8,3.14,0.81
2022-12-17,Kigali City,-1.9441,30.0619,19.61,1.1,0.81
2022-12-18,Kigali City,-1.9441,30.0619,19.96,1.51,0.81
2022-12-19,Kigali City,-1.9441,30.0619,19.45,2.91,0.8
2022-12-20,Kigali City,-1.9441,30.0619,19.51,13.38,0.8
2022-12-21,Kigali City,-1.9441,30.0619,18.98,5.1,0.81
2022-12-22,Kigali City,-1.9441,30.0619,19.87,0.28,0.81
2022-12-23,Kigali City,-1.9441,30.0619,19.28,6.96,0.81
2022-12-24,Kigali City,-1.9441,30.0619,19.43,15.52,0.81
2022-12-25,Kigali City,-1.9441,30.0619,19.73,2.02,0.82
2022-12-26,Kigali City,-1.9441,30.0619,19.46,2.76,0.82
2022-12-27,Kigali City,-1.9441,30.0619,19.19,9.08,0.82
2022-12-28,Kigali City,-1.9441,30.0619,19.57,4.02,0.82
2022-12-29,Kigali City,-1.9441,30.0619,19.28,1.57,0.82
2022-12-30,Kigali City,-1.9441,30.0619,19.2,1.29,0.82
2022-12-31,Kigali City,-1.9441,30.0619,19.42,1.44,0.81
2023-01-01,Kigali City,-1.9441,30.0619,18.83,0.09,0.81
2023-01-02,Kigali City,-1.9441,30.0619,18.65,0.03,0.81
2023-01-03,Kigali City,-1.9441,30.0619,19.23,0.18,0.8
2023-01-04,Kigali City,-1.9441,30.0619,18.72,0.24,0.8
2023-01-05,Kigali City,-1.9441,30.0619,19.19,0.12,0.8
2023-01-06,Kigali City,-1.9441,30.0619,19.39,0.13,0.8
2023-01-07,Kigali City,-1.9441,30.0619,19.53,0.12,0.79
2023-01-08,Kigali City,-1.9441,30.0619,19.41,1.89,0.79
2023-01-09,Kigali City,-1.9441,30.0619,19.62,2.26,0.79
2023-01-10,Kigali City,-1.9441,30.0619,19.11,6.49,0.79
2023-01-11,Kigali City,-1.9441,30.0619,18.55,3.92,0.79
2023-01-12,Kigali City,-1.9441,30.0619,19.12,1.38,0.79
2023-01-13,Kigali City,-1.9441,30.0619,19.15,1.1,0.79
2023-01-14,Kigali City,-1.9441,30.0619,18.98,2.06,0.78
2023-01-15,Kigali City,-1.9441,30.0619,19.24,1.1,0.78
2023-01-16,Kigali City,-1.9441,30.0619,19.02,1.21,0.78
2023-01-17,Kigali City,-1.9441,30.0619,19.32,1.24,0.78
2023-01-18,Kigali City,-1.9441,30.0619,19.84,2.52,0.77
2023-01-19,Kigali City,-1.9441,30.0619,19.82,2.66,0.77
2023-01-20,Kigali City,-1.9441,30.0619,20.09,0.79,0.77
2023-01-21,Kigali City,-1.9441,30.0619,19.8,0.88,0.77
2023-01-22,Kigali City,-1.9441,30.0619,19.55,0.27,0.77
2023-01-23,Kigali City,-1.9441,30.0619,19.19,0.86,0.77
2023-01-24,Kigali City,-1.9441,30.0619,18.98,2.27,0.76
2023-01-25,Kigali City,-1.9441,30.0619,18.15,3.18,0.76
2023-01-26,Kigali City,-1.9441,30.0619,18.67,1.63,0.76
2023-01-27,Kigali City,-1.9441,30.0619,19.26,0.97,0.76
2023-01-28,Kigali City,-1.9441,30.0619,19.8,1.33,0.76
2023-01-29,Kigali City,-1.9441,30.0619,19.91,0.22,0.76
2023-01-30,Kigali City,-1.9441,30.0619,19.94,0.85,0.76
2023-01-31,Kigali City,-1.9441,30.0619,20.31,0.42,0.75
2023-02-01,Kigali City,-1.9441,30.0619,20.71,0.68,0.75
2023-02-02,Kigali City,-1.9441,30.0619,19.93,0.63,0.75
2023-02-03,Kigali City,-1.9441,30.0619,20.0,0.83,0.75
2023-02-04,Kigali City,-1.9441,30.0619,19.72,0.83,0.74
2023-02-05,Kigali City,-1.9441,30.0619,19.83,1.43,0.74
2023-02-06,Kigali City,-1.9441,30.0619,20.25,3.9,0.74
2023-02-07,Kigali City,-1.9441,30.0619,19.97,1.6,0.74
2023-02-08,Kigali City,-1.9441,30.0619,20.34,1.78,0.74
2023-02-09,Kigali City,-1.9441,30.0619,20.08,0.74,0.74
2023-02-10,Kigali City,-1.9441,30.0619,20.33,0.22,0.74
2023-02-11,Kigali City,-1.9441,30.0619,20.73,0.1,0.73
2023-02-12,Kigali City,-1.9441,30.0619,21.19,0.27,0.73
2023-02-13,Kigali City,-1.9441,30.0619,21.14,0.01,0.73
2023-02-14,Kigali City,-1.9441,30.0619,21.38,0.1,0.73
2023-02-15,Kigali City,-1.9441,30.0619,21.28,1.56,0.72
2023-02-16,Kigali City,-1.9441,30.0619,20.3,0.59,0.72
2023-02-17,Kigali City,-1.9441,30.0619,20.34,3.31,0.72
2023-02-18,Kigali City,-1.9441,30.0619,20.38,4.16,0.72
2023-02-19,Kigali City,-1.9441,30.0619,20.95,0.08,0.72
2023-02-20,Kigali City,-1.9441,30.0619,21.7,0.01,0.72
2023-02-21,Kigali City,-1.9441,30.0619,20.18,3.01,0.72
2023-02-22,Kigali City,-1.9441,30.0619,19.58,5.0,0.72
2023-02-23,Kigali City,-1.9441,30.0619,20.42,2.04,0.72
2023-02-24,Kigali City,-1.9441,30.0619,19.97,0.43,0.72
2023-02-25,Kigali City,-1.9441,30.0619,21.37,0.25,0.72
2023-02-26,Kigali City,-1.9441,30.0619,20.62,2.2,0.71
2023-02-27,Kigali City,-1.9441,30.0619,20.07,9.43,0.71
2023-02-28,Kigali City,-1.9441,30.0619,19.2,3.93,0.72
2023-03-01,Kigali City,-1.9441,30.0619,19.95,1.44,0.72
2023-03-02,Kigali City,-1.9441,30.0619,20.27,1.19,0.72
2023-03-03,Kigali City,-1.9441,30.0619,18.87,6.61,0.72
2023-03-04,Kigali City,-1.9441,30.0619,19.77,0.64,0.72
2023-03-05,Kigali City,-1.9441,30.0619,20.37,1.69,0.72
2023-03-06,Kigali City,-1.9441,30.0619,21.11,0.65,0.72
2023-03-07,Kigali City,-1.9441,30.0619,22.07,0.0,0.71
2023-03-08,Kigali City,-1.9441,30.0619,22.48,0.13,0.71
2023-03-09,Kigali City,-1.9441,30.0619,22.22,0.5,0.71
2023-03-10,Kigali City,-1.9441,30.0619,21.28,4.77,0.71
2023-03-11,Kigali City,-1.9441,30.0619,20.07,2.06,0.71
2023-03-12,Kigali City,-1.9441,30.0619,20.15,2.71,0.71
2023-03-13,Kigali City,-1.9441,30.0619,20.24,2.27,0.71
2023-03-14,Kigali City,-1.9441,30.0619,19.97,5.21,0.71
2023-03-15,Kigali City,-1.9441,30.0619,19.88,6.26,0.71
2023-03-16,Kigali City,-1.9441,30.0619,20.07,0.94,0.71
2023-03-17,Kigali City,-1.9441,30.0619,18.78,8.18,0.71
2023-03-18,Kigali City,-1.9441,30.0619,18.65,5.65,0.71
2023-03-19,Kigali City,-1.9441,30.0619,18.23,4.45,0.72
2023-03-20,Kigali City,-1.9441,30.0619,17.88,6.33,0.72
2023-03-21,Kigali City,-1.9441,30.0619,17.72,7.45,0.72
2023-03-22,Kigali City,-1.9441,30.0619,19.1,0.26,0.72
2023-03-23,Kigali City,-1.9441,30.0619,19.33,5.11,0.72
2023-03-24,Kigali City,-1.9441,30.0619,19.01,5.69,0.72
2023-03-25,Kigali City,-1.9441,30.0619,18.17,4.76,0.73
2023-03-26,Kigali City,-1.9441,30.0619,19.21,7.79,0.73
2023-03-27,Kigali City,-1.9441,30.0619,19.39,1.89,0.73
2023-03-28,Kigali City,-1.9441,30.0619,19.12,1.83,0.73
2023-03-29,Kigali City,-1.9441,30.0619,18.95,2.62,0.73
2023-03-30,Kigali City,-1.9441,30.0619,20.14,2.19,0.73
2023-03-31,Kigali City,-1.9441,30.0619,20.12,9.02,0.73
2023-04-01,Kigali City,-1.9441,30.0619,18.05,5.66,0.73
2023-04-02,Kigali City,-1.9441,30.0619,20.33,0.58,0.73
2023-04-03,Kigali City,-1.9441,30.0619,19.01,7.38,0.73
2023-04-04,Kigali City,-1.9441,30.0619,18.94,6.47,0.73
2023-04-05,Kigali City,-1.9441,30.0619,18.8,2.3,0.73
2023-04-06,Kigali City,-1.9441,30.0619,19.22,1.82,0.73
2023-04-07,Kigali City,-1.9441,30.0619,20.18,1.05,0.73
2023-04-08,Kigali City,-1.9441,30.0619,19.87,1.8,0.73
2023-04-09,Kigali City,-1.9441,30.0619,18.74,1.86,0.73
2023-04-10,Kigali City,-1.9441,30.0619,20.15,1.71,0.73
2023-04-11,Kigali City,-1.9441,30.0619,20.59,1.44,0.72
2023-04-12,Kigali City,-1.9441,30.0619,19.62,9.15,0.72
2023-04-13,Kigali City,-1.9441,30.0619,20.07,0.58,0.73
2023-04-14,Kigali City,-1.9441,30.0619,19.24,3.03,0.73
2023-04-15,Kigali City,-1.9441,30.0619,19.42,2.1,0.72
2023-04-16,Kigali City,-1.9441,30.0619,18.24,41.16,0.73
2023-04-17,Kigali City,-1.9441,30.0619,18.7,4.33,0.74
2023-04-18,Kigali City,-1.9441,30.0619,17.89,39.4,0.75
2023-04-19,Kigali City,-1.9441,30.0619,18.75,4.23,0.76
2023-04-20,Kigali City,-1.9441,30.0619,19.9,4.23,0.76
2023-04-21,Kigali City,-1.9441,30.0619,19.78,6.09,0.76
2023-04-22,Kigali City,-1.9441,30.0619,19.59,15.73,0.76
2023-04-23,Kigali City,-1.9441,30.0619,19.36,5.6,0.77
2023-04-24,Kigali City,-1.9441,30.0619,19.59,3.46,0.77
2023-04-25,Kigali City,-1.9441,30.0619,19.25,5.57,0.77
2023-04-26,Kigali City,-1.9441,30.0619,19.71,19.89,0.78
2023-04-27,Kigali City,-1.9441,30.0619,19.38,4.04,0.78
2023-04-28,Kigali City,-1.9441,30.0619,19.56,8.79,0.78
2023-04-29,Kigali City,-1.9441,30.0619,19.35,17.3,0.79
2023-04-30,Kigali City,-1.9441,30.0619,19.15,6.44,0.79
2023-05-01,Kigali City,-1.9441,30.0619,19.16,10.65,0.8
2023-05-02,Kigali City,-1.9441,30.0619,19.61,7.3,0.8
2023-05-03,Kigali City,-1.9441,30.0619,19.51,18.67,0.81
2023-05-04,Kigali City,-1.9441,30.0619,19.16,8.85,0.82
2023-05-05,Kigali City,-1.9441,30.0619,19.2,5.1,0.82
2023-05-06,Kigali City,-1.9441,30.0619,19.8,0.26,0.82
2023-05-07,Kigali City,-1.9441,30.0619,19.96,0.77,0.81
2023-05-08,Kigali City,-1.9441,30.0619,19.93,0.44,0.81
2023-05-09,Kigali City,-1.9441,30.0619,19.48,1.56,0.81
2023-05-10,Kigali City,-1.9441,30.0619,19.1,4.69,0.81
2023-05-11,Kigali City,-1.9441,30.0619,19.55,1.28,0.81
2023-05-12,Kigali City,-1.9441,30.0619,19.17,1.33,0.81
2023-05-13,Kigali City,-1.9441,30.0619,20.13,1.06,0.8
2023-05-14,Kigali City,-1.9441,30.0619,20.6,0.42,0.8
2023-05-15,Kigali City,-1.9441,30.0619,20.87,0.15,0.8
2023-05-16,Kigali City,-1.9441,30.0619,21.1,0.15,0.79
2023-05-17,Kigali City,-1.9441,30.0619,20.12,1.01,0.79
2023-05-18,Kigali City,-1.9441,30.0619,20.77,1.43,0.79
2023-05-19,Kigali City,-1.9441,30.0619,20.48,0.61,0.79
2023-05-20,Kigali City,-1.9441,30.0619,20.55,0.33,0.79
2023-05-21,Kigali City,-1.9441,30.0619,20.4,0.26,0.78
2023-05-22,Kigali City,-1.9441,30.0619,20.55,0.19,0.78
2023-05-23,Kigali City,-1.9441,30.0619,20.25,1.45,0.78
2023-05-24,Kigali City,-1.9441,30.0619,20.17,2.64,0.77
2023-05-25,Kigali City,-1.9441,30.0619,20.36,2.5,0.77
2023-05-26,Kigali City,-1.9441,30.0619,20.0,2.38,0.77
2023-05-27,Kigali City,-1.9441,30.0619,19.48,1.65,0.77
2023-05-28,Kigali City,-1.9441,30.0619,19.58,2.65,0.77
2023-05-29,Kigali City,-1.9441,30.0619,19.06,0.6,0.77
2023-05-30,Kigali City,-1.9441,30.0619,18.94,0.89,0.77
2023-05-31,Kigali City,-1.9441,30.0619,18.82,0.88,0.76
2023-06-01,Kigali City,-1.9441,30.0619,19.57,0.3,0.76
2023-06-02,Kigali City,-1.9441,30.0619,20.01,1.71,0.76
2023-06-03,Kigali City,-1.9441,30.0619,20.01,0.59,0.76
2023-06-04,Kigali City,-1.9441,30.0619,20.2,0.66,0.75
2023-06-05,Kigali City,-1.9441,30.0619,20.07,0.17,0.75
2023-06-06,Kigali City,-1.9441,30.0619,19.61,0.11,0.75
2023-06-07,Kigali City,-1.9441,30.0619,19.68,0.02,0.75
2023-06-08,Kigali City,-1.9441,30.0619,19.03,0.0,0.74
2023-06-09,Kigali City,-1.9441,30.0619,19.08,0.05,0.74
2023-06-10,Kigali City,-1.9441,30.0619,19.63,0.33,0.74
2023-06-11,Kigali City,-1.9441,30.0619,19.7,0.1,0.74
2023-06-12,Kigali City,-1.9441,30.0619,20.49,0.15,0.74
2023-06-13,Kigali City,-1.9441,30.0619,19.16,10.78,0.74
2023-06-14,Kigali City,-1.9441,30.0619,19.09,1.66,0.74
2023-06-15,Kigali City,-1.9441,30.0619,19.96,0.33,0.74
2023-06-16,Kigali City,-1.9441,30.0619,19.81,0.48,0.74
2023-06-17,Kigali City,-1.9441,30.0619,19.42,0.58,0.73
2023-06-18,Kigali City,-1.9441,30.0619,19.58,0.18,0.73
2023-06-19,Kigali City,-1.9441,30.0619,19.75,0.12,0.73
2023-06-20,Kigali City,-1.9441,30.0619,20.05,0.47,0.73
2023-06-21,Kigali City,-1.9441,30.0619,19.9,0.59,0.73
2023-06-22,Kigali City,-1.9441,30.0619,19.41,2.28,0.73
2023-06-23,Kigali City,-1.9441,30.0619,18.82,5.84,0.73
2023-06-24,Kigali City,-1.9441,30.0619,18.39,5.29,0.73
2023-06-25,Kigali City,-1.9441,30.0619,18.64,0.29,0.73
2023-06-26,Kigali City,-1.9441,30.0619,19.14,0.15,0.73
2023-06-27,Kigali City,-1.9441,30.0619,19.28,0.12,0.73
2023-06-28,Kigali City,-1.9441,30.0619,19.86,0.07,0.72
2023-06-29,Kigali City,-1.9441,30.0619,20.08,0.15,0.72
2023-06-30,Kigali City,-1.9441,30.0619,19.54,0.2,0.72
2023-07-01,Kigali City,-1.9441,30.0619,17.97,0.01,0.72
2023-07-02,Kigali City,-1.9441,30.0619,18.06,0.13,0.72
2023-07-03,Kigali City,-1.9441,30.0619,18.68,0.01,0.71
2023-07-04,Kigali City,-1.9441,30.0619,17.82,0.0,0.71
2023-07-05,Kigali City,-1.9441,30.0619,18.83,0.14,0.71
2023-07-06,Kigali City,-1.9441,30.0619,18.73,0.2,0.71
2023-07-07,Kigali City,-1.9441,30.0619,17.61,0.11,0.71
2023-07-08,Kigali City,-1.9441,30.0619,18.03,0.13,0.71
2023-07-09,Kigali City,-1.9441,30.0619,19.38,0.03,0.7
2023-07-10,Kigali City,-1.9441,30.0619,19.88,0.03,0.7
2023-07-11,Kigali City,-1.9441,30.0619,19.72,0.03,0.7
2023-07-12,Kigali City,-1.9441,30.0619,19.94,0.06,0.7
2023-07-13,Kigali City,-1.9441,30.0619,18.42,0.16,0.7
2023-07-14,Kigali City,-1.9441,30.0619,18.54,0.02,0.7
2023-07-15,Kigali City,-1.9441,30.0619,18.77,0.0,0.7
2023-07-16,Kigali City,-1.9441,30.0619,18.67,0.0,0.69
2023-07-17,Kigali City,-1.9441,30.0619,18.14,0.0,0.69
2023-07-18,Kigali City,-1.9441,30.0619,18.25,0.0,0.69
2023-07-19,Kigali City,-1.9441,30.0619,19.72,0.0,0.69
2023-07-20,Kigali City,-1.9441,30.0619,20.42,0.0,0.69
2023-07-21,Kigali City,-1.9441,30.0619,19.54,0.0,0.69
2023-07-22,Kigali City,-1.9441,30.0619,18.92,0.0,0.68
2023-07-23,Kigali City,-1.9441,30.0619,19.56,0.0,0.68
2023-07-24,Kigali City,-1.9441,30.0619,20.04,0.0,0.68
2023-07-25,Kigali City,-1.9441,30.0619,20.4,0.01,0.68
2023-07-26,Kigali City,-1.9441,30.0619,19.13,0.0,0.68
2023-07-27,Kigali City,-1.9441,30.0619,18.08,0.01,0.68
2023-07-28,Kigali City,-1.9441,30.0619,19.75,0.0,0.68
2023-07-29,Kigali City,-1.9441,30.0619,21.34,0.07,0.68
2023-07-30,Kigali City,-1.9441,30.0619,21.57,0.0,0.67
2023-07-31,Kigali City,-1.9441,30.0619,21.55,0.08,0.67
2023-08-01,Kigali City,-1.9441,30.0619,20.49,0.01,0.67
2023-08-02,Kigali City,-1.9441,30.0619,20.04,0.05,0.67
2023-08-03,Kigali City,-1.9441,30.0619,19.53,0.74,0.67
2023-08-04,Kigali City,-1.9441,30.0619,19.12,0.96,0.67
2023-08-05,Kigali City,-1.9441,30.0619,19.87,0.17,0.67
2023-08-06,Kigali City,-1.9441,30.0619,19.82,0.36,0.67
2023-08-07,Kigali City,-1.9441,30.0619,19.61,0.33,0.67
2023-08-08,Kigali City,-1.9441,30.0619,19.89,0.11,0.67
2023-08-09,Kigali City,-1.9441,30.0619,19.9,0.0,0.66
2023-08-10,Kigali City,-1.9441,30.0619,20.61,0.0,0.66
2023-08-11,Kigali City,-1.9441,30.0619,21.09,0.0,0.66
2023-08-12,Kigali City,-1.9441,30.0619,20.88,0.0,0.66
2023-08-13,Kigali City,-1.9441,30.0619,21.02,0.0,0.66
2023-08-14,Kigali City,-1.9441,30.0619,21.22,0.05,0.66
2023-08-15,Kigali City,-1.9441,30.0619,21.69,0.02,0.66
2023-08-16,Kigali City,-1.9441,30.0619,22.29,0.01,0.66
2023-08-17,Kigali City,-1.9441,30.0619,22.15,0.02,0.66
2023-08-18,Kigali City,-1.9441,30.0619,22.13,0.01,0.66
2023-08-19,Kigali City,-1.9441,30.0619,22.75,0.59,0.66
2023-08-20,Kigali City,-1.9441,30.0619,22.08,0.66,0.65
2023-08-21,Kigali City,-1.9441,30.0619,22.88,0.0,0.65
2023-08-22,Kigali City,-1.9441,30.0619,23.02,0.05,0.65
2023-08-23,Kigali City,-1.9441,30.0619,23.32,0.02,0.65
2023-08-24,Kigali City,-1.9441,30.0619,22.54,0.22,0.65
2023-08-25,Kigali City,-1.9441,30.0619,22.66,0.83,0.65
2023-08-26,Kigali City,-1.9441,30.0619,23.72,0.49,0.65
2023-08-27,Kigali City,-1.9441,30.0619,23.42,0.11,0.65
2023-08-28,Kigali City,-1.9441,30.0619,21.53,0.0,0.65
2023-08-29,Kigali City,-1.9441,30.0619,20.44,0.44,0.65
2023-08-30,Kigali City,-1.9441,30.0619,21.33,1.68,0.65
2023-08-31,Kigali City,-1.9441,30.0619,21.12,1.33,0.65
2023-09-01,Kigali City,-1.9441,30.0619,22.07,0.79,0.65
2023-09-02,Kigali City,-1.9441,30.0619,22.76,1.98,0.65
2023-09-03,Kigali City,-1.9441,30.0619,22.69,1.67,0.65
2023-09-04,Kigali City,-1.9441,30.0619,23.06,1.36,0.65
2023-09-05,Kigali City,-1.9441,30.0619,22.46,1.9,0.65
2023-09-06,Kigali City,-1.9441,30.0619,21.58,2.17,0.65
2023-09-07,Kigali City,-1.9441,30.0619,20.51,3.64,0.65
2023-09-08,Kigali City,-1.9441,30.0619,21.11,0.98,0.65
2023-09-09,Kigali City,-1.9441,30.0619,21.3,3.86,0.65
2023-09-10,Kigali City,-1.9441,30.0619,21.33,2.47,0.65
2023-09-11,Kigali City,-1.9441,30.0619,21.17,3.62,0.65
2023-09-12,Kigali City,-1.9441,30.0619,21.28,1.24,0.65
2023-09-13,Kigali City,-1.9441,30.0619,21.4,3.11,0.65
2023-09-14,Kigali City,-1.9441,30.0619,21.68,0.9,0.65
2023-09-15,Kigali City,-1.9441,30.0619,21.8,1.01,0.65
2023-09-16,Kigali City,-1.9441,30.0619,19.53,1.39,0.65
2023-09-17,Kigali City,-1.9441,30.0619,21.68,1.17,0.65
2023-09-18,Kigali City,-1.9441,30.0619,22.11,1.99,0.65
2023-09-19,Kigali City,-1.9441,30.0619,19.98,3.58,0.65
2023-09-20,Kigali City,-1.9441,30.0619,21.76,0.32,0.65
2023-09-21,Kigali City,-1.9441,30.0619,21.56,0.75,0.65
2023-09-22,Kigali City,-1.9441,30.0619,21.34,0.75,0.65
2023-09-23,Kigali City,-1.9441,30.0619,20.93,14.59,0.65
2023-09-24,Kigali City,-1.9441,30.0619,22.04,3.71,0.66
2023-09-25,Kigali City,-1.9441,30.0619,22.06,6.66,0.66
2023-09-26,Kigali City,-1.9441,30.0619,21.49,10.53,0.66
2023-09-27,Kigali City,-1.9441,30.0619,20.93,5.56,0.66
2023-09-28,Kigali City,-1.9441,30.0619,20.4,3.09,0.66
2023-09-29,Kigali City,-1.9441,30.0619,20.59,1.56,0.66
2023-09-30,Kigali City,-1.9441,30.0619,21.86,0.96,0.66
2023-10-01,Kigali City,-1.9441,30.0619,22.38,1.19,0.66
2023-10-02,Kigali City,-1.9441,30.0619,21.11,6.2,0.66
2023-10-03,Kigali City,-1.9441,30.0619,21.16,0.01,0.66
2023-10-04,Kigali City,-1.9441,30.0619,20.93,0.03,0.66
2023-10-05,Kigali City,-1.9441,30.0619,21.57,0.42,0.66
2023-10-06,Kigali City,-1.9441,30.0619,22.06,0.05,0.66
2023-10-07,Kigali City,-1.9441,30.0619,21.54,0.25,0.66
2023-10-08,Kigali City,-1.9441,30.0619,22.71,1.46,0.65
2023-10-09,Kigali City,-1.9441,30.0619,22.97,2.23,0.65
2023-10-10,Kigali City,-1.9441,30.0619,21.86,0.97,0.65
2023-10-11,Kigali City,-1.9441,30.0619,20.65,6.06,0.65
2023-10-12,Kigali City,-1.9441,30.0619,21.14,3.09,0.66
2023-10-13,Kigali City,-1.9441,30.0619,21.01,1.01,0.66
2023-10-14,Kigali City,-1.9441,30.0619,22.68,0.59,0.65
2023-10-15,Kigali City,-1.9441,30.0619,21.55,9.63,0.66
2023-10-16,Kigali City,-1.9441,30.0619,19.73,1.25,0.66
2023-10-17,Kigali City,-1.9441,30.0619,21.49,1.23,0.66
2023-10-18,Kigali City,-1.9441,30.0619,21.21,2.52,0.66
2023-10-19,Kigali City,-1.9441,30.0619,20.16,3.01,0.66
2023-10-20,Kigali City,-1.9441,30.0619,20.27,1.93,0.66
2023-10-21,Kigali City,-1.9441,30.0619,20.65,0.93,0.66
2023-10-22,Kigali City,-1.9441,30.0619,21.37,0.55,0.66
2023-10-23,Kigali City,-1.9441,30.0619,22.29,1.15,0.66
2023-10-24,Kigali City,-1.9441,30.0619,22.24,0.15,0.65
2023-10-25,Kigali City,-1.9441,30.0619,21.42,1.32,0.65
2023-10-26,Kigali City,-1.9441,30.0619,21.4,0.52,0.65
2023-10-27,Kigali City,-1.9441,30.0619,20.37,1.05,0.65
2023-10-28,Kigali City,-1.9441,30.0619,21.61,1.92,0.65
2023-10-29,Kigali City,-1.9441,30.0619,19.16,12.61,0.65
2023-10-30,Kigali City,-1.9441,30.0619,20.88,0.82,0.66
2023-10-31,Kigali City,-1.9441,30.0619,20.53,2.46,0.66
2023-11-01,Kigali City,-1.9441,30.0619,21.55,2.8,0.66
2023-11-02,Kigali City,-1.9441,30.0619,19.65,3.86,0.66
2023-11-03,Kigali City,-1.9441,30.0619,18.77,19.31,0.67
2023-11-04,Kigali City,-1.9441,30.0619,18.78,6.82,0.67
2023-11-05,Kigali City,-1.9441,30.0619,19.01,2.81,0.67
2023-11-06,Kigali City,-1.9441,30.0619,19.91,13.64,0.68
2023-11-07,Kigali City,-1.9441,30.0619,20.32,0.63,0.68
2023-11-08,Kigali City,-1.9441,30.0619,20.47,0.51,0.68
2023-11-09,Kigali City,-1.9441,30.0619,20.25,2.92,0.68
2023-11-10,Kigali City,-1.9441,30.0619,20.47,2.49,0.68
2023-11-11,Kigali City,-1.9441,30.0619,19.43,5.83,0.68
2023-11-12,Kigali City,-1.9441,30.0619,20.04,4.27,0.68
2023-11-13,Kigali City,-1.9441,30.0619,18.73,3.93,0.68
2023-11-14,Kigali City,-1.9441,30.0619,19.54,3.94,0.68
2023-11-15,Kigali City,-1.9441,30.0619,19.65,1.93,0.68
2023-11-16,Kigali City,-1.9441,30.0619,20.05,4.47,0.68
2023-11-17,Kigali City,-1.9441,30.0619,18.77,2.83,0.68
2023-11-18,Kigali City,-1.9441,30.0619,20.31,2.75,0.68
2023-11-19,Kigali City,-1.9441,30.0619,20.79,2.23,0.68
2023-11-20,Kigali City,-1.9441,30.0619,20.44,5.9,0.68
2023-11-21,Kigali City,-1.9441,30.0619,20.16,3.16,0.68
2023-11-22,Kigali City,-1.9441,30.0619,19.08,3.52,0.68
2023-11-23,Kigali City,-1.9441,30.0619,19.16,2.56,0.68
2023-11-24,Kigali City,-1.9441,30.0619,19.24,2.35,0.68
2023-11-25,Kigali City,-1.9441,30.0619,19.37,6.79,0.68
2023-11-26,Kigali City,-1.9441,30.0619,18.89,9.31,0.69
2023-11-27,Kigali City,-1.9441,30.0619,18.84,10.71,0.69
2023-11-28,Kigali City,-1.9441,30.0619,20.09,5.38,0.7
2023-11-29,Kigali City,-1.9441,30.0619,19.64,13.22,0.7
2023-11-30,Kigali City,-1.9441,30.0619,20.34,7.65,0.71
2023-12-01,Kigali City,-1.9441,30.0619,20.09,9.96,0.71
2023-12-02,Kigali City,-1.9441,30.0619,20.69,8.77,0.71
2023-12-03,Kigali City,-1.9441,30.0619,20.32,8.92,0.72
2023-12-04,Kigali City,-1.9441,30.0619,20.25,10.06,0.72
2023-12-05,Kigali City,-1.9441,30.0619,20.33,9.97,0.72
2023-12-06,Kigali City,-1.9441,30.0619,20.11,3.64,0.72
2023-12-07,Kigali City,-1.9441,30.0619,19.86,0.6,0.72
2023-12-08,Kigali City,-1.9441,30.0619,20.13,0.65,0.72
2023-12-09,Kigali City,-1.9441,30.0619,20.41,1.21,0.72
2023-12-10,Kigali City,-1.9441,30.0619,20.46,1.27,0.72
2023-12-11,Kigali City,-1.9441,30.0619,20.55,3.96,0.72
2023-12-12,Kigali City,-1.9441,30.0619,20.75,0.81,0.71
2023-12-13,Kigali City,-1.9441,30.0619,20.81,1.05,0.71
2023-12-14,Kigali City,-1.9441,30.0619,20.37,0.64,0.71
2023-12-15,Kigali City,-1.9441,30.0619,20.77,0.37,0.71
2023-12-16,Kigali City,-1.9441,30.0619,20.51,0.96,0.71
2023-12-17,Kigali City,-1.9441,30.0619,20.43,0.91,0.7
2023-12-18,Kigali City,-1.9441,30.0619,21.11,0.74,0.7
2023-12-19,Kigali City,-1.9441,30.0619,21.4,0.86,0.7
2023-12-20,Kigali City,-1.9441,30.0619,22.17,1.66,0.7
2023-12-21,Kigali City,-1.9441,30.0619,21.58,2.48,0.7
2023-12-22,Kigali City,-1.9441,30.0619,21.48,2.25,0.7
2023-12-23,Kigali City,-1.9441,30.0619,21.92,0.89,0.7
2023-12-24,Kigali City,-1.9441,30.0619,22.11,0.76,0.69
2023-12-25,Kigali City,-1.9441,30.0619,21.81,2.67,0.69
2023-12-26,Kigali City,-1.9441,30.0619,20.68,25.91,0.69
2023-12-27,Kigali City,-1.9441,30.0619,18.33,11.71,0.71
2023-12-28,Kigali City,-1.9441,30.0619,20.63,0.32,0.71
2023-12-29,Kigali City,-1.9441,30.0619,20.83,0.69,0.71
2023-12-30,Kigali City,-1.9441,30.0619,20.79,2.1,0.71
2023-12-31,Kigali City,-1.9441,30.0619,19.77,1.63,0.71
2024-01-01,Kigali City,-1.9441,30.0619,20.56,0.28,0.71
2024-01-02,Kigali City,-1.9441,30.0619,20.85,2.31,0.7
2024-01-03,Kigali City,-1.9441,30.0619,19.52,2.52,0.7
2024-01-04,Kigali City,-1.9441,30.0619,21.04,0.63,0.7
2024-01-05,Kigali City,-1.9441,30.0619,20.85,1.16,0.7
2024-01-06,Kigali City,-1.9441,30.0619,20.52,1.65,0.7
2024-01-07,Kigali City,-1.9441,30.0619,21.3,1.05,0.7
2024-01-08,Kigali City,-1.9441,30.0619,21.59,0.67,0.7
2024-01-09,Kigali City,-1.9441,30.0619,21.13,1.48,0.7
2024-01-10,Kigali City,-1.9441,30.0619,20.44,11.26,0.7
2024-01-11,Kigali City,-1.9441,30.0619,19.37,49.67,0.71
2024-01-12,Kigali City,-1.9441,30.0619,19.8,67.37,0.74
2024-01-13,Kigali City,-1.9441,30.0619,20.03,19.25,0.76
2024-01-14,Kigali City,-1.9441,30.0619,20.24,6.96,0.76
2024-01-15,Kigali City,-1.9441,30.0619,20.35,1.2,0.76
2024-01-16,Kigali City,-1.9441,30.0619,19.99,0.48,0.76
2024-01-17,Kigali City,-1.9441,30.0619,20.2,1.25,0.76
2024-01-18,Kigali City,-1.9441,30.0619,19.8,3.26,0.76
2024-01-19,Kigali City,-1.9441,30.0619,20.69,2.6,0.76
2024-01-20,Kigali City,-1.9441,30.0619,21.08,2.12,0.76
2024-01-21,Kigali City,-1.9441,30.0619,19.78,1.97,0.76
2024-01-22,Kigali City,-1.9441,30.0619,20.73,2.73,0.76
2024-01-23,Kigali City,-1.9441,30.0619,20.39,4.42,0.76
2024-01-24,Kigali City,-1.9441,30.0619,19.49,6.74,0.76
2024-01-25,Kigali City,-1.9441,30.0619,20.62,3.2,0.76
2024-01-26,Kigali City,-1.9441,30.0619,20.95,1.57,0.76
2024-01-27,Kigali City,-1.9441,30.0619,20.76,1.38,0.75
2024-01-28,Kigali City,-1.9441,30.0619,20.66,1.14,0.75
2024-01-29,Kigali City,-1.9441,30.0619,21.33,2.68,0.75
2024-01-30,Kigali City,-1.9441,30.0619,20.6,10.56,0.75
2024-01-31,Kigali City,-1.9441,30.0619,20.2,3.87,0.75
2024-02-01,Kigali City,-1.9441,30.0619,19.63,0.86,0.75
2024-02-02,Kigali City,-1.9441,30.0619,20.88,2.04,0.75
2024-02-03,Kigali City,-1.9441,30.0619,20.68,2.04,0.75
2024-02-04,Kigali City,-1.9441,30.0619,20.69,0.74,0.75
2024-02-05,Kigali City,-1.9441,30.0619,20.95,0.96,0.75
2024-02-06,Kigali City,-1.9441,30.0619,19.98,0.98,0.75
2024-02-07,Kigali City,-1.9441,30.0619,20.64,0.35,0.74
2024-02-08,Kigali City,-1.9441,30.0619,21.13,0.2,0.74
2024-02-09,Kigali City,-1.9441,30.0619,21.56,1.45,0.74
2024-02-10,Kigali City,-1.9441,30.0619,21.47,1.85,0.74
2024-02-11,Kigali City,-1.9441,30.0619,21.14,1.01,0.73
2024-02-12,Kigali City,-1.9441,30.0619,21.61,0.31,0.73
2024-02-13,Kigali City,-1.9441,30.0619,22.33,1.78,0.73
2024-02-14,Kigali City,-1.9441,30.0619,21.82,15.26,0.73
2024-02-15,Kigali City,-1.9441,30.0619,20.52,9.56,0.74
2024-02-16,Kigali City,-1.9441,30.0619,20.99,0.18,0.74
2024-02-17,Kigali City,-1.9441,30.0619,21.04,3.3,0.74
2024-02-18,Kigali City,-1.9441,30.0619,22.31,1.31,0.74
2024-02-19,Kigali City,-1.9441,30.0619,22.46,2.33,0.74
2024-02-20,Kigali City,-1.9441,30.0619,22.36,0.5,0.73
2024-02-21,Kigali City,-1.9441,30.0619,21.8,0.93,0.73
2024-02-22,Kigali City,-1.9441,30.0619,21.79,0.24,0.73
2024-02-23,Kigali City,-1.9441,30.0619,22.15,0.63,0.73
2024-02-24,Kigali City,-1.9441,30.0619,20.94,0.52,0.72
2024-02-25,Kigali City,-1.9441,30.0619,20.35,5.95,0.72
2024-02-26,Kigali City,-1.9441,30.0619,20.31,5.18,0.73
2024-02-27,Kigali City,-1.9441,30.0619,19.61,7.86,0.73
2024-02-28,Kigali City,-1.9441,30.0619,19.62,22.57,0.74
2024-02-29,Kigali City,-1.9441,30.0619,20.07,1.88,0.74
2024-03-01,Kigali City,-1.9441,30.0619,19.72,31.0,0.74
2024-03-02,Kigali City,-1.9441,30.0619,19.26,5.62,0.76
2024-03-03,Kigali City,-1.9441,30.0619,20.79,2.28,0.76
2024-03-04,Kigali City,-1.9441,30.0619,20.95,11.93,0.76
2024-03-05,Kigali City,-1.9441,30.0619,20.83,1.51,0.76
2024-03-06,Kigali City,-1.9441,30.0619,19.92,1.25,0.76
2024-03-07,Kigali City,-1.9441,30.0619,20.39,0.74,0.76
2024-03-08,Kigali City,-1.9441,30.0619,21.09,0.81,0.76
2024-03-09,Kigali City,-1.9441,30.0619,20.08,8.89,0.75
2024-03-10,Kigali City,-1.9441,30.0619,20.03,8.0,0.76
2024-03-11,Kigali City,-1.9441,30.0619,20.87,0.85,0.76
2024-03-12,Kigali City,-1.9441,30.0619,21.12,0.02,0.76
2024-03-13,Kigali City,-1.9441,30.0619,21.48,0.01,0.75
2024-03-14,Kigali City,-1.9441,30.0619,21.0,0.05,0.75
2024-03-15,Kigali City,-1.9441,30.0619,20.87,0.04,0.75
2024-03-16,Kigali City,-1.9441,30.0619,21.0,0.08,0.74
2024-03-17,Kigali City,-1.9441,30.0619,21.57,0.04,0.74
2024-03-18,Kigali City,-1.9441,30.0619,22.02,0.04,0.74
2024-03-19,Kigali City,-1.9441,30.0619,21.62,0.06,0.74
2024-03-20,Kigali City,-1.9441,30.0619,21.41,0.3,0.73
2024-03-21,Kigali City,-1.9441,30.0619,20.4,0.8,0.73
2024-03-22,Kigali City,-1.9441,30.0619,19.54,1.33,0.73
2024-03-23,Kigali City,-1.9441,30.0619,21.3,1.19,0.73
2024-03-24,Kigali City,-1.9441,30.0619,21.28,3.92,0.73
2024-03-25,Kigali City,-1.9441,30.0619,21.31,0.69,0.73
2024-03-26,Kigali City,-1.9441,30.0619,19.85,0.96,0.73
2024-03-27,Kigali City,-1.9441,30.0619,19.92,1.14,0.73
2024-03-28,Kigali City,-1.9441,30.0619,20.74,2.41,0.73
2024-03-29,Kigali City,-1.9441,30.0619,21.9,3.07,0.73
2024-03-30,Kigali City,-1.9441,30.0619,21.79,4.63,0.73
2024-03-31,Kigali City,-1.9441,30.0619,20.01,17.38,0.73
2024-04-01,Kigali City,-1.9441,30.0619,20.86,3.67,0.74
2024-04-02,Kigali City,-1.9441,30.0619,20.09,5.79,0.74
2024-04-03,Kigali City,-1.9441,30.0619,18.88,3.89,0.74
2024-04-04,Kigali City,-1.9441,30.0619,19.13,3.56,0.74
2024-04-05,Kigali City,-1.9441,30.0619,20.2,0.63,0.74
2024-04-06,Kigali City,-1.9441,30.0619,20.42,3.34,0.74
2024-04-07,Kigali City,-1.9441,30.0619,20.88,4.26,0.74
2024-04-08,Kigali City,-1.9441,30.0619,20.71,2.39,0.74
2024-04-09,Kigali City,-1.9441,30.0619,19.35,13.21,0.74
2024-04-10,Kigali City,-1.9441,30.0619,20.06,0.56,0.74
2024-04-11,Kigali City,-1.9441,30.0619,20.05,1.52,0.74
2024-04-12,Kigali City,-1.9441,30.0619,21.16,3.07,0.74
2024-04-13,Kigali City,-1.9441,30.0619,21.0,13.36,0.74
2024-04-14,Kigali City,-1.9441,30.0619,19.18,16.14,0.75
2024-04-15,Kigali City,-1.9441,30.0619,19.89,9.12,0.76
2024-04-16,Kigali City,-1.9441,30.0619,20.44,0.77,0.76
2024-04-17,Kigali City,-1.9441,30.0619,20.36,0.99,0.76
2024-04-18,Kigali City,-1.9441,30.0619,20.49,1.19,0.75
2024-04-19,Kigali City,-1.9441,30.0619,20.05,0.76,0.75
2024-04-20,Kigali City,-1.9441,30.0619,20.21,1.37,0.75
2024-04-21,Kigali City,-1.9441,30.0619,20.68,4.89,0.75
2024-04-22,Kigali City,-1.9441,30.0619,20.41,4.84,0.75
2024-04-23,Kigali City,-1.9441,30.0619,20.58,3.55,0.75
2024-04-24,Kigali City,-1.9441,30.0619,20.35,5.98,0.75
2024-04-25,Kigali City,-1.9441,30.0619,20.27,10.68,0.75
2024-04-26,Kigali City,-1.9441,30.0619,19.25,12.57,0.76
2024-04-27,Kigali City,-1.9441,30.0619,20.45,1.81,0.76
2024-04-28,Kigali City,-1.9441,30.0619,19.32,7.72,0.76
2024-04-29,Kigali City,-1.9441,30.0619,20.46,3.13,0.77
2024-04-30,Kigali City,-1.9441,30.0619,20.11,16.38,0.77
2024-05-01,Kigali City,-1.9441,30.0619,21.0,12.92,0.78
2024-05-02,Kigali City,-1.9441,30.0619,20.23,11.76,0.78
2024-05-03,Kigali City,-1.9441,30.0619,19.79,3.23,0.78
2024-05-04,Kigali City,-1.9441,30.0619,19.47,4.34,0.78
2024-05-05,Kigali City,-1.9441,30.0619,20.44,1.12,0.78
2024-05-06,Kigali City,-1.9441,30.0619,20.05,1.39,0.78
2024-05-07,Kigali City,-1.9441,30.0619,20.62,0.29,0.78
2024-05-08,Kigali City,-1.9441,30.0619,20.43,2.22,0.77
2024-05-09,Kigali City,-1.9441,30.0619,20.24,3.61,0.77
2024-05-10,Kigali City,-1.9441,30.0619,20.03,6.87,0.77
2024-05-11,Kigali City,-1.9441,30.0619,20.36,4.98,0.78
2024-05-12,Kigali City,-1.9441,30.0619,20.81,0.9,0.77
2024-05-13,Kigali City,-1.9441,30.0619,20.93,0.16,0.77
2024-05-14,Kigali City,-1.9441,30.0619,20.19,0.33,0.77
2024-05-15,Kigali City,-1.9441,30.0619,20.33,0.33,0.77
2024-05-16,Kigali City,-1.9441,30.0619,20.66,1.32,0.76
2024-05-17,Kigali City,-1.9441,30.0619,20.47,1.2,0.76
2024-05-18,Kigali City,-1.9441,30.0619,20.9,0.95,0.76
2024-05-19,Kigali City,-1.9441,30.0619,20.41,1.41,0.76
2024-05-20,Kigali City,-1.9441,30.0619,20.37,3.53,0.76
2024-05-21,Kigali City,-1.9441,30.0619,19.3,0.78,0.76
2024-05-22,Kigali City,-1.9441,30.0619,20.24,0.33,0.75
2024-05-23,Kigali City,-1.9441,30.0619,20.22,0.05,0.75
2024-05-24,Kigali City,-1.9441,30.0619,19.87,0.12,0.75
2024-05-25,Kigali City,-1.9441,30.0619,19.99,0.01,0.75
2024-05-26,Kigali City,-1.9441,30.0619,20.09,0.05,0.74
2024-05-27,Kigali City,-1.9441,30.0619,20.51,0.06,0.74
2024-05-28,Kigali City,-1.9441,30.0619,20.51,0.07,0.74
2024-05-29,Kigali City,-1.9441,30.0619,20.79,0.09,0.74
2024-05-30,Kigali City,-1.9441,30.0619,20.91,0.09,0.73
2024-05-31,Kigali City,-1.9441,30.0619,20.91,0.24,0.73
2024-06-01,Kigali City,-1.9441,30.0619,21.2,0.21,0.73
2024-06-02,Kigali City,-1.9441,30.0619,20.92,0.09,0.73
2024-06-03,Kigali City,-1.9441,30.0619,20.75,0.08,0.73
2024-06-04,Kigali City,-1.9441,30.0619,20.54,0.02,0.72
2024-06-05,Kigali City,-1.9441,30.0619,20.35,0.01,0.72
2024-06-06,Kigali City,-1.9441,30.0619,20.0,0.07,0.72
2024-06-07,Kigali City,-1.9441,30.0619,20.39,0.07,0.72
2024-06-08,Kigali City,-1.9441,30.0619,19.6,0.01,0.71
2024-06-09,Kigali City,-1.9441,30.0619,18.3,0.06,0.71
2024-06-10,Kigali City,-1.9441,30.0619,18.38,0.71,0.71
2024-06-11,Kigali City,-1.9441,30.0619,17.99,0.23,0.71
2024-06-12,Kigali City,-1.9441,30.0619,18.45,0.06,0.71
2024-06-13,Kigali City,-1.9441,30.0619,19.7,0.01,0.71
2024-06-14,Kigali City,-1.9441,30.0619,19.83,0.15,0.7
2024-06-15,Kigali City,-1.9441,30.0619,20.58,0.64,0.7
2024-06-16,Kigali City,-1.9441,30.0619,19.71,3.65,0.7
2024-06-17,Kigali City,-1.9441,30.0619,19.69,0.39,0.7
2024-06-18,Kigali City,-1.9441,30.0619,19.32,0.0,0.7
2024-06-19,Kigali City,-1.9441,30.0619,19.82,0.09,0.7
2024-06-20,Kigali City,-1.9441,30.0619,19.57,0.25,0.7
2024-06-21,Kigali City,-1.9441,30.0619,19.72,0.51,0.7
2024-06-22,Kigali City,-1.9441,30.0619,19.51,0.21,0.69
2024-06-23,Kigali City,-1.9441,30.0619,19.83,0.1,0.69
2024-06-24,Kigali City,-1.9441,30.0619,18.93,0.08,0.69
2024-06-25,Kigali City,-1.9441,30.0619,17.61,0.0,0.69
2024-06-26,Kigali City,-1.9441,30.0619,17.34,0.0,0.69
2024-06-27,Kigali City,-1.9441,30.0619,18.09,0.0,0.69
2024-06-28,Kigali City,-1.9441,30.0619,18.42,0.0,0.68
2024-06-29,Kigali City,-1.9441,30.0619,19.19,0.0,0.68
2024-06-30,Kigali City,-1.9441,30.0619,19.05,0.0,0.68
2024-07-01,Kigali City,-1.9441,30.0619,18.75,0.0,0.68
2024-07-02,Kigali City,-1.9441,30.0619,19.33,0.0,0.68
2024-07-03,Kigali City,-1.9441,30.0619,19.77,0.0,0.68
2024-07-04,Kigali City,-1.9441,30.0619,20.13,0.0,0.68
2024-07-05,Kigali City,-1.9441,30.0619,20.55,0.05,0.68
2024-07-06,Kigali City,-1.9441,30.0619,20.78,0.09,0.67
2024-07-07,Kigali City,-1.9441,30.0619,21.13,0.14,0.67
2024-07-08,Kigali City,-1.9441,30.0619,20.79,2.94,0.67
2024-07-09,Kigali City,-1.9441,30.0619,20.51,7.16,0.68
2024-07-10,Kigali City,-1.9441,30.0619,20.44,0.66,0.68
2024-07-11,Kigali City,-1.9441,30.0619,19.58,0.32,0.67
2024-07-12,Kigali City,-1.9441,30.0619,19.82,0.02,0.67
2024-07-13,Kigali City,-1.9441,30.0619,20.36,0.62,0.67
2024-07-14,Kigali City,-1.9441,30.0619,20.56,0.1,0.67
2024-07-15,Kigali City,-1.9441,30.0619,20.7,0.0,0.67
2024-07-16,Kigali City,-1.9441,30.0619,21.07,0.06,0.67
2024-07-17,Kigali City,-1.9441,30.0619,20.92,0.3,0.67
2024-07-18,Kigali City,-1.9441,30.0619,21.16,0.07,0.67
2024-07-19,Kigali City,-1.9441,30.0619,20.88,0.13,0.66
2024-07-20,Kigali City,-1.9441,30.0619,21.45,0.23,0.66
2024-07-21,Kigali City,-1.9441,30.0619,21.47,0.61,0.66
2024-07-22,Kigali City,-1.9441,30.0619,20.29,1.32,0.66
2024-07-23,Kigali City,-1.9441,30.0619,18.87,0.01,0.66
2024-07-24,Kigali City,-1.9441,30.0619,19.6,0.0,0.66
2024-07-25,Kigali City,-1.9441,30.0619,20.65,0.05,0.66
2024-07-26,Kigali City,-1.9441,30.0619,21.63,0.03,0.66
2024-07-27,Kigali City,-1.9441,30.0619,21.83,0.02,0.66
2024-07-28,Kigali City,-1.9441,30.0619,21.91,0.0,0.66
2024-07-29,Kigali City,-1.9441,30.0619,21.82,0.2,0.66
2024-07-30,Kigali City,-1.9441,30.0619,21.89,0.05,0.65
2024-07-31,Kigali City,-1.9441,30.0619,21.38,0.01,0.65
2024-08-01,Kigali City,-1.9441,30.0619,20.53,0.0,0.65
2024-08-02,Kigali City,-1.9441,30.0619,20.72,0.0,0.65
2024-08-03,Kigali City,-1.9441,30.0619,20.9,0.0,0.65
2024-08-04,Kigali City,-1.9441,30.0619,20.92,0.09,0.65
2024-08-05,Kigali City,-1.9441,30.0619,21.07,0.0,0.65
2024-08-06,Kigali City,-1.9441,30.0619,20.86,0.0,0.65
2024-08-07,Kigali City,-1.9441,30.0619,21.05,0.0,0.65
2024-08-08,Kigali City,-1.9441,30.0619,21.77,0.04,0.65
2024-08-09,Kigali City,-1.9441,30.0619,22.06,3.43,0.65
2024-08-10,Kigali City,-1.9441,30.0619,21.87,2.87,0.65
2024-08-11,Kigali City,-1.9441,30.0619,21.83,0.18,0.65
2024-08-12,Kigali City,-1.9441,30.0619,21.96,0.17,0.65
2024-08-13,Kigali City,-1.9441,30.0619,21.89,0.22,0.65
2024-08-14,Kigali City,-1.9441,30.0619,22.32,0.54,0.65
2024-08-15,Kigali City,-1.9441,30.0619,21.35,3.55,0.65
2024-08-16,Kigali City,-1.9441,30.0619,21.09,2.89,0.65
2024-08-17,Kigali City,-1.9441,30.0619,21.27,0.99,0.65
2024-08-18,Kigali City,-1.9441,30.0619,20.75,0.08,0.65
2024-08-19,Kigali City,-1.9441,30.0619,21.25,0.02,0.64
2024-08-20,Kigali City,-1.9441,30.0619,21.41,0.03,0.64
2024-08-21,Kigali City,-1.9441,30.0619,21.26,0.04,0.64
2024-08-22,Kigali City,-1.9441,30.0619,20.93,0.1,0.64
2024-08-23,Kigali City,-1.9441,30.0619,21.52,0.06,0.64
2024-08-24,Kigali City,-1.9441,30.0619,21.21,0.43,0.64
2024-08-25,Kigali City,-1.9441,30.0619,20.99,0.1,0.64
2024-08-26,Kigali City,-1.9441,30.0619,20.77,0.66,0.64
2024-08-27,Kigali City,-1.9441,30.0619,21.85,0.67,0.64
2024-08-28,Kigali City,-1.9441,30.0619,21.93,0.71,0.64
2024-08-29,Kigali City,-1.9441,30.0619,23.11,1.08,0.64
2024-08-30,Kigali City,-1.9441,30.0619,22.37,0.46,0.64
2024-08-31,Kigali City,-1.9441,30.0619,22.56,0.72,0.64
2024-09-01,Kigali City,-1.9441,30.0619,21.73,3.07,0.64
2024-09-02,Kigali City,-1.9441,30.0619,21.31,1.12,0.64
2024-09-03,Kigali City,-1.9441,30.0619,22.06,0.3,0.64
2024-09-04,Kigali City,-1.9441,30.0619,22.34,0.13,0.64
2024-09-05,Kigali City,-1.9441,30.0619,22.27,0.35,0.64
2024-09-06,Kigali City,-1.9441,30.0619,22.47,0.67,0.64
2024-09-07,Kigali City,-1.9441,30.0619,22.68,0.5,0.64
2024-09-08,Kigali City,-1.9441,30.0619,22.97,0.1,0.63
2024-09-09,Kigali City,-1.9441,30.0619,24.28,0.09,0.63
2024-09-10,Kigali City,-1.9441,30.0619,24.16,0.17,0.63
2024-09-11,Kigali City,-1.9441,30.0619,24.15,0.14,0.63
2024-09-12,Kigali City,-1.9441,30.0619,24.01,0.0,0.63
2024-09-13,Kigali City,-1.9441,30.0619,24.19,0.01,0.63
2024-09-14,Kigali City,-1.9441,30.0619,23.02,0.01,0.63
2024-09-15,Kigali City,-1.9441,30.0619,22.39,0.0,0.63
2024-09-16,Kigali City,-1.9441,30.0619,23.69,0.0,0.63
2024-09-17,Kigali City,-1.9441,30.0619,22.85,0.65,0.63
2024-09-18,Kigali City,-1.9441,30.0619,23.47,0.59,0.63
2024-09-19,Kigali City,-1.9441,30.0619,23.74,1.16,0.63
2024-09-20,Kigali City,-1.9441,30.0619,21.73,13.27,0.63
2024-09-21,Kigali City,-1.9441,30.0619,22.01,0.89,0.64
2024-09-22,Kigali City,-1.9441,30.0619,21.42,2.51,0.64
2024-09-23,Kigali City,-1.9441,30.0619,22.36,0.21,0.64
2024-09-24,Kigali City,-1.9441,30.0619,21.79,0.01,0.64
2024-09-25,Kigali City,-1.9441,30.0619,22.08,1.12,0.63
2024-09-26,Kigali City,-1.9441,30.0619,22.68,0.23,0.63
2024-09-27,Kigali City,-1.9441,30.0619,23.92,0.24,0.63
2024-09-28,Kigali City,-1.9441,30.0619,24.34,0.71,0.63
2024-09-29,Kigali City,-1.9441,30.0619,21.23,17.0,0.63
2024-09-30,Kigali City,-1.9441,30.0619,21.38,20.97,0.65
2024-10-01,Kigali City,-1.9441,30.0619,21.16,10.16,0.65
2024-10-02,Kigali City,-1.9441,30.0619,20.9,10.2,0.66
2024-10-03,Kigali City,-1.9441,30.0619,20.96,1.84,0.66
2024-10-04,Kigali City,-1.9441,30.0619,20.24,0.01,0.66
2024-10-05,Kigali City,-1.9441,30.0619,20.91,0.21,0.66
2024-10-06,Kigali City,-1.9441,30.0619,21.15,4.38,0.66
2024-10-07,Kigali City,-1.9441,30.0619,20.76,3.44,0.66
2024-10-08,Kigali City,-1.9441,30.0619,20.06,2.05,0.66
2024-10-09,Kigali City,-1.9441,30.0619,19.97,1.75,0.66
2024-10-10,Kigali City,-1.9441,30.0619,20.27,2.47,0.66
2024-10-11,Kigali City,-1.9441,30.0619,18.82,11.49,0.66
2024-10-12,Kigali City,-1.9441,30.0619,19.88,2.24,0.67
2024-10-13,Kigali City,-1.9441,30.0619,20.73,0.77,0.66
2024-10-14,Kigali City,-1.9441,30.0619,22.12,0.49,0.66
2024-10-15,Kigali City,-1.9441,30.0619,21.93,1.71,0.66
2024-10-16,Kigali City,-1.9441,30.0619,21.74,1.24,0.66
2024-10-17,Kigali City,-1.9441,30.0619,19.84,6.29,0.66
2024-10-18,Kigali City,-1.9441,30.0619,21.64,8.25,0.66
2024-10-19,Kigali City,-1.9441,30.0619,19.94,22.84,0.67
2024-10-20,Kigali City,-1.9441,30.0619,20.34,42.07,0.69
2024-10-21,Kigali City,-1.9441,30.0619,20.02,52.83,0.72
2024-10-22,Kigali City,-1.9441,30.0619,20.33,10.4,0.73
2024-10-23,Kigali City,-1.9441,30.0619,21.12,0.22,0.73
2024-10-24,Kigali City,-1.9441,30.0619,21.02,1.09,0.73
2024-10-25,Kigali City,-1.9441,30.0619,21.15,1.36,0.72
2024-10-26,Kigali City,-1.9441,30.0619,20.57,2.82,0.72
2024-10-27,Kigali City,-1.9441,30.0619,20.42,0.65,0.72
2024-10-28,Kigali City,-1.9441,30.0619,21.61,1.69,0.72
2024-10-29,Kigali City,-1.9441,30.0619,21.89,1.63,0.72
2024-10-30,Kigali City,-1.9441,30.0619,21.83,1.51,0.72
2024-10-31,Kigali City,-1.9441,30.0619,21.42,3.66,0.72
2024-11-01,Kigali City,-1.9441,30.0619,20.6,5.33,0.72
2024-11-02,Kigali City,-1.9441,30.0619,18.79,4.63,0.72
2024-11-03,Kigali City,-1.9441,30.0619,20.39,1.87,0.72
2024-11-04,Kigali City,-1.9441,30.0619,21.04,0.43,0.71
2024-11-05,Kigali City,-1.9441,30.0619,20.61,1.06,0.71
2024-11-06,Kigali City,-1.9441,30.0619,20.12,1.23,0.71
2024-11-07,Kigali City,-1.9441,30.0619,18.73,16.58,0.71
2024-11-08,Kigali City,-1.9441,30.0619,18.62,2.26,0.72
2024-11-09,Kigali City,-1.9441,30.0619,20.36,0.43,0.72
2024-11-10,Kigali City,-1.9441,30.0619,20.46,0.81,0.72
2024-11-11,Kigali City,-1.9441,30.0619,19.88,2.04,0.72
2024-11-12,Kigali City,-1.9441,30.0619,19.75,2.28,0.72
2024-11-13,Kigali City,-1.9441,30.0619,20.73,0.83,0.71
2024-11-14,Kigali City,-1.9441,30.0619,19.75,1.73,0.71
2024-11-15,Kigali City,-1.9441,30.0619,19.77,2.43,0.71
2024-11-16,Kigali City,-1.9441,30.0619,19.23,9.32,0.72
2024-11-17,Kigali City,-1.9441,30.0619,18.74,6.85,0.72
2024-11-18,Kigali City,-1.9441,30.0619,19.27,2.24,0.72
2024-11-19,Kigali City,-1.9441,30.0619,20.77,1.12,0.72
2024-11-20,Kigali City,-1.9441,30.0619,21.26,2.58,0.71
2024-11-21,Kigali City,-1.9441,30.0619,20.16,17.44,0.71
2024-11-22,Kigali City,-1.9441,30.0619,20.97,4.23,0.72
2024-11-23,Kigali City,-1.9441,30.0619,19.66,6.26,0.72
2024-11-24,Kigali City,-1.9441,30.0619,20.72,26.22,0.73
2024-11-25,Kigali City,-1.9441,30.0619,19.99,11.75,0.74
2024-11-26,Kigali City,-1.9441,30.0619,19.97,11.08,0.75
2024-11-27,Kigali City,-1.9441,30.0619,20.07,10.48,0.75
2024-11-28,Kigali City,-1.9441,30.0619,20.03,14.99,0.76
2024-11-29,Kigali City,-1.9441,30.0619,19.12,22.39,0.77
2024-11-30,Kigali City,-1.9441,30.0619,19.64,23.09,0.78
2024-12-01,Kigali City,-1.9441,30.0619,19.42,14.07,0.79
2024-12-02,Kigali City,-1.9441,30.0619,19.32,6.76,0.8
2024-12-03,Kigali City,-1.9441,30.0619,20.06,26.85,0.8
2024-12-04,Kigali City,-1.9441,30.0619,19.39,6.27,0.81
2024-12-05,Kigali City,-1.9441,30.0619,19.13,1.57,0.81
2024-12-06,Kigali City,-1.9441,30.0619,19.05,7.1,0.81
2024-12-07,Kigali City,-1.9441,30.0619,18.88,1.45,0.81
2024-12-08,Kigali City,-1.9441,30.0619,19.05,0.34,0.81
2024-12-09,Kigali City,-1.9441,30.0619,19.67,1.72,0.8
2024-12-10,Kigali City,-1.9441,30.0619,19.87,1.32,0.8
2024-12-11,Kigali City,-1.9441,30.0619,19.01,5.58,0.8
2024-12-12,Kigali City,-1.9441,30.0619,19.75,3.92,0.8
2024-12-13,Kigali City,-1.9441,30.0619,19.88,8.59,0.8
2024-12-14,Kigali City,-1.9441,30.0619,19.97,1.42,0.8
2024-12-15,Kigali City,-1.9441,30.0619,19.82,3.11,0.8
2024-12-16,Kigali City,-1.9441,30.0619,19.22,3.15,0.8
2024-12-17,Kigali City,-1.9441,30.0619,19.77,2.42,0.8
2024-12-18,Kigali City,-1.9441,30.0619,20.21,2.94,0.8
2024-12-19,Kigali City,-1.9441,30.0619,19.97,7.44,0.8
2024-12-20,Kigali City,-1.9441,30.0619,20.28,3.92,0.8
2024-12-21,Kigali City,-1.9441,30.0619,20.44,2.71,0.8
2024-12-22,Kigali City,-1.9441,30.0619,20.32,2.29,0.8
2024-12-23,Kigali City,-1.9441,30.0619,19.92,2.31,0.79
2024-12-24,Kigali City,-1.9441,30.0619,19.79,6.36,0.79
2024-12-25,Kigali City,-1.9441,30.0619,19.87,6.16,0.8
2024-12-26,Kigali City,-1.9441,30.0619,19.76,4.83,0.8
2024-12-27,Kigali City,-1.9441,30.0619,19.55,0.76,0.8
2024-12-28,Kigali City,-1.9441,30.0619,19.7,0.08,0.79
2024-12-29,Kigali City,-1.9441,30.0619,19.89,0.11,0.79
2024-12-30,Kigali City,-1.9441,30.0619,19.65,0.0,0.79
2024-12-31,Kigali City,-1.9441,30.0619,20.14,0.02,0.78
2025-01-01,Kigali City,-1.9441,30.0619,19.71,0.24,0.78
2025-01-02,Kigali City,-1.9441,30.0619,18.49,11.16,0.78
2025-01-03,Kigali City,-1.9441,30.0619,19.84,4.63,0.78
2025-01-04,Kigali City,-1.9441,30.0619,20.39,3.57,0.78
2025-01-05,Kigali City,-1.9441,30.0619,19.97,2.74,0.78
2025-01-06,Kigali City,-1.9441,30.0619,20.23,0.16,0.78
2025-01-07,Kigali City,-1.9441,30.0619,20.84,0.37,0.77
2025-01-08,Kigali City,-1.9441,30.0619,20.81,0.07,0.77
2025-01-09,Kigali City,-1.9441,30.0619,20.65,0.42,0.77
2025-01-10,Kigali City,-1.9441,30.0619,20.39,2.09,0.77
2025-01-11,Kigali City,-1.9441,30.0619,19.7,1.35,0.76
2025-01-12,Kigali City,-1.9441,30.0619,20.46,0.36,0.76
2025-01-13,Kigali City,-1.9441,30.0619,20.75,0.92,0.76
2025-01-14,Kigali City,-1.9441,30.0619,20.49,0.54,0.76
2025-01-15,Kigali City,-1.9441,30.0619,19.89,0.08,0.75
2025-01-16,Kigali City,-1.9441,30.0619,19.71,0.71,0.75
2025-01-17,Kigali City,-1.9441,30.0619,20.92,0.51,0.75
2025-01-18,Kigali City,-1.9441,30.0619,20.61,1.89,0.75
2025-01-19,Kigali City,-1.9441,30.0619,21.0,3.34,0.74
2025-01-20,Kigali City,-1.9441,30.0619,20.74,4.1,0.74
2025-01-21,Kigali City,-1.9441,30.0619,20.52,1.86,0.74
2025-01-22,Kigali City,-1.9441,30.0619,20.44,2.1,0.74
2025-01-23,Kigali City,-1.9441,30.0619,18.65,1.88,0.74
2025-01-24,Kigali City,-1.9441,30.0619,20.23,1.93,0.74
2025-01-25,Kigali City,-1.9441,30.0619,20.57,2.09,0.74
2025-01-26,Kigali City,-1.9441,30.0619,19.03,2.98,0.74
2025-01-27,Kigali City,-1.9441,30.0619,19.15,0.17,0.74
2025-01-28,Kigali City,-1.9441,30.0619,19.05,0.34,0.74
2025-01-29,Kigali City,-1.9441,30.0619,19.96,1.22,0.74
2025-01-30,Kigali City,-1.9441,30.0619,19.75,0.44,0.73
2025-01-31,Kigali City,-1.9441,30.0619,20.88,0.99,0.73
2025-02-01,Kigali City,-1.9441,30.0619,20.92,2.68,0.73
2025-02-02,Kigali City,-1.9441,30.0619,20.68,3.42,0.73
2025-02-03,Kigali City,-1.9441,30.0619,20.74,1.3,0.73
2025-02-04,Kigali City,-1.9441,30.0619,20.83,1.92,0.73
2025-02-05,Kigali City,-1.9441,30.0619,21.79,4.82,0.73
2025-02-06,Kigali City,-1.9441,30.0619,22.06,0.64,0.73
2025-02-07,Kigali City,-1.9441,30.0619,21.01,1.12,0.72
2025-02-08,Kigali City,-1.9441,30.0619,20.28,6.59,0.72
2025-02-09,Kigali City,-1.9441,30.0619,20.5,2.21,0.72
2025-02-10,Kigali City,-1.9441,30.0619,21.58,0.23,0.72
2025-02-11,Kigali City,-1.9441,30.0619,21.58,3.1,0.72
2025-02-12,Kigali City,-1.9441,30.0619,21.54,0.37,0.72
2025-02-13,Kigali City,-1.9441,30.0619,21.71,0.14,0.72
2025-02-14,Kigali City,-1.9441,30.0619,20.32,0.29,0.71
2025-02-15,Kigali City,-1.9441,30.0619,20.85,6.43,0.71
2025-02-16,Kigali City,-1.9441,30.0619,21.26,5.87,0.72
2025-02-17,Kigali City,-1.9441,30.0619,20.5,12.25,0.72
2025-02-18,Kigali City,-1.9441,30.0619,20.42,3.21,0.72
2025-02-19,Kigali City,-1.9441,30.0619,21.23,0.18,0.72
2025-02-20,Kigali City,-1.9441,30.0619,21.23,0.01,0.72
2025-02-21,Kigali City,-1.9441,30.0619,21.79,0.03,0.71
2025-02-22,Kigali City,-1.9441,30.0619,21.54,0.24,0.71
2025-02-23,Kigali City,-1.9441,30.0619,21.26,0.43,0.71
2025-02-24,Kigali City,-1.9441,30.0619,22.07,0.05,0.7
2025-02-25,Kigali City,-1.9441,30.0619,22.37,0.01,0.7
2025-02-26,Kigali City,-1.9441,30.0619,22.35,0.0,0.7
2025-02-27,Kigali City,-1.9441,30.0619,22.51,0.0,0.7
2025-02-28,Kigali City,-1.9441,30.0619,22.79,0.0,0.69
2025-03-01,Kigali City,-1.9441,30.0619,23.19,0.0,0.69
2025-03-02,Kigali City,-1.9441,30.0619,23.14,0.25,0.69
2025-03-03,Kigali City,-1.9441,30.0619,22.62,1.48,0.69
2025-03-04,Kigali City,-1.9441,30.0619,22.41,0.99,0.69
2025-03-05,Kigali City,-1.9441,30.0619,22.54,0.65,0.69
2025-03-06,Kigali City,-1.9441,30.0619,23.89,0.07,0.68
2025-03-07,Kigali City,-1.9441,30.0619,23.75,0.55,0.68
2025-03-08,Kigali City,-1.9441,30.0619,22.1,4.78,0.68
2025-03-09,Kigali City,-1.9441,30.0619,21.89,1.95,0.68
2025-03-10,Kigali City,-1.9441,30.0619,20.33,14.58,0.69
2025-03-11,Kigali City,-1.9441,30.0619,19.34,2.17,0.69
2025-03-12,Kigali City,-1.9441,30.0619,20.28,3.95,0.69
2025-03-13,Kigali City,-1.9441,30.0619,20.83,2.72,0.69
2025-03-14,Kigali City,-1.9441,30.0619,21.84,1.19,0.69
2025-03-15,Kigali City,-1.9441,30.0619,21.96,2.27,0.69
2025-03-16,Kigali City,-1.9441,30.0619,19.91,2.96,0.69
2025-03-17,Kigali City,-1.9441,30.0619,21.37,1.3,0.69
2025-03-18,Kigali City,-1.9441,30.0619,21.21,2.5,0.69
2025-03-19,Kigali City,-1.9441,30.0619,18.96,9.47,0.69
2025-03-20,Kigali City,-1.9441,30.0619,19.77,4.75,0.69
2025-03-21,Kigali City,-1.9441,30.0619,21.09,0.71,0.69
2025-03-22,Kigali City,-1.9441,30.0619,20.82,2.47,0.69
2025-03-23,Kigali City,-1.9441,30.0619,20.49,4.2,0.69
2025-03-24,Kigali City,-1.9441,30.0619,20.79,1.28,0.69
2025-03-25,Kigali City,-1.9441,30.0619,20.73,1.23,0.69
2025-03-26,Kigali City,-1.9441,30.0619,21.64,1.41,0.69
2025-03-27,Kigali City,-1.9441,30.0619,20.88,4.49,0.69
2025-03-28,Kigali City,-1.9441,30.0619,19.36,10.6,0.69
2025-03-29,Kigali City,-1.9441,30.0619,20.74,2.88,0.69
2025-03-30,Kigali City,-1.9441,30.0619,20.54,1.27,0.69
2025-03-31,Kigali City,-1.9441,30.0619,20.8,1.04,0.69
2025-04-01,Kigali City,-1.9441,30.0619,19.87,3.15,0.69
2025-04-02,Kigali City,-1.9441,30.0619,20.83,0.6,0.69
2025-04-03,Kigali City,-1.9441,30.0619,20.83,0.99,0.69
2025-04-04,Kigali City,-1.9441,30.0619,20.98,1.02,0.69
2025-04-05,Kigali City,-1.9441,30.0619,20.43,6.23,0.69
2025-04-06,Kigali City,-1.9441,30.0619,20.91,4.41,0.69
2025-04-07,Kigali City,-1.9441,30.0619,19.83,1.96,0.69
2025-04-08,Kigali City,-1.9441,30.0619,20.0,6.84,0.69
2025-04-09,Kigali City,-1.9441,30.0619,20.81,0.29,0.69
2025-04-10,Kigali City,-1.9441,30.0619,21.05,0.55,0.69
2025-04-11,Kigali City,-1.9441,30.0619,21.12,8.94,0.69
2025-04-12,Kigali City,-1.9441,30.0619,20.72,15.6,0.7
2025-04-13,Kigali City,-1.9441,30.0619,19.3,5.51,0.7
2025-04-14,Kigali City,-1.9441,30.0619,19.45,4.07,0.7
2025-04-15,Kigali City,-1.9441,30.0619,20.38,1.91,0.7
2025-04-16,Kigali City,-1.9441,30.0619,19.39,3.8,0.7
2025-04-17,Kigali City,-1.9441,30.0619,20.79,0.28,0.7
2025-04-18,Kigali City,-1.9441,30.0619,20.95,3.05,0.7
2025-04-19,Kigali City,-1.9441,30.0619,20.27,3.89,0.7
2025-04-20,Kigali City,-1.9441,30.0619,20.16,1.62,0.7
2025-04-21,Kigali City,-1.9441,30.0619,20.82,1.87,0.7
2025-04-22,Kigali City,-1.9441,30.0619,20.24,4.7,0.7
2025-04-23,Kigali City,-1.9441,30.0619,19.95,6.3,0.7
2025-04-24,Kigali City,-1.9441,30.0619,19.56,4.27,0.7
2025-04-25,Kigali City,-1.9441,30.0619,19.79,17.06,0.71
2025-04-26,Kigali City,-1.9441,30.0619,20.24,1.02,0.71
2025-04-27,Kigali City,-1.9441,30.0619,20.31,0.47,0.71
2025-04-28,Kigali City,-1.9441,30.0619,20.55,0.28,0.7
2025-04-29,Kigali City,-1.9441,30.0619,20.59,1.03,0.7
2025-04-30,Kigali City,-1.9441,30.0619,20.66,1.02,0.7
2025-05-01,Kigali City,-1.9441,30.0619,20.91,0.41,0.7
2025-05-02,Kigali City,-1.9441,30.0619,20.46,1.49,0.7
2025-05-03,Kigali City,-1.9441,30.0619,19.53,2.95,0.69
2025-05-04,Kigali City,-1.9441,30.0619,19.34,1.73,0.7
2025-05-05,Kigali City,-1.9441,30.0619,19.21,3.1,0.69
2025-05-06,Kigali City,-1.9441,30.0619,19.72,6.77,0.7
2025-05-07,Kigali City,-1.9441,30.0619,19.19,8.2,0.7
2025-05-08,Kigali City,-1.9441,30.0619,19.55,6.48,0.7
2025-05-09,Kigali City,-1.9441,30.0619,19.88,5.29,0.7
2025-05-10,Kigali City,-1.9441,30.0619,19.04,3.84,0.7
2025-05-11,Kigali City,-1.9441,30.0619,20.12,3.74,0.7
2025-05-12,Kigali City,-1.9441,30.0619,19.93,7.43,0.71
2025-05-13,Kigali City,-1.9441,30.0619,19.2,5.23,0.71
2025-05-14,Kigali City,-1.9441,30.0619,18.93,2.88,0.71
2025-05-15,Kigali City,-1.9441,30.0619,18.88,2.06,0.71
2025-05-16,Kigali City,-1.9441,30.0619,19.3,1.12,0.7
2025-05-17,Kigali City,-1.9441,30.0619,19.91,0.59,0.7
2025-05-18,Kigali City,-1.9441,30.0619,19.72,0.37,0.7
2025-05-19,Kigali City,-1.9441,30.0619,20.13,1.59,0.7
2025-05-20,Kigali City,-1.9441,30.0619,18.87,3.84,0.7
2025-05-21,Kigali City,-1.9441,30.0619,19.56,4.47,0.7
2025-05-22,Kigali City,-1.9441,30.0619,20.32,5.53,0.7
2025-05-23,Kigali City,-1.9441,30.0619,19.66,4.91,0.7
2025-05-24,Kigali City,-1.9441,30.0619,19.54,1.37,0.7
2025-05-25,Kigali City,-1.9441,30.0619,18.91,1.82,0.7
2025-05-26,Kigali City,-1.9441,30.0619,19.15,0.35,0.7
2025-05-27,Kigali City,-1.9441,30.0619,19.67,0.98,0.7
2025-05-28,Kigali City,-1.9441,30.0619,19.81,1.69,0.7
2025-05-29,Kigali City,-1.9441,30.0619,19.84,1.09,0.69
2025-05-30,Kigali City,-1.9441,30.0619,19.27,2.4,0.69
2025-05-31,Kigali City,-1.9441,30.0619,19.82,0.94,0.69
2025-06-01,Kigali City,-1.9441,30.0619,19.61,0.01,0.69
2025-06-02,Kigali City,-1.9441,30.0619,19.62,0.39,0.69
2025-06-03,Kigali City,-1.9441,30.0619,19.95,3.14,0.69
2025-06-04,Kigali City,-1.9441,30.0619,19.01,5.2,0.69
2025-06-05,Kigali City,-1.9441,30.0619,18.73,4.14,0.69
2025-06-06,Kigali City,-1.9441,30.0619,18.77,2.69,0.69
2025-06-07,Kigali City,-1.9441,30.0619,19.46,2.46,0.69
2025-06-08,Kigali City,-1.9441,30.0619,20.03,3.34,0.69
2025-06-09,Kigali City,-1.9441,30.0619,19.89,0.51,0.69
2025-06-10,Kigali City,-1.9441,30.0619,20.07,0.09,0.69
2025-06-11,Kigali City,-1.9441,30.0619,19.73,0.0,0.69
2025-06-12,Kigali City,-1.9441,30.0619,20.16,0.0,0.68
2025-06-13,Kigali City,-1.9441,30.0619,19.45,0.0,0.68
2025-06-14,Kigali City,-1.9441,30.0619,19.34,0.0,0.68
2025-06-15,Kigali City,-1.9441,30.0619,18.65,0.01,0.68
2025-06-16,Kigali City,-1.9441,30.0619,18.11,0.0,0.68
2025-06-17,Kigali City,-1.9441,30.0619,18.51,0.69,0.68
2025-06-18,Kigali City,-1.9441,30.0619,19.35,6.56,0.68
2025-06-19,Kigali City,-1.9441,30.0619,19.06,9.01,0.68
2025-06-20,Kigali City,-1.9441,30.0619,18.69,4.32,0.68
2025-06-21,Kigali City,-1.9441,30.0619,19.65,3.31,0.69
2025-06-22,Kigali City,-1.9441,30.0619,20.39,2.3,0.69
2025-06-23,Kigali City,-1.9441,30.0619,19.79,2.58,0.68
2025-06-24,Kigali City,-1.9441,30.0619,20.05,0.74,0.68
2025-06-25,Kigali City,-1.9441,30.0619,20.77,0.07,0.68
2025-06-26,Kigali City,-1.9441,30.0619,20.46,0.3,0.68
2025-06-27,Kigali City,-1.9441,30.0619,20.99,0.17,0.68
2025-06-28,Kigali City,-1.9441,30.0619,20.75,0.65,0.68
2025-06-29,Kigali City,-1.9441,30.0619,19.46,1.17,0.68
2025-06-30,Kigali City,-1.9441,30.0619,19.33,0.79,0.67
2025-07-01,Kigali City,-1.9441,30.0619,18.92,0.64,0.67
2025-07-02,Kigali City,-1.9441,30.0619,19.43,0.05,0.67
2025-07-03,Kigali City,-1.9441,30.0619,19.62,0.57,0.67
2025-07-04,Kigali City,-1.9441,30.0619,20.63,0.2,0.67
2025-07-05,Kigali City,-1.9441,30.0619,20.52,0.35,0.67
2025-07-06,Kigali City,-1.9441,30.0619,20.45,0.79,0.67
2025-07-07,Kigali City,-1.9441,30.0619,19.51,1.59,0.67
2025-07-08,Kigali City,-1.9441,30.0619,19.81,0.51,0.67
2025-07-09,Kigali City,-1.9441,30.0619,18.34,0.23,0.67
2025-07-10,Kigali City,-1.9441,30.0619,17.76,0.08,0.66
2025-07-11,Kigali City,-1.9441,30.0619,18.59,0.36,0.66
2025-07-12,Kigali City,-1.9441,30.0619,19.74,0.5,0.66
2025-07-13,Kigali City,-1.9441,30.0619,19.84,0.35,0.66
2025-07-14,Kigali City,-1.9441,30.0619,19.75,0.7,0.66
2025-07-15,Kigali City,-1.9441,30.0619,19.68,0.32,0.66
2025-07-16,Kigali City,-1.9441,30.0619,19.93,0.37,0.66
2025-07-17,Kigali City,-1.9441,30.0619,20.78,0.35,0.66
2025-07-18,Kigali City,-1.9441,30.0619,20.97,0.17,0.66
2025-07-19,Kigali City,-1.9441,30.0619,20.71,0.1,0.66
2025-07-20,Kigali City,-1.9441,30.0619,19.92,0.03,0.66
2025-07-21,Kigali City,-1.9441,30.0619,20.36,0.05,0.65
2025-07-22,Kigali City,-1.9441,30.0619,20.79,0.01,0.65
2025-07-23,Kigali City,-1.9441,30.0619,21.1,0.01,0.65
2025-07-24,Kigali City,-1.9441,30.0619,21.16,0.01,0.65
2025-07-25,Kigali City,-1.9441,30.0619,21.16,0.0,0.65
2025-07-26,Kigali City,-1.9441,30.0619,20.62,0.0,0.65
2025-07-27,Kigali City,-1.9441,30.0619,20.2,0.0,0.65
2025-07-28,Kigali City,-1.9441,30.0619,19.7,0.0,0.65
2025-07-29,Kigali City,-1.9441,30.0619,18.76,0.0,0.65
2025-07-30,Kigali City,-1.9441,30.0619,18.46,0.0,0.65
2025-07-31,Kigali City,-1.9441,30.0619,19.28,0.0,0.65
2025-08-01,Kigali City,-1.9441,30.0619,20.6,0.0,0.64
2025-08-02,Kigali City,-1.9441,30.0619,20.61,0.0,0.64
2025-08-03,Kigali City,-1.9441,30.0619,19.99,0.0,0.64
2025-08-04,Kigali City,-1.9441,30.0619,18.82,0.0,0.64
2025-08-05,Kigali City,-1.9441,30.0619,20.98,0.06,0.64
2025-08-06,Kigali City,-1.9441,30.0619,21.2,0.08,0.64
2025-08-07,Kigali City,-1.9441,30.0619,21.64,0.67,0.64
2025-08-08,Kigali City,-1.9441,30.0619,21.84,1.22,0.64
2025-08-09,Kigali City,-1.9441,30.0619,20.94,3.84,0.64
2025-08-10,Kigali City,-1.9441,30.0619,20.09,11.39,0.65
2025-08-11,Kigali City,-1.9441,30.0619,19.98,32.02,0.65
2025-08-12,Kigali City,-1.9441,30.0619,18.79,25.91,0.68
2025-08-13,Kigali City,-1.9441,30.0619,19.95,0.86,0.68
2025-08-14,Kigali City,-1.9441,30.0619,20.49,0.61,0.68
2025-08-15,Kigali City,-1.9441,30.0619,20.51,2.96,0.68
2025-08-16,Kigali City,-1.9441,30.0619,19.17,25.55,0.69
2025-08-17,Kigali City,-1.9441,30.0619,19.1,7.54,0.7
2025-08-18,Kigali City,-1.9441,30.0619,18.41,36.25,0.71
2025-08-19,Kigali City,-1.9441,30.0619,18.82,4.18,0.72
2025-08-20,Kigali City,-1.9441,30.0619,19.49,0.0,0.72
2025-08-21,Kigali City,-1.9441,30.0619,18.92,0.0,0.72
2025-08-22,Kigali City,-1.9441,30.0619,18.93,0.0,0.72
2025-08-23,Kigali City,-1.9441,30.0619,18.19,0.0,0.71
2025-08-24,Kigali City,-1.9441,30.0619,19.02,0.01,0.71
2025-08-25,Kigali City,-1.9441,30.0619,19.83,0.09,0.71
2025-08-26,Kigali City,-1.9441,30.0619,20.46,0.25,0.71
2025-08-27,Kigali City,-1.9441,30.0619,20.7,0.01,0.7
2025-08-28,Kigali City,-1.9441,30.0619,20.4,0.01,0.7
2025-08-29,Kigali City,-1.9441,30.0619,20.75,0.01,0.7
2025-08-30,Kigali City,-1.9441,30.0619,19.19,0.0,0.7
2025-08-31,Kigali City,-1.9441,30.0619,19.2,0.0,0.7
2025-09-01,Kigali City,-1.9441,30.0619,19.84,0.0,0.69
2025-09-02,Kigali City,-1.9441,30.0619,20.26,0.0,0.69
2025-09-03,Kigali City,-1.9441,30.0619,20.28,0.0,0.69
2025-09-04,Kigali City,-1.9441,30.0619,21.21,0.03,0.69
2025-09-05,Kigali City,-1.9441,30.0619,21.39,0.01,0.69
2025-09-06,Kigali City,-1.9441,30.0619,21.81,0.01,0.68
2025-09-07,Kigali City,-1.9441,30.0619,21.38,0.0,0.68
2025-09-08,Kigali City,-1.9441,30.0619,20.82,4.32,0.68
2025-09-09,Kigali City,-1.9441,30.0619,21.08,1.77,0.68
2025-09-10,Kigali City,-1.9441,30.0619,21.82,1.37,0.68
2025-09-11,Kigali City,-1.9441,30.0619,21.06,4.71,0.68
2025-09-12,Kigali City,-1.9441,30.0619,21.46,0.58,0.68
2025-09-13,Kigali City,-1.9441,30.0619,21.42,1.3,0.68
2025-09-14,Kigali City,-1.9441,30.0619,21.72,0.81,0.68
2025-09-15,Kigali City,-1.9441,30.0619,21.3,1.4,0.68
2025-09-16,Kigali City,-1.9441,30.0619,21.34,0.73,0.68
2025-09-17,Kigali City,-1.9441,30.0619,20.87,5.95,0.68
2025-09-18,Kigali City,-1.9441,30.0619,21.08,2.97,0.68
2025-09-19,Kigali City,-1.9441,30.0619,21.37,2.05,0.68
2025-09-20,Kigali City,-1.9441,30.0619,21.57,0.0,0.68
2025-09-21,Kigali City,-1.9441,30.0619,20.83,0.01,0.68
2025-09-22,Kigali City,-1.9441,30.0619,21.42,0.33,0.67
2025-09-23,Kigali City,-1.9441,30.0619,21.4,0.76,0.67
2025-09-24,Kigali City,-1.9441,30.0619,22.19,0.43,0.67
2025-09-25,Kigali City,-1.9441,30.0619,20.94,0.11,0.67
2025-09-26,Kigali City,-1.9441,30.0619,21.73,0.44,0.67
2025-09-27,Kigali City,-1.9441,30.0619,21.73,2.39,0.67
2025-09-28,Kigali City,-1.9441,30.0619,21.44,0.38,0.67
2025-09-29,Kigali City,-1.9441,30.0619,23.07,0.04,0.67
2025-09-30,Kigali City,-1.9441,30.0619,22.0,0.11,0.67
2025-10-01,Kigali City,-1.9441,30.0619,21.83,0.08,0.66
2025-10-02,Kigali City,-1.9441,30.0619,22.46,0.06,0.66
2025-10-03,Kigali City,-1.9441,30.0619,22.53,1.65,0.66
2025-10-04,Kigali City,-1.9441,30.0619,19.47,6.5,0.66
2025-10-05,Kigali City,-1.9441,30.0619,20.77,1.9,0.67
2025-10-06,Kigali City,-1.9441,30.0619,20.44,2.06,0.67
2025-10-07,Kigali City,-1.9441,30.0619,19.66,4.75,0.67
2025-10-08,Kigali City,-1.9441,30.0619,20.14,3.92,0.67
2025-10-09,Kigali City,-1.9441,30.0619,19.55,1.03,0.67
2025-10-10,Kigali City,-1.9441,30.0619,19.91,1.19,0.67
2025-10-11,Kigali City,-1.9441,30.0619,21.06,0.38,0.67
2025-10-12,Kigali City,-1.9441,30.0619,21.56,0.44,0.66
2025-10-13,Kigali City,-1.9441,30.0619,20.92,0.54,0.66
2025-10-14,Kigali City,-1.9441,30.0619,20.83,1.35,0.66
2025-10-15,Kigali City,-1.9441,30.0619,21.58,1.49,0.66
2025-10-16,Kigali City,-1.9441,30.0619,21.73,0.82,0.66
2025-10-17,Kigali City,-1.9441,30.0619,21.13,11.87,0.66
2025-10-18,Kigali City,-1.9441,30.0619,20.24,4.75,0.67
2025-10-19,Kigali City,-1.9441,30.0619,20.97,0.4,0.67
2025-10-20,Kigali City,-1.9441,30.0619,21.05,0.75,0.66
2025-10-21,Kigali City,-1.9441,30.0619,20.81,3.11,0.66
2025-10-22,Kigali City,-1.9441,30.0619,20.4,9.82,0.67
2025-10-23,Kigali City,-1.9441,30.0619,20.48,3.68,0.67
2025-10-24,Kigali City,-1.9441,30.0619,21.22,3.1,0.67
2025-10-25,Kigali City,-1.9441,30.0619,21.77,3.74,0.67
2025-10-26,Kigali City,-1.9441,30.0619,21.73,1.69,0.67
2025-10-27,Kigali City,-1.9441,30.0619,21.83,0.38,0.67
2025-10-28,Kigali City,-1.9441,30.0619,21.47,1.74,0.67
2025-10-29,Kigali City,-1.9441,30.0619,20.89,1.75,0.66
2025-10-30,Kigali City,-1.9441,30.0619,21.5,0.98,0.66
2025-10-31,Kigali City,-1.9441,30.0619,20.79,3.42,0.66
2025-11-01,Kigali City,-1.9441,30.0619,21.07,0.65,0.66
2025-11-02,Kigali City,-1.9441,30.0619,21.15,0.75,0.66
2025-11-03,Kigali City,-1.9441,30.0619,20.71,0.59,0.66
2025-11-04,Kigali City,-1.9441,30.0619,20.19,0.62,0.66
2025-11-05,Kigali City,-1.9441,30.0619,21.93,0.6,0.66
2025-11-06,Kigali City,-1.9441,30.0619,21.45,0.15,0.66
2025-11-07,Kigali City,-1.9441,30.0619,20.41,2.09,0.66
2025-11-08,Kigali City,-1.9441,30.0619,20.54,1.73,0.66
2025-11-09,Kigali City,-1.9441,30.0619,20.49,5.29,0.66
2025-11-10,Kigali City,-1.9441,30.0619,21.05,2.27,0.66
2025-11-11,Kigali City,-1.9441,30.0619,21.02,1.28,0.66
2025-11-12,Kigali City,-1.9441,30.0619,21.25,1.02,0.66
2025-11-13,Kigali City,-1.9441,30.0619,21.13,0.71,0.66
2025-11-14,Kigali City,-1.9441,30.0619,20.62,3.59,0.65
2025-11-15,Kigali City,-1.9441,30.0619,21.6,1.94,0.66
2025-11-16,Kigali City,-1.9441,30.0619,21.85,0.45,0.65
2025-11-17,Kigali City,-1.9441,30.0619,20.3,6.4,0.66
2025-11-18,Kigali City,-1.9441,30.0619,20.67,2.51,0.66
2025-11-19,Kigali City,-1.9441,30.0619,20.81,9.95,0.66
2025-11-20,Kigali City,-1.9441,30.0619,21.08,7.08,0.66
2025-11-21,Kigali City,-1.9441,30.0619,20.03,8.73,0.66
2025-11-22,Kigali City,-1.9441,30.0619,20.05,13.39,0.67
2025-11-23,Kigali City,-1.9441,30.0619,20.19,0.22,0.67
2025-11-24,Kigali City,-1.9441,30.0619,20.88,0.92,0.67
2025-11-25,Kigali City,-1.9441,30.0619,20.65,1.05,0.67
2025-11-26,Kigali City,-1.9441,30.0619,20.53,1.06,0.67
2025-11-27,Kigali City,-1.9441,30.0619,20.7,0.79,0.66
2025-11-28,Kigali City,-1.9441,30.0619,21.81,0.28,0.66
2025-11-29,Kigali City,-1.9441,30.0619,22.0,1.8,0.66
2025-11-30,Kigali City,-1.9441,30.0619,21.99,0.6,0.66
2025-12-01,Kigali City,-1.9441,30.0619,21.13,0.65,0.66
2025-12-02,Kigali City,-1.9441,30.0619,21.61,1.7,0.66
2025-12-03,Kigali City,-1.9441,30.0619,21.95,3.87,0.66
2025-12-04,Kigali City,-1.9441,30.0619,21.62,3.67,0.66
2025-12-05,Kigali City,-1.9441,30.0619,20.97,3.66,0.66
2025-12-06,Kigali City,-1.9441,30.0619,20.45,1.97,0.66
2025-12-07,Kigali City,-1.9441,30.0619,20.9,1.31,0.66
2025-12-08,Kigali City,-1.9441,30.0619,20.85,2.05,0.66
2025-12-09,Kigali City,-1.9441,30.0619,21.44,0.89,0.66
2025-12-10,Kigali City,-1.9441,30.0619,20.82,0.96,0.65
2025-12-11,Kigali City,-1.9441,30.0619,21.35,0.67,0.65
2025-12-12,Kigali City,-1.9441,30.0619,20.76,1.26,0.65
2025-12-13,Kigali City,-1.9441,30.0619,20.86,0.58,0.65
2025-12-14,Kigali City,-1.9441,30.0619,20.89,0.92,0.65
2025-12-15,Kigali City,-1.9441,30.0619,21.71,1.96,0.65
2025-12-16,Kigali City,-1.9441,30.0619,20.86,2.97,0.65
2025-12-17,Kigali City,-1.9441,30.0619,20.95,2.52,0.65
2025-12-18,Kigali City,-1.9441,30.0619,20.7,1.74,0.65
2025-12-19,Kigali City,-1.9441,30.0619,20.51,2.12,0.65
2025-12-20,Kigali City,-1.9441,30.0619,21.48,5.22,0.65
2025-12-21,Kigali City,-1.9441,30.0619,21.74,0.74,0.65
2025-12-22,Kigali City,-1.9441,30.0619,20.98,8.52,0.65
2025-12-23,Kigali City,-1.9441,30.0619,21.11,1.8,0.65
2025-12-24,Kigali City,-1.9441,30.0619,21.42,0.89,0.65
2025-12-25,Kigali City,-1.9441,30.0619,21.89,1.8,0.65
2025-12-26,Kigali City,-1.9441,30.0619,22.44,1.85,0.65
2025-12-27,Kigali City,-1.9441,30.0619,21.33,5.92,0.65
2025-12-28,Kigali City,-1.9441,30.0619,19.38,29.87,0.66
2025-12-29,Kigali City,-1.9441,30.0619,19.32,3.42,0.67
2025-12-30,Kigali City,-1.9441,30.0619,19.33,5.38,0.68
2025-12-31,Kigali City,-1.9441,30.0619,19.65,7.06,0.68
2026-01-01,Kigali City,-1.9441,30.0619,20.7,15.07,0.69
2026-01-02,Kigali City,-1.9441,30.0619,20.8,1.07,0.68
2026-01-03,Kigali City,-1.9441,30.0619,20.99,1.03,0.68
2026-01-04,Kigali City,-1.9441,30.0619,21.56,6.26,0.68
2026-01-05,Kigali City,-1.9441,30.0619,21.03,14.8,0.68
2026-01-06,Kigali City,-1.9441,30.0619,20.68,8.78,0.69
2026-01-07,Kigali City,-1.9441,30.0619,21.02,32.18,0.7
2026-01-08,Kigali City,-1.9441,30.0619,20.7,4.8,0.71
2026-01-09,Kigali City,-1.9441,30.0619,20.35,0.33,0.71
2026-01-10,Kigali City,-1.9441,30.0619,20.05,6.05,0.7
2026-01-11,Kigali City,-1.9441,30.0619,20.62,4.93,0.71
2026-01-12,Kigali City,-1.9441,30.0619,20.61,1.62,0.71
2026-01-13,Kigali City,-1.9441,30.0619,20.46,2.54,0.7
2026-01-14,Kigali City,-1.9441,30.0619,20.93,0.05,0.7
2026-01-15,Kigali City,-1.9441,30.0619,20.88,0.03,0.7
2026-01-16,Kigali City,-1.9441,30.0619,20.92,0.0,0.7
2026-01-17,Kigali City,-1.9441,30.0619,20.6,1.4,0.69
2026-01-18,Kigali City,-1.9441,30.0619,20.28,2.32,0.69
2026-01-19,Kigali City,-1.9441,30.0619,20.92,4.15,0.69
2026-01-20,Kigali City,-1.9441,30.0619,21.05,0.98,0.69
2026-01-21,Kigali City,-1.9441,30.0619,21.77,0.22,0.69
2026-01-22,Kigali City,-1.9441,30.0619,21.42,2.89,0.69
2026-01-23,Kigali City,-1.9441,30.0619,21.28,0.1,0.68
2026-01-24,Kigali City,-1.9441,30.0619,22.2,0.02,0.68
2026-01-25,Kigali City,-1.9441,30.0619,22.97,0.21,0.68
2026-01-26,Kigali City,-1.9441,30.0619,22.67,0.23,0.68
2026-01-27,Kigali City,-1.9441,30.0619,22.75,2.12,0.68
2026-01-28,Kigali City,-1.9441,30.0619,22.53,17.87,0.68
2026-01-29,Kigali City,-1.9441,30.0619,21.36,15.44,0.69
2026-01-30,Kigali City,-1.9441,30.0619,21.63,1.82,0.69
2026-01-31,Kigali City,-1.9441,30.0619,21.71,2.66,0.69
2026-02-01,Kigali City,-1.9441,30.0619,20.59,3.94,0.69
2026-02-02,Kigali City,-1.9441,30.0619,20.0,2.24,0.69
2026-02-03,Kigali City,-1.9441,30.0619,20.0,2.55,0.69
2026-02-04,Kigali City,-1.9441,30.0619,21.05,0.6,0.69
2026-02-05,Kigali City,-1.9441,30.0619,20.47,1.25,0.69
2026-02-06,Kigali City,-1.9441,30.0619,20.4,1.56,0.69
2026-02-07,Kigali City,-1.9441,30.0619,20.31,3.09,0.69
2026-02-08,Kigali City,-1.9441,30.0619,20.61,0.45,0.69
2026-02-09,Kigali City,-1.9441,30.0619,20.2,5.01,0.68
2026-02-10,Kigali City,-1.9441,30.0619,19.25,13.53,0.69
2026-02-11,Kigali City,-1.9441,30.0619,19.87,4.11,0.69
2026-02-12,Kigali City,-1.9441,30.0619,20.69,2.57,0.69
2026-02-13,Kigali City,-1.9441,30.0619,20.71,6.62,0.69
2026-02-14,Kigali City,-1.9441,30.0619,20.25,6.29,0.69
2026-02-15,Kigali City,-1.9441,30.0619,20.44,2.49,0.69
2026-02-16,Kigali City,-1.9441,30.0619,20.56,2.8,0.69
2026-02-17,Kigali City,-1.9441,30.0619,19.27,3.68,0.69
2026-02-18,Kigali City,-1.9441,30.0619,19.57,4.98,0.7
2026-02-19,Kigali City,-1.9441,30.0619,19.13,7.61,0.7
2026-02-20,Kigali City,-1.9441,30.0619,19.68,2.53,0.7
2026-02-21,Kigali City,-1.9441,30.0619,20.64,14.75,0.7
2026-02-22,Kigali City,-1.9441,30.0619,19.43,7.51,0.71
2026-02-23,Kigali City,-1.9441,30.0619,18.72,1.69,0.71
2026-02-24,Kigali City,-1.9441,30.0619,20.08,0.48,0.71
2026-02-25,Kigali City,-1.9441,30.0619,20.64,1.03,0.71
2026-02-26,Kigali City,-1.9441,30.0619,21.13,0.92,0.7
2026-02-27,Kigali City,-1.9441,30.0619,20.87,0.58,0.7
2026-02-28,Kigali City,-1.9441,30.0619,21.12,5.24,0.7
2026-03-01,Kigali City,-1.9441,30.0619,20.09,4.73,0.7
2026-03-02,Kigali City,-1.9441,30.0619,19.79,1.8,0.7
2026-03-03,Kigali City,-1.9441,30.0619,20.89,5.28,0.7
2026-03-04,Kigali City,-1.9441,30.0619,19.61,14.55,0.7
2026-03-05,Kigali City,-1.9441,30.0619,19.87,4.87,0.71
2026-03-06,Kigali City,-1.9441,30.0619,20.36,11.25,0.71
2026-03-07,Kigali City,-1.9441,30.0619,20.48,2.03,0.72
2026-03-08,Kigali City,-1.9441,30.0619,20.62,2.39,0.72
2026-03-09,Kigali City,-1.9441,30.0619,21.32,3.11,0.71
2026-03-10,Kigali City,-1.9441,30.0619,20.98,6.99,0.71
2026-03-11,Kigali City,-1.9441,30.0619,20.85,5.05,0.72
2026-03-12,Kigali City,-1.9441,30.0619,20.91,3.33,0.72
2026-03-13,Kigali City,-1.9441,30.0619,21.54,6.67,0.72
2026-03-14,Kigali City,-1.9441,30.0619,21.58,1.81,0.72
2026-03-15,Kigali City,-1.9441,30.0619,21.82,3.91,0.72
2026-03-16,Kigali City,-1.9441,30.0619,21.47,0.41,0.72
2026-03-17,Kigali City,-1.9441,30.0619,21.77,2.18,0.71
2026-03-18,Kigali City,-1.9441,30.0619,21.07,12.02,0.72
2026-03-19,Kigali City,-1.9441,30.0619,19.45,29.73,0.73
2026-03-20,Kigali City,-1.9441,30.0619,20.02,1.85,0.73
2026-03-21,Kigali City,-1.9441,30.0619,19.79,10.83,0.74
2026-03-22,Kigali City,-1.9441,30.0619,19.7,5.42,0.74
2026-03-23,Kigali City,-1.9441,30.0619,19.48,3.68,0.74
2026-03-24,Kigali City,-1.9441,30.0619,19.75,8.56,0.74
2026-03-25,Kigali City,-1.9441,30.0619,18.9,6.18,0.74
2026-03-26,Kigali City,-1.9441,30.0619,19.52,1.16,0.74
2026-03-27,Kigali City,-1.9441,30.0619,19.24,1.88,0.74
2026-03-28,Kigali City,-1.9441,30.0619,18.78,9.12,0.75
2026-03-29,Kigali City,-1.9441,30.0619,20.22,0.89,0.74
2026-03-30,Kigali City,-1.9441,30.0619,20.93,0.81,0.74
2026-03-31,Kigali City,-1.9441,30.0619,20.09,0.97,0.74
2026-04-01,Kigali City,-1.9441,30.0619,19.97,0.23,0.74
2026-04-02,Kigali City,-1.9441,30.0619,20.44,0.19,0.73
2026-04-03,Kigali City,-1.9441,30.0619,21.29,0.76,0.73
2026-04-04,Kigali City,-1.9441,30.0619,21.35,1.83,0.73
2026-04-05,Kigali City,-1.9441,30.0619,20.21,1.65,0.73
2026-04-06,Kigali City,-1.9441,30.0619,20.83,0.19,0.72
2026-04-07,Kigali City,-1.9441,30.0619,19.68,2.79,0.72
2026-04-08,Kigali City,-1.9441,30.0619,20.24,1.12,0.72
2026-04-09,Kigali City,-1.9441,30.0619,20.21,0.84,0.72
2026-04-10,Kigali City,-1.9441,30.0619,19.17,3.75,0.72
2026-04-11,Kigali City,-1.9441,30.0619,20.35,1.4,0.72
2026-04-12,Kigali City,-1.9441,30.0619,20.21,1.63,0.72
2026-04-13,Kigali City,-1.9441,30.0619,19.83,2.0,0.72
2026-04-14,Kigali City,-1.9441,30.0619,19.49,1.76,0.72
2026-04-15,Kigali City,-1.9441,30.0619,20.22,1.98,0.71
2026-04-16,Kigali City,-1.9441,30.0619,20.26,1.07,0.71
2026-04-17,Kigali City,-1.9441,30.0619,19.72,10.4,0.72
2026-04-18,Kigali City,-1.9441,30.0619,18.69,7.06,0.72
2026-04-19,Kigali City,-1.9441,30.0619,20.24,0.72,0.72
2026-04-20,Kigali City,-1.9441,30.0619,20.19,4.03,0.72
2026-04-21,Kigali City,-1.9441,30.0619,19.94,11.54,0.72
2026-04-22,Kigali City,-1.9441,30.0619,20.78,0.41,0.72
2026-04-23,Kigali City,-1.9441,30.0619,20.04,4.67,0.72
2026-04-24,Kigali City,-1.9441,30.0619,20.08,0.73,0.72
2026-04-25,Kigali City,-1.9441,30.0619,19.73,2.05,0.72
2026-04-26,Kigali City,-1.9441,30.0619,19.77,4.35,0.72
2026-04-27,Kigali City,-1.9441,30.0619,19.45,5.98,0.72
2026-04-28,Kigali City,-1.9441,30.0619,20.3,12.01,0.72
2026-04-29,Kigali City,-1.9441,30.0619,19.78,6.22,0.73
2026-04-30,Kigali City,-1.9441,30.0619,20.29,4.56,0.73
2026-05-01,Kigali City,-1.9441,30.0619,19.56,9.09,0.73
2026-05-02,Kigali City,-1.9441,30.0619,19.41,12.0,0.74
2026-05-03,Kigali City,-1.9441,30.0619,19.56,1.3,0.74
2026-05-04,Kigali City,-1.9441,30.0619,19.71,0.78,0.73
2026-05-05,Kigali City,-1.9441,30.0619,19.75,6.66,0.73
2026-05-06,Kigali City,-1.9441,30.0619,20.24,5.68,0.73
2026-05-07,Kigali City,-1.9441,30.0619,20.24,10.55,0.74
2026-05-08,Kigali City,-1.9441,30.0619,20.49,5.29,0.74
2026-05-09,Kigali City,-1.9441,30.0619,20.48,3.21,0.74
2026-05-10,Kigali City,-1.9441,30.0619,20.51,20.16,0.75
2026-05-11,Kigali City,-1.9441,30.0619,19.54,0.05,0.75
2026-05-12,Kigali City,-1.9441,30.0619,19.6,0.0,0.75
2026-05-13,Kigali City,-1.9441,30.0619,20.15,0.0,0.74
2026-05-14,Kigali City,-1.9441,30.0619,19.47,0.63,0.74
2026-05-15,Kigali City,-1.9441,30.0619,20.52,1.06,0.74
2026-05-16,Kigali City,-1.9441,30.0619,19.94,0.99,0.74
2026-05-17,Kigali City,-1.9441,30.0619,19.53,0.66,0.73
2026-05-18,Kigali City,-1.9441,30.0619,19.5,0.9,0.73
2026-05-19,Kigali City,-1.9441,30.0619,19.88,0.42,0.73
2026-05-20,Kigali City,-1.9441,30.0619,19.87,1.02,0.73
2026-05-21,Kigali City,-1.9441,30.0619,19.96,2.9,0.73
2026-05-22,Kigali City,-1.9441,30.0619,20.4,1.4,0.72
2026-05-23,Kigali City,-1.9441,30.0619,20.61,7.37,0.72
2026-05-24,Kigali City,-1.9441,30.0619,20.01,4.72,0.73
2026-05-25,Kigali City,-1.9441,30.0619,19.73,2.74,0.73
2026-05-26,Kigali City,-1.9441,30.0619,19.78,0.74,0.72
2026-05-27,Kigali City,-1.9441,30.0619,19.74,0.55,0.72
2026-05-28,Kigali City,-1.9441,30.0619,19.82,0.47,0.72
2026-05-29,Kigali City,-1.9441,30.0619,20.15,0.17,0.72
2026-05-30,Kigali City,-1.9441,30.0619,20.04,0.23,0.71
2026-05-31,Kigali City,-1.9441,30.0619,20.09,0.55,0.71
2026-06-01,Kigali City,-1.9441,30.0619,19.5,0.49,0.71
2026-06-02,Kigali City,-1.9441,30.0619,19.72,0.34,0.71
2026-06-03,Kigali City,-1.9441,30.0619,20.43,0.52,0.71
2026-06-04,Kigali City,-1.9441,30.0619,20.92,0.23,0.71
2026-06-05,Kigali City,-1.9441,30.0619,20.61,0.9,0.7
2026-06-06,Kigali City,-1.9441,30.0619,20.51,0.64,0.7
2026-06-07,Kigali City,-1.9441,30.0619,20.87,0.38,0.7
2026-06-08,Kigali City,-1.9441,30.0619,21.41,0.21,0.7
2026-06-09,Kigali City,-1.9441,30.0619,21.77,0.27,0.7
2026-06-10,Kigali City,-1.9441,30.0619,22.09,0.0,0.7
2026-06-11,Kigali City,-1.9441,30.0619,21.56,0.02,0.69
2026-06-12,Kigali City,-1.9441,30.0619,21.45,0.0,0.69
2026-06-13,Kigali City,-1.9441,30.0619,21.46,0.0,0.69
2026-06-14,Kigali City,-1.9441,30.0619,21.22,0.0,0.69
2026-06-15,Kigali City,-1.9441,30.0619,21.17,0.0,0.69
2026-06-16,Kigali City,-1.9441,30.0619,20.48,0.0,0.69
2026-06-17,Kigali City,-1.9441,30.0619,19.99,0.0,0.68
2026-06-18,Kigali City,-1.9441,30.0619,20.22,0.0,0.68
2026-06-19,Kigali City,-1.9441,30.0619,20.7,0.0,0.68
2026-06-20,Kigali City,-1.9441,30.0619,20.62,0.0,0.68
2026-06-21,Kigali City,-1.9441,30.0619,19.87,0.0,0.68
2026-06-22,Kigali City,-1.9441,30.0619,19.87,0.0,0.68
2026-06-23,Kigali City,-1.9441,30.0619,19.94,0.0,0.68
2026-06-24,Kigali City,-1.9441,30.0619,20.01,0.0,0.67
2026-06-25,Kigali City,-1.9441,30.0619,20.17,0.3,0.67
2026-06-26,Kigali City,-1.9441,30.0619,19.66,0.05,0.67
2026-06-27,Kigali City,-1.9441,30.0619,19.23,0.0,0.67
2026-06-28,Kigali City,-1.9441,30.0619,20.08,0.01,0.67
2026-06-29,Kigali City,-1.9441,30.0619,20.71,0.0,0.67
2026-06-30,Kigali City,-1.9441,30.0619,20.96,0.33,0.67
2026-07-01,Kigali City,-1.9441,30.0619,21.2,3.0,0.67
2026-07-02,Kigali City,-1.9441,30.0619,20.99,2.92,0.67
2026-07-03,Kigali City,-1.9441,30.0619,21.51,0.18,0.67
2026-07-04,Kigali City,-1.9441,30.0619,21.97,0.2,0.67
2026-07-05,Kigali City,-1.9441,30.0619,20.55,0.53,0.66
2026-07-06,Kigali City,-1.9441,30.0619,19.9,0.16,0.66
2026-07-07,Kigali City,-1.9441,30.0619,20.12,0.04,0.66
2026-07-08,Kigali City,-1.9441,30.0619,20.06,0.2,0.66
2026-07-09,Kigali City,-1.9441,30.0619,20.79,0.0,0.66
2026-07-10,Kigali City,-1.9441,30.0619,21.43,0.37,0.66
2026-07-11,Kigali City,-1.9441,30.0619,20.56,3.07,0.66
2026-07-12,Kigali City,-1.9441,30.0619,19.61,8.7,0.67
2026-07-13,Kigali City,-1.9441,30.0619,19.89,1.52,0.66
2026-07-14,Kigali City,-1.9441,30.0619,20.9,0.31,0.66
2026-07-15,Kigali City,-1.9441,30.0619,20.67,0.4,0.66
2026-07-16,Kigali City,-1.9441,30.0619,21.58,0.24,0.66
2026-07-17,Kigali City,-1.9441,30.0619,21.87,0.36,0.66
2026-07-18,Kigali City,-1.9441,30.0619,21.2,0.18,0.66
2026-07-19,Kigali City,-1.9441,30.0619,21.18,0.0,0.66
2026-07-20,Kigali City,-1.9441,30.0619,21.83,0.19,0.66
2026-07-21,Kigali City,-1.9441,30.0619,22.46,1.25,0.66
2026-07-22,Kigali City,-1.9441,30.0619,22.09,0.12,0.66
2026-07-23,Kigali City,-1.9441,30.0619,22.58,0.12,0.65
2026-07-24,Kigali City,-1.9441,30.0619,22.42,0.02,0.65
2026-07-25,Kigali City,-1.9441,30.0619,21.94,0.0,0.65
2026-07-26,Kigali City,-1.9441,30.0619,20.89,0.01,0.65
2026-07-27,Kigali City,-1.9441,30.0619,21.32,0.0,0.65
2026-07-28,Kigali City,-1.9441,30.0619,22.34,0.05,0.65
2026-07-29,Kigali City,-1.9441,30.0619,22.08,0.05,0.65
2026-07-30,Kigali City,-1.9441,30.0619,22.09,0.08,0.65
2026-07-31,Kigali City,-1.9441,30.0619,22.68,0.18,0.65
2026-08-01,Kigali City,-1.9441,30.0619,21.07,0.39,0.59
2026-08-02,Kigali City,-1.9441,30.0619,20.63,0.62,0.59
2026-08-03,Kigali City,-1.9441,30.0619,20.44,0.04,0.59
2026-08-04,Kigali City,-1.9441,30.0619,20.42,0.73,0.59
2026-08-05,Kigali City,-1.9441,30.0619,21.0,0.14,0.59
2026-08-06,Kigali City,-1.9441,30.0619,21.11,0.21,0.59
2026-08-07,Kigali City,-1.9441,30.0619,21.15,0.12,0.59
2026-08-08,Kigali City,-1.9441,30.0619,21.2,0.0,0.58
2026-08-09,Kigali City,-1.9441,30.0619,21.11,0.0,0.58
2026-08-10,Kigali City,-1.9441,30.0619,21.36,0.0,0.58
2026-08-11,Kigali City,-1.9441,30.0619,21.87,0.0,0.58
2026-08-12,Kigali City,-1.9441,30.0619,21.54,0.0,0.57
2026-08-13,Kigali City,-1.9441,30.0619,21.18,0.0,0.57
2026-08-14,Kigali City,-1.9441,30.0619,20.31,0.0,0.57
2026-08-15,Kigali City,-1.9441,30.0619,21.16,0.0,0.57
2026-08-16,Kigali City,-1.9441,30.0619,21.79,0.04,0.57
2026-08-17,Kigali City,-1.9441,30.0619,22.44,0.13,0.56
2026-08-18,Kigali City,-1.9441,30.0619,21.76,0.23,0.56
2026-08-19,Kigali City,-1.9441,30.0619,21.64,0.76,0.56
2026-08-20,Kigali City,-1.9441,30.0619,21.47,0.37,0.56
2026-08-21,Kigali City,-1.9441,30.0619,21.65,0.1,0.56
2026-08-22,Kigali City,-1.9441,30.0619,22.8,0.05,0.56
2026-08-23,Kigali City,-1.9441,30.0619,21.92,0.76,0.56
2026-08-24,Kigali City,-1.9441,30.0619,21.46,2.69,0.56
2026-08-25,Kigali City,-1.9441,30.0619,22.14,0.93,0.55
2026-08-26,Kigali City,-1.9441,30.0619,22.29,0.37,0.55
2026-08-27,Kigali City,-1.9441,30.0619,22.23,0.0,0.55
2026-08-28,Kigali City,-1.9441,30.0619,21.67,0.0,0.55
2026-08-29,Kigali City,-1.9441,30.0619,21.47,0.01,0.55
2026-08-30,Kigali City,-1.9441,30.0619,21.93,0.0,0.55
2026-08-31,Kigali City,-1.9441,30.0619,-999.0,-999.0,-999.0
2026-09-01,Kigali City,-1.9441,30.0619,-999.0,-999.0,-999.0
2026-09-02,Kigali City,-1.9441,30.0619,-999.0,-999.0,-999.0
2020-01-01,Eastern Province,-1.95,30.45,20.92,2.15,0.82
2020-01-02,Eastern Province,-1.95,30.45,21.17,1.78,0.81
2020-01-03,Eastern Province,-1.95,30.45,20.9,2.78,0.81
2020-01-04,Eastern Province,-1.95,30.45,20.42,49.84,0.82
2020-01-05,Eastern Province,-1.95,30.45,20.74,5.16,0.83
2020-01-06,Eastern Province,-1.95,30.45,20.01,0.62,0.83
2020-01-07,Eastern Province,-1.95,30.45,20.01,0.66,0.83
2020-01-08,Eastern Province,-1.95,30.45,18.72,10.18,0.83
2020-01-09,Eastern Province,-1.95,30.45,19.76,2.69,0.83
2020-01-10,Eastern Province,-1.95,30.45,19.2,1.56,0.83
2020-01-11,Eastern Province,-1.95,30.45,19.63,1.93,0.83
2020-01-12,Eastern Province,-1.95,30.45,20.74,1.01,0.83
2020-01-13,Eastern Province,-1.95,30.45,20.03,4.92,0.83
2020-01-14,Eastern Province,-1.95,30.45,20.61,0.07,0.82
2020-01-15,Eastern Province,-1.95,30.45,20.9,0.51,0.82
2020-01-16,Eastern Province,-1.95,30.45,21.54,0.46,0.82
2020-01-17,Eastern Province,-1.95,30.45,20.39,4.35,0.82
2020-01-18,Eastern Province,-1.95,30.45,20.88,2.74,0.82
2020-01-19,Eastern Province,-1.95,30.45,21.11,7.12,0.82
2020-01-20,Eastern Province,-1.95,30.45,20.65,0.43,0.82
2020-01-21,Eastern Province,-1.95,30.45,21.52,0.12,0.82
2020-01-22,Eastern Province,-1.95,30.45,21.73,0.08,0.81
2020-01-23,Eastern Province,-1.95,30.45,21.19,14.99,0.81
2020-01-24,Eastern Province,-1.95,30.45,20.86,21.13,0.82
2020-01-25,Eastern Province,-1.95,30.45,20.57,2.21,0.82
2020-01-26,Eastern Province,-1.95,30.45,19.74,3.53,0.82
2020-01-27,Eastern Province,-1.95,30.45,20.53,5.3,0.82
2020-01-28,Eastern Province,-1.95,30.45,20.05,20.38,0.83
2020-01-29,Eastern Province,-1.95,30.45,18.61,6.63,0.83
2020-01-30,Eastern Province,-1.95,30.45,19.8,2.44,0.83
2020-01-31,Eastern Province,-1.95,30.45,19.97,3.85,0.83
2020-02-01,Eastern Province,-1.95,30.45,18.98,34.6,0.84
2020-02-02,Eastern Province,-1.95,30.45,19.58,4.06,0.85
2020-02-03,Eastern Province,-1.95,30.45,20.37,13.06,0.85
2020-02-04,Eastern Province,-1.95,30.45,20.27,5.98,0.85
2020-02-05,Eastern Province,-1.95,30.45,19.99,6.81,0.85
2020-02-06,Eastern Province,-1.95,30.45,19.94,16.68,0.86
2020-02-07,Eastern Province,-1.95,30.45,20.65,0.2,0.86
2020-02-08,Eastern Province,-1.95,30.45,21.49,0.08,0.86
2020-02-09,Eastern Province,-1.95,30.45,21.24,0.04,0.85
2020-02-10,Eastern Province,-1.95,30.45,21.22,0.01,0.85
2020-02-11,Eastern Province,-1.95,30.45,21.68,0.01,0.85
2020-02-12,Eastern Province,-1.95,30.45,22.45,0.06,0.84
2020-02-13,Eastern Province,-1.95,30.45,20.69,2.21,0.84
2020-02-14,Eastern Province,-1.95,30.45,20.06,1.4,0.84
2020-02-15,Eastern Province,-1.95,30.45,21.02,0.5,0.84
2020-02-16,Eastern Province,-1.95,30.45,20.28,0.11,0.84
2020-02-17,Eastern Province,-1.95,30.45,20.66,0.21,0.84
2020-02-18,Eastern Province,-1.95,30.45,21.67,0.22,0.83
2020-02-19,Eastern Province,-1.95,30.45,20.31,3.27,0.83
2020-02-20,Eastern Province,-1.95,30.45,20.6,2.84,0.83
2020-02-21,Eastern Province,-1.95,30.45,20.57,3.88,0.83
2020-02-22,Eastern Province,-1.95,30.45,21.78,0.45,0.83
2020-02-23,Eastern Province,-1.95,30.45,21.44,0.31,0.83
2020-02-24,Eastern Province,-1.95,30.45,21.74,10.28,0.83
2020-02-25,Eastern Province,-1.95,30.45,21.76,54.53,0.84
2020-02-26,Eastern Province,-1.95,30.45,21.58,8.55,0.84
2020-02-27,Eastern Province,-1.95,30.45,20.0,22.97,0.85
2020-02-28,Eastern Province,-1.95,30.45,19.82,13.49,0.86
2020-02-29,Eastern Province,-1.95,30.45,21.46,6.25,0.86
2020-03-01,Eastern Province,-1.95,30.45,21.89,14.55,0.86
2020-03-02,Eastern Province,-1.95,30.45,20.74,19.73,0.87
2020-03-03,Eastern Province,-1.95,30.45,21.4,2.16,0.87
2020-03-04,Eastern Province,-1.95,30.45,19.88,2.3,0.87
2020-03-05,Eastern Province,-1.95,30.45,21.01,2.14,0.87
2020-03-06,Eastern Province,-1.95,30.45,21.69,1.46,0.87
2020-03-07,Eastern Province,-1.95,30.45,21.18,0.97,0.87
2020-03-08,Eastern Province,-1.95,30.45,21.88,3.62,0.86
2020-03-09,Eastern Province,-1.95,30.45,22.2,15.69,0.86
2020-03-10,Eastern Province,-1.95,30.45,21.95,5.48,0.87
2020-03-11,Eastern Province,-1.95,30.45,20.93,8.42,0.87
2020-03-12,Eastern Province,-1.95,30.45,21.69,1.26,0.87
2020-03-13,Eastern Province,-1.95,30.45,20.72,6.88,0.87
2020-03-14,Eastern Province,-1.95,30.45,20.52,1.83,0.87
2020-03-15,Eastern Province,-1.95,30.45,21.46,4.03,0.87
2020-03-16,Eastern Province,-1.95,30.45,22.03,16.56,0.87
2020-03-17,Eastern Province,-1.95,30.45,21.36,4.23,0.87
2020-03-18,Eastern Province,-1.95,30.45,20.23,10.24,0.88
2020-03-19,Eastern Province,-1.95,30.45,19.92,2.32,0.88
2020-03-20,Eastern Province,-1.95,30.45,20.76,2.69,0.88
2020-03-21,Eastern Province,-1.95,30.45,20.09,23.11,0.88
2020-03-22,Eastern Province,-1.95,30.45,20.85,4.26,0.88
2020-03-23,Eastern Province,-1.95,30.45,20.39,5.55,0.88
2020-03-24,Eastern Province,-1.95,30.45,19.74,4.41,0.88
2020-03-25,Eastern Province,-1.95,30.45,19.2,35.11,0.88
2020-03-26,Eastern Province,-1.95,30.45,19.86,3.92,0.89
2020-03-27,Eastern Province,-1.95,30.45,20.53,29.03,0.89
2020-03-28,Eastern Province,-1.95,30.45,19.93,12.6,0.9
2020-03-29,Eastern Province,-1.95,30.45,20.11,3.59,0.9
2020-03-30,Eastern Province,-1.95,30.45,21.13,2.5,0.9
2020-03-31,Eastern Province,-1.95,30.45,19.99,3.93,0.9
2020-04-01,Eastern Province,-1.95,30.45,20.61,3.71,0.9
2020-04-02,Eastern Province,-1.95,30.45,20.37,4.47,0.9
2020-04-03,Eastern Province,-1.95,30.45,20.71,2.07,0.9
2020-04-04,Eastern Province,-1.95,30.45,20.32,3.06,0.9
2020-04-05,Eastern Province,-1.95,30.45,19.98,2.11,0.9
2020-04-06,Eastern Province,-1.95,30.45,20.38,0.68,0.9
2020-04-07,Eastern Province,-1.95,30.45,21.32,1.64,0.89
2020-04-08,Eastern Province,-1.95,30.45,20.63,1.65,0.89
2020-04-09,Eastern Province,-1.95,30.45,20.57,1.37,0.89
2020-04-10,Eastern Province,-1.95,30.45,20.61,3.36,0.89
2020-04-11,Eastern Province,-1.95,30.45,20.65,1.42,0.89
2020-04-12,Eastern Province,-1.95,30.45,20.92,2.63,0.89
2020-04-13,Eastern Province,-1.95,30.45,21.29,4.56,0.89
2020-04-14,Eastern Province,-1.95,30.45,20.87,4.38,0.89
2020-04-15,Eastern Province,-1.95,30.45,20.61,1.12,0.88
2020-04-16,Eastern Province,-1.95,30.45,20.85,5.42,0.88
2020-04-17,Eastern Province,-1.95,30.45,20.6,20.01,0.89
2020-04-18,Eastern Province,-1.95,30.45,20.77,37.2,0.89
2020-04-19,Eastern Province,-1.95,30.45,20.17,26.89,0.9
2020-04-20,Eastern Province,-1.95,30.45,19.95,35.87,0.91
2020-04-21,Eastern Province,-1.95,30.45,19.26,25.59,0.92
2020-04-22,Eastern Province,-1.95,30.45,20.32,27.85,0.93
2020-04-23,Eastern Province,-1.95,30.45,20.77,8.54,0.93
2020-04-24,Eastern Province,-1.95,30.45,21.24,15.66,0.93
2020-04-25,Eastern Province,-1.95,30.45,20.14,32.12,0.94
2020-04-26,Eastern Province,-1.95,30.45,20.65,1.84,0.94
2020-04-27,Eastern Province,-1.95,30.45,19.12,13.43,0.94
2020-04-28,Eastern Province,-1.95,30.45,19.72,2.85,0.94
2020-04-29,Eastern Province,-1.95,30.45,19.23,35.9,0.95
2020-04-30,Eastern Province,-1.95,30.45,19.46,8.38,0.95
2020-05-01,Eastern Province,-1.95,30.45,19.9,3.22,0.95
2020-05-02,Eastern Province,-1.95,30.45,20.16,6.77,0.94
2020-05-03,Eastern Province,-1.95,30.45,20.36,4.02,0.94
2020-05-04,Eastern Province,-1.95,30.45,20.39,0.16,0.94
2020-05-05,Eastern Province,-1.95,30.45,20.4,5.03,0.94
2020-05-06,Eastern Province,-1.95,30.45,19.92,13.77,0.94
2020-05-07,Eastern Province,-1.95,30.45,19.83,5.94,0.94
2020-05-08,Eastern Province,-1.95,30.45,19.8,3.73,0.94
2020-05-09,Eastern Province,-1.95,30.45,19.87,10.04,0.94
2020-05-10,Eastern Province,-1.95,30.45,18.98,3.81,0.94
2020-05-11,Eastern Province,-1.95,30.45,18.77,2.69,0.94
2020-05-12,Eastern Province,-1.95,30.45,19.18,2.49,0.94
2020-05-13,Eastern Province,-1.95,30.45,19.95,2.16,0.94
2020-05-14,Eastern Province,-1.95,30.45,20.03,7.01,0.94
2020-05-15,Eastern Province,-1.95,30.45,20.71,3.57,0.94
2020-05-16,Eastern Province,-1.95,30.45,19.64,12.43,0.94
2020-05-17,Eastern Province,-1.95,30.45,20.07,4.51,0.94
2020-05-18,Eastern Province,-1.95,30.45,19.74,0.71,0.94
2020-05-19,Eastern Province,-1.95,30.45,19.51,0.18,0.94
2020-05-20,Eastern Province,-1.95,30.45,19.37,2.13,0.93
2020-05-21,Eastern Province,-1.95,30.45,19.89,0.22,0.93
2020-05-22,Eastern Province,-1.95,30.45,19.59,0.0,0.93
2020-05-23,Eastern Province,-1.95,30.45,18.95,0.0,0.93
2020-05-24,Eastern Province,-1.95,30.45,19.09,0.0,0.92
2020-05-25,Eastern Province,-1.95,30.45,19.37,0.0,0.92
2020-05-26,Eastern Province,-1.95,30.45,20.09,0.06,0.92
2020-05-27,Eastern Province,-1.95,30.45,20.78,0.06,0.92
2020-05-28,Eastern Province,-1.95,30.45,20.68,0.07,0.91
2020-05-29,Eastern Province,-1.95,30.45,20.56,0.08,0.91
2020-05-30,Eastern Province,-1.95,30.45,20.02,0.09,0.91
2020-05-31,Eastern Province,-1.95,30.45,19.14,0.0,0.91
2020-06-01,Eastern Province,-1.95,30.45,19.29,0.0,0.9
2020-06-02,Eastern Province,-1.95,30.45,19.47,0.0,0.9
2020-06-03,Eastern Province,-1.95,30.45,19.75,0.01,0.9
2020-06-04,Eastern Province,-1.95,30.45,19.66,0.01,0.9
2020-06-05,Eastern Province,-1.95,30.45,18.89,0.3,0.9
2020-06-06,Eastern Province,-1.95,30.45,19.5,0.22,0.89
2020-06-07,Eastern Province,-1.95,30.45,19.22,0.1,0.89
2020-06-08,Eastern Province,-1.95,30.45,19.03,0.59,0.89
2020-06-09,Eastern Province,-1.95,30.45,19.29,1.95,0.89
2020-06-10,Eastern Province,-1.95,30.45,18.05,0.78,0.89
2020-06-11,Eastern Province,-1.95,30.45,18.97,1.52,0.88
2020-06-12,Eastern Province,-1.95,30.45,19.61,4.93,0.88
2020-06-13,Eastern Province,-1.95,30.45,18.41,13.6,0.89
2020-06-14,Eastern Province,-1.95,30.45,19.12,10.56,0.89
2020-06-15,Eastern Province,-1.95,30.45,18.01,0.26,0.89
2020-06-16,Eastern Province,-1.95,30.45,18.25,0.03,0.89
2020-06-17,Eastern Province,-1.95,30.45,18.04,0.02,0.89
2020-06-18,Eastern Province,-1.95,30.45,17.71,0.0,0.89
2020-06-19,Eastern Province,-1.95,30.45,17.81,0.02,0.88
2020-06-20,Eastern Province,-1.95,30.45,18.39,1.69,0.88
2020-06-21,Eastern Province,-1.95,30.45,18.24,2.41,0.88
2020-06-22,Eastern Province,-1.95,30.45,18.86,1.17,0.88
2020-06-23,Eastern Province,-1.95,30.45,19.01,0.89,0.88
2020-06-24,Eastern Province,-1.95,30.45,18.89,0.82,0.88
2020-06-25,Eastern Province,-1.95,30.45,18.77,0.42,0.88
2020-06-26,Eastern Province,-1.95,30.45,18.68,0.15,0.87
2020-06-27,Eastern Province,-1.95,30.45,18.87,0.58,0.87
2020-06-28,Eastern Province,-1.95,30.45,19.1,0.42,0.87
2020-06-29,Eastern Province,-1.95,30.45,18.86,0.02,0.87
2020-06-30,Eastern Province,-1.95,30.45,18.73,0.0,0.86
2020-07-01,Eastern Province,-1.95,30.45,18.73,0.0,0.86
2020-07-02,Eastern Province,-1.95,30.45,18.5,0.0,0.86
2020-07-03,Eastern Province,-1.95,30.45,18.45,0.0,0.86
2020-07-04,Eastern Province,-1.95,30.45,18.13,0.0,0.86
2020-07-05,Eastern Province,-1.95,30.45,18.25,0.04,0.85
2020-07-06,Eastern Province,-1.95,30.45,18.38,0.08,0.85
2020-07-07,Eastern Province,-1.95,30.45,18.24,0.03,0.85
2020-07-08,Eastern Province,-1.95,30.45,18.47,0.01,0.85
2020-07-09,Eastern Province,-1.95,30.45,18.47,0.02,0.85
2020-07-10,Eastern Province,-1.95,30.45,18.78,9.29,0.85
2020-07-11,Eastern Province,-1.95,30.45,19.16,1.94,0.85
2020-07-12,Eastern Province,-1.95,30.45,19.62,7.84,0.85
2020-07-13,Eastern Province,-1.95,30.45,18.39,9.65,0.85
2020-07-14,Eastern Province,-1.95,30.45,18.24,4.17,0.85
2020-07-15,Eastern Province,-1.95,30.45,18.82,0.27,0.85
2020-07-16,Eastern Province,-1.95,30.45,18.27,0.25,0.85
2020-07-17,Eastern Province,-1.95,30.45,17.18,0.05,0.85
2020-07-18,Eastern Province,-1.95,30.45,16.03,0.05,0.85
2020-07-19,Eastern Province,-1.95,30.45,16.8,0.01,0.84
2020-07-20,Eastern Province,-1.95,30.45,17.44,0.86,0.84
2020-07-21,Eastern Province,-1.95,30.45,17.3,1.52,0.84
2020-07-22,Eastern Province,-1.95,30.45,17.98,1.86,0.84
2020-07-23,Eastern Province,-1.95,30.45,17.96,3.58,0.84
2020-07-24,Eastern Province,-1.95,30.45,18.07,1.86,0.84
2020-07-25,Eastern Province,-1.95,30.45,17.95,0.07,0.84
2020-07-26,Eastern Province,-1.95,30.45,18.37,0.0,0.84
2020-07-27,Eastern Province,-1.95,30.45,18.4,0.03,0.83
2020-07-28,Eastern Province,-1.95,30.45,18.13,0.02,0.83
2020-07-29,Eastern Province,-1.95,30.45,18.34,0.0,0.83
2020-07-30,Eastern Province,-1.95,30.45,18.77,0.0,0.83
2020-07-31,Eastern Province,-1.95,30.45,19.38,0.0,0.83
2020-08-01,Eastern Province,-1.95,30.45,18.98,0.0,0.82
2020-08-02,Eastern Province,-1.95,30.45,18.07,0.0,0.82
2020-08-03,Eastern Province,-1.95,30.45,17.48,0.0,0.82
2020-08-04,Eastern Province,-1.95,30.45,19.07,0.38,0.82
2020-08-05,Eastern Province,-1.95,30.45,19.63,0.82,0.82
2020-08-06,Eastern Province,-1.95,30.45,19.82,0.0,0.81
2020-08-07,Eastern Province,-1.95,30.45,19.9,0.69,0.81
2020-08-08,Eastern Province,-1.95,30.45,19.06,1.29,0.81
2020-08-09,Eastern Province,-1.95,30.45,18.94,0.06,0.81
2020-08-10,Eastern Province,-1.95,30.45,19.62,0.06,0.81
2020-08-11,Eastern Province,-1.95,30.45,20.52,0.93,0.81
2020-08-12,Eastern Province,-1.95,30.45,20.58,0.9,0.8
2020-08-13,Eastern Province,-1.95,30.45,20.94,0.26,0.8
2020-08-14,Eastern Province,-1.95,30.45,21.0,0.26,0.8
2020-08-15,Eastern Province,-1.95,30.45,20.88,0.25,0.8
2020-08-16,Eastern Province,-1.95,30.45,20.72,0.05,0.8
2020-08-17,Eastern Province,-1.95,30.45,20.89,0.0,0.8
2020-08-18,Eastern Province,-1.95,30.45,20.36,0.01,0.79
2020-08-19,Eastern Province,-1.95,30.45,20.93,0.15,0.79
2020-08-20,Eastern Province,-1.95,30.45,21.32,2.99,0.79
2020-08-21,Eastern Province,-1.95,30.45,20.92,4.77,0.79
2020-08-22,Eastern Province,-1.95,30.45,20.15,1.72,0.79
2020-08-23,Eastern Province,-1.95,30.45,19.7,0.85,0.79
2020-08-24,Eastern Province,-1.95,30.45,20.08,2.63,0.79
2020-08-25,Eastern Province,-1.95,30.45,20.58,2.36,0.79
2020-08-26,Eastern Province,-1.95,30.45,20.53,2.46,0.79
2020-08-27,Eastern Province,-1.95,30.45,20.88,0.25,0.79
2020-08-28,Eastern Province,-1.95,30.45,20.48,0.12,0.78
2020-08-29,Eastern Province,-1.95,30.45,21.52,1.0,0.78
2020-08-30,Eastern Province,-1.95,30.45,21.51,0.17,0.78
2020-08-31,Eastern Province,-1.95,30.45,21.96,0.82,0.78
2020-09-01,Eastern Province,-1.95,30.45,21.01,0.47,0.78
2020-09-02,Eastern Province,-1.95,30.45,19.74,0.0,0.78
2020-09-03,Eastern Province,-1.95,30.45,19.55,0.0,0.77
2020-09-04,Eastern Province,-1.95,30.45,21.15,0.07,0.77
2020-09-05,Eastern Province,-1.95,30.45,21.47,0.44,0.77
2020-09-06,Eastern Province,-1.95,30.45,21.27,1.36,0.77
2020-09-07,Eastern Province,-1.95,30.45,19.64,5.76,0.77
2020-09-08,Eastern Province,-1.95,30.45,20.13,3.42,0.77
2020-09-09,Eastern Province,-1.95,30.45,20.62,2.31,0.77
2020-09-10,Eastern Province,-1.95,30.45,20.7,0.89,0.77
2020-09-11,Eastern Province,-1.95,30.45,20.7,0.53,0.77
2020-09-12,Eastern Province,-1.95,30.45,20.33,3.01,0.76
2020-09-13,Eastern Province,-1.95,30.45,21.04,0.26,0.76
2020-09-14,Eastern Province,-1.95,30.45,21.33,0.05,0.76
2020-09-15,Eastern Province,-1.95,30.45,21.72,0.39,0.76
2020-09-16,Eastern Province,-1.95,30.45,22.04,0.62,0.76
2020-09-17,Eastern Province,-1.95,30.45,22.22,0.23,0.76
2020-09-18,Eastern Province,-1.95,30.45,22.29,0.02,0.75
2020-09-19,Eastern Province,-1.95,30.45,21.48,0.79,0.75
2020-09-20,Eastern Province,-1.95,30.45,21.97,0.91,0.75
2020-09-21,Eastern Province,-1.95,30.45,21.57,3.98,0.75
2020-09-22,Eastern Province,-1.95,30.45,20.43,3.81,0.75
2020-09-23,Eastern Province,-1.95,30.45,21.8,1.36,0.75
2020-09-24,Eastern Province,-1.95,30.45,21.0,1.72,0.75
2020-09-25,Eastern Province,-1.95,30.45,21.39,0.94,0.75
2020-09-26,Eastern Province,-1.95,30.45,21.31,2.2,0.75
2020-09-27,Eastern Province,-1.95,30.45,20.03,2.28,0.75
2020-09-28,Eastern Province,-1.95,30.45,20.76,2.92,0.75
2020-09-29,Eastern Province,-1.95,30.45,20.84,4.23,0.75
2020-09-30,Eastern Province,-1.95,30.45,20.97,2.39,0.75
2020-10-01,Eastern Province,-1.95,30.45,19.91,12.41,0.75
2020-10-02,Eastern Province,-1.95,30.45,20.06,1.0,0.75
2020-10-03,Eastern Province,-1.95,30.45,21.2,1.51,0.75
2020-10-04,Eastern Province,-1.95,30.45,21.28,1.82,0.75
2020-10-05,Eastern Province,-1.95,30.45,21.17,1.04,0.75
2020-10-06,Eastern Province,-1.95,30.45,21.15,1.54,0.74
2020-10-07,Eastern Province,-1.95,30.45,21.15,1.8,0.74
2020-10-08,Eastern Province,-1.95,30.45,20.97,0.98,0.74
2020-10-09,Eastern Province,-1.95,30.45,20.87,1.15,0.74
2020-10-10,Eastern Province,-1.95,30.45,21.33,3.4,0.74
2020-10-11,Eastern Province,-1.95,30.45,21.23,1.2,0.74
2020-10-12,Eastern Province,-1.95,30.45,20.1,3.57,0.74
2020-10-13,Eastern Province,-1.95,30.45,20.59,3.96,0.74
2020-10-14,Eastern Province,-1.95,30.45,20.91,2.29,0.74
2020-10-15,Eastern Province,-1.95,30.45,21.17,0.8,0.74
2020-10-16,Eastern Province,-1.95,30.45,20.5,6.3,0.74
2020-10-17,Eastern Province,-1.95,30.45,21.94,1.96,0.74
2020-10-18,Eastern Province,-1.95,30.45,20.06,5.82,0.74
2020-10-19,Eastern Province,-1.95,30.45,20.43,5.94,0.74
2020-10-20,Eastern Province,-1.95,30.45,20.71,8.41,0.74
2020-10-21,Eastern Province,-1.95,30.45,20.18,9.13,0.74
2020-10-22,Eastern Province,-1.95,30.45,20.11,15.42,0.75
2020-10-23,Eastern Province,-1.95,30.45,20.73,1.01,0.75
2020-10-24,Eastern Province,-1.95,30.45,21.32,0.33,0.75
2020-10-25,Eastern Province,-1.95,30.45,21.05,14.09,0.75
2020-10-26,Eastern Province,-1.95,30.45,19.55,20.8,0.76
2020-10-27,Eastern Province,-1.95,30.45,19.49,3.12,0.76
2020-10-28,Eastern Province,-1.95,30.45,20.51,8.36,0.76
2020-10-29,Eastern Province,-1.95,30.45,18.48,9.8,0.77
2020-10-30,Eastern Province,-1.95,30.45,19.47,4.53,0.77
2020-10-31,Eastern Province,-1.95,30.45,19.28,5.67,0.77
2020-11-01,Eastern Province,-1.95,30.45,20.04,1.51,0.77
2020-11-02,Eastern Province,-1.95,30.45,20.35,1.16,0.77
2020-11-03,Eastern Province,-1.95,30.45,20.33,1.36,0.77
2020-11-04,Eastern Province,-1.95,30.45,19.77,30.87,0.78
2020-11-05,Eastern Province,-1.95,30.45,19.4,8.55,0.78
2020-11-06,Eastern Province,-1.95,30.45,18.57,17.55,0.79
2020-11-07,Eastern Province,-1.95,30.45,19.35,5.01,0.79
2020-11-08,Eastern Province,-1.95,30.45,19.7,2.57,0.79
2020-11-09,Eastern Province,-1.95,30.45,19.8,7.04,0.79
2020-11-10,Eastern Province,-1.95,30.45,19.07,7.98,0.79
2020-11-11,Eastern Province,-1.95,30.45,19.31,5.23,0.79
2020-11-12,Eastern Province,-1.95,30.45,20.18,1.18,0.79
2020-11-13,Eastern Province,-1.95,30.45,20.47,5.59,0.79
2020-11-14,Eastern Province,-1.95,30.45,20.64,3.13,0.79
2020-11-15,Eastern Province,-1.95,30.45,20.7,8.47,0.79
2020-11-16,Eastern Province,-1.95,30.45,20.65,11.66,0.79
2020-11-17,Eastern Province,-1.95,30.45,20.29,29.38,0.8
2020-11-18,Eastern Province,-1.95,30.45,20.02,19.07,0.81
2020-11-19,Eastern Province,-1.95,30.45,19.43,7.93,0.82
2020-11-20,Eastern Province,-1.95,30.45,20.26,2.12,0.82
2020-11-21,Eastern Province,-1.95,30.45,20.5,12.63,0.82
2020-11-22,Eastern Province,-1.95,30.45,20.23,11.19,0.82
2020-11-23,Eastern Province,-1.95,30.45,20.84,2.01,0.82
2020-11-24,Eastern Province,-1.95,30.45,20.85,3.19,0.82
2020-11-25,Eastern Province,-1.95,30.45,19.77,2.69,0.82
2020-11-26,Eastern Province,-1.95,30.45,20.64,0.37,0.82
2020-11-27,Eastern Province,-1.95,30.45,20.11,2.06,0.82
2020-11-28,Eastern Province,-1.95,30.45,19.51,4.4,0.82
2020-11-29,Eastern Province,-1.95,30.45,18.17,8.31,0.82
2020-11-30,Eastern Province,-1.95,30.45,19.98,4.23,0.82
2020-12-01,Eastern Province,-1.95,30.45,20.34,0.67,0.82
2020-12-02,Eastern Province,-1.95,30.45,20.19,1.6,0.82
2020-12-03,Eastern Province,-1.95,30.45,19.82,8.21,0.82
2020-12-04,Eastern Province,-1.95,30.45,19.97,4.22,0.82
2020-12-05,Eastern Province,-1.95,30.45,20.14,0.71,0.82
2020-12-06,Eastern Province,-1.95,30.45,19.62,0.63,0.82
2020-12-07,Eastern Province,-1.95,30.45,20.16,0.62,0.82
2020-12-08,Eastern Province,-1.95,30.45,20.53,0.37,0.82
2020-12-09,Eastern Province,-1.95,30.45,19.48,1.42,0.81
2020-12-10,Eastern Province,-1.95,30.45,20.07,5.54,0.81
2020-12-11,Eastern Province,-1.95,30.45,19.24,1.29,0.81
2020-12-12,Eastern Province,-1.95,30.45,19.64,37.97,0.82
2020-12-13,Eastern Province,-1.95,30.45,19.65,14.87,0.83
2020-12-14,Eastern Province,-1.95,30.45,19.66,1.28,0.83
2020-12-15,Eastern Province,-1.95,30.45,20.1,2.86,0.83
2020-12-16,Eastern Province,-1.95,30.45,20.46,7.36,0.83
2020-12-17,Eastern Province,-1.95,30.45,20.24,1.5,0.83
2020-12-18,Eastern Province,-1.95,30.45,19.72,5.37,0.83
2020-12-19,Eastern Province,-1.95,30.45,18.32,7.4,0.83
2020-12-20,Eastern Province,-1.95,30.45,19.19,2.27,0.83
2020-12-21,Eastern Province,-1.95,30.45,20.02,0.79,0.83
2020-12-22,Eastern Province,-1.95,30.45,20.28,2.33,0.83
2020-12-23,Eastern Province,-1.95,30.45,20.43,4.59,0.83
2020-12-24,Eastern Province,-1.95,30.45,20.46,4.82,0.83
2020-12-25,Eastern Province,-1.95,30.45,20.38,6.17,0.83
2020-12-26,Eastern Province,-1.95,30.45,20.21,3.85,0.83
2020-12-27,Eastern Province,-1.95,30.45,20.23,5.42,0.83
2020-12-28,Eastern Province,-1.95,30.45,20.62,0.07,0.83
2020-12-29,Eastern Province,-1.95,30.45,20.62,0.24,0.82
2020-12-30,Eastern Province,-1.95,30.45,20.86,3.47,0.82
2020-12-31,Eastern Province,-1.95,30.45,20.67,9.04,0.82
2021-01-01,Eastern Province,-1.95,30.45,18.79,19.51,0.83
2021-01-02,Eastern Province,-1.95,30.45,19.57,2.91,0.83
2021-01-03,Eastern Province,-1.95,30.45,19.22,1.4,0.83
2021-01-04,Eastern Province,-1.95,30.45,19.74,1.89,0.83
2021-01-05,Eastern Province,-1.95,30.45,19.8,1.88,0.83
2021-01-06,Eastern Province,-1.95,30.45,20.02,1.36,0.83
2021-01-07,Eastern Province,-1.95,30.45,20.62,0.13,0.82
2021-01-08,Eastern Province,-1.95,30.45,21.3,0.17,0.82
2021-01-09,Eastern Province,-1.95,30.45,20.96,15.22,0.82
2021-01-10,Eastern Province,-1.95,30.45,19.3,5.21,0.83
2021-01-11,Eastern Province,-1.95,30.45,20.42,12.65,0.83
2021-01-12,Eastern Province,-1.95,30.45,18.75,47.59,0.84
2021-01-13,Eastern Province,-1.95,30.45,19.73,18.03,0.85
2021-01-14,Eastern Province,-1.95,30.45,20.04,8.65,0.85
2021-01-15,Eastern Province,-1.95,30.45,20.01,7.02,0.86
2021-01-16,Eastern Province,-1.95,30.45,19.2,3.15,0.86
2021-01-17,Eastern Province,-1.95,30.45,19.59,1.81,0.86
2021-01-18,Eastern Province,-1.95,30.45,19.67,1.35,0.85
2021-01-19,Eastern Province,-1.95,30.45,19.41,5.77,0.85
2021-01-20,Eastern Province,-1.95,30.45,18.94,18.67,0.86
2021-01-21,Eastern Province,-1.95,30.45,19.78,9.39,0.86
2021-01-22,Eastern Province,-1.95,30.45,20.24,8.12,0.86
2021-01-23,Eastern Province,-1.95,30.45,19.2,4.17,0.87
2021-01-24,Eastern Province,-1.95,30.45,19.9,11.04,0.87
2021-01-25,Eastern Province,-1.95,30.45,19.63,13.75,0.87
2021-01-26,Eastern Province,-1.95,30.45,18.81,13.91,0.88
2021-01-27,Eastern Province,-1.95,30.45,19.74,0.64,0.88
2021-01-28,Eastern Province,-1.95,30.45,20.39,0.63,0.87
2021-01-29,Eastern Province,-1.95,30.45,20.67,0.43,0.87
2021-01-30,Eastern Province,-1.95,30.45,20.48,4.01,0.87
2021-01-31,Eastern Province,-1.95,30.45,21.2,1.44,0.87
2021-02-01,Eastern Province,-1.95,30.45,20.66,0.4,0.86
2021-02-02,Eastern Province,-1.95,30.45,20.68,1.13,0.86
2021-02-03,Eastern Province,-1.95,30.45,21.14,0.82,0.86
2021-02-04,Eastern Province,-1.95,30.45,20.63,8.01,0.86
2021-02-05,Eastern Province,-1.95,30.45,20.31,26.01,0.87
2021-02-06,Eastern Province,-1.95,30.45,20.52,10.03,0.87
2021-02-07,Eastern Province,-1.95,30.45,20.57,0.71,0.87
2021-02-08,Eastern Province,-1.95,30.45,20.33,0.2,0.86
2021-02-09,Eastern Province,-1.95,30.45,21.04,1.44,0.86
2021-02-10,Eastern Province,-1.95,30.45,21.39,6.11,0.86
2021-02-11,Eastern Province,-1.95,30.45,20.56,38.19,0.87
2021-02-12,Eastern Province,-1.95,30.45,19.41,55.19,0.88
2021-02-13,Eastern Province,-1.95,30.45,19.95,2.72,0.89
2021-02-14,Eastern Province,-1.95,30.45,19.48,3.36,0.89
2021-02-15,Eastern Province,-1.95,30.45,20.79,5.25,0.89
2021-02-16,Eastern Province,-1.95,30.45,20.97,45.59,0.89
2021-02-17,Eastern Province,-1.95,30.45,21.62,14.89,0.9
2021-02-18,Eastern Province,-1.95,30.45,21.38,4.54,0.9
2021-02-19,Eastern Province,-1.95,30.45,21.28,1.59,0.9
2021-02-20,Eastern Province,-1.95,30.45,20.83,1.06,0.9
2021-02-21,Eastern Province,-1.95,30.45,20.91,2.47,0.9
2021-02-22,Eastern Province,-1.95,30.45,20.29,1.57,0.9
2021-02-23,Eastern Province,-1.95,30.45,18.42,7.36,0.9
2021-02-24,Eastern Province,-1.95,30.45,19.33,2.31,0.9
2021-02-25,Eastern Province,-1.95,30.45,19.99,0.57,0.9
2021-02-26,Eastern Province,-1.95,30.45,20.37,2.7,0.89
2021-02-27,Eastern Province,-1.95,30.45,20.44,0.48,0.89
2021-02-28,Eastern Province,-1.95,30.45,20.82,0.59,0.89
2021-03-01,Eastern Province,-1.95,30.45,20.74,0.92,0.89
2021-03-02,Eastern Province,-1.95,30.45,20.91,1.64,0.88
2021-03-03,Eastern Province,-1.95,30.45,21.86,1.29,0.88
2021-03-04,Eastern Province,-1.95,30.45,21.55,5.2,0.88
2021-03-05,Eastern Province,-1.95,30.45,20.53,11.09,0.88
2021-03-06,Eastern Province,-1.95,30.45,20.49,4.33,0.89
2021-03-07,Eastern Province,-1.95,30.45,18.84,2.31,0.89
2021-03-08,Eastern Province,-1.95,30.45,20.41,0.76,0.89
2021-03-09,Eastern Province,-1.95,30.45,20.31,12.52,0.88
2021-03-10,Eastern Province,-1.95,30.45,20.39,1.41,0.89
2021-03-11,Eastern Province,-1.95,30.45,20.52,0.04,0.88
2021-03-12,Eastern Province,-1.95,30.45,20.24,0.01,0.88
2021-03-13,Eastern Province,-1.95,30.45,20.52,0.01,0.88
2021-03-14,Eastern Province,-1.95,30.45,20.41,0.04,0.87
2021-03-15,Eastern Province,-1.95,30.45,20.71,0.77,0.87
2021-03-16,Eastern Province,-1.95,30.45,20.39,1.58,0.87
2021-03-17,Eastern Province,-1.95,30.45,19.59,2.78,0.87
2021-03-18,Eastern Province,-1.95,30.45,20.16,0.4,0.87
2021-03-19,Eastern Province,-1.95,30.45,20.49,0.91,0.87
2021-03-20,Eastern Province,-1.95,30.45,20.23,2.95,0.87
2021-03-21,Eastern Province,-1.95,30.45,19.32,4.78,0.87
2021-03-22,Eastern Province,-1.95,30.45,19.77,4.67,0.87
2021-03-23,Eastern Province,-1.95,30.45,19.82,1.41,0.86
2021-03-24,Eastern Province,-1.95,30.45,19.67,4.41,0.86
2021-03-25,Eastern Province,-1.95,30.45,20.49,1.73,0.86
2021-03-26,Eastern Province,-1.95,30.45,20.78,0.72,0.86
2021-03-27,Eastern Province,-1.95,30.45,19.92,0.22,0.86
2021-03-28,Eastern Province,-1.95,30.45,20.78,0.06,0.86
2021-03-29,Eastern Province,-1.95,30.45,20.88,1.44,0.86
2021-03-30,Eastern Province,-1.95,30.45,19.58,9.36,0.86
2021-03-31,Eastern Province,-1.95,30.45,18.52,3.44,0.86
2021-04-01,Eastern Province,-1.95,30.45,19.51,1.68,0.86
2021-04-02,Eastern Province,-1.95,30.45,19.98,3.73,0.86
2021-04-03,Eastern Province,-1.95,30.45,19.91,3.78,0.86
2021-04-04,Eastern Province,-1.95,30.45,18.97,7.37,0.86
2021-04-05,Eastern Province,-1.95,30.45,20.43,4.77,0.86
2021-04-06,Eastern Province,-1.95,30.45,19.71,5.47,0.86
2021-04-07,Eastern Province,-1.95,30.45,18.91,2.71,0.86
2021-04-08,Eastern Province,-1.95,30.45,19.64,11.62,0.86
2021-04-09,Eastern Province,-1.95,30.45,18.75,38.24,0.87
2021-04-10,Eastern Province,-1.95,30.45,19.48,3.5,0.88
2021-04-11,Eastern Province,-1.95,30.45,18.89,12.85,0.88
2021-04-12,Eastern Province,-1.95,30.45,19.36,4.26,0.88
2021-04-13,Eastern Province,-1.95,30.45,19.31,3.36,0.88
2021-04-14,Eastern Province,-1.95,30.45,19.7,3.81,0.88
2021-04-15,Eastern Province,-1.95,30.45,20.32,2.27,0.88
2021-04-16,Eastern Province,-1.95,30.45,20.48,0.77,0.88
2021-04-17,Eastern Province,-1.95,30.45,19.66,1.55,0.87
2021-04-18,Eastern Province,-1.95,30.45,20.06,2.76,0.87
2021-04-19,Eastern Province,-1.95,30.45,19.8,1.67,0.87
2021-04-20,Eastern Province,-1.95,30.45,18.66,24.82,0.88
2021-04-21,Eastern Province,-1.95,30.45,19.65,13.82,0.88
2021-04-22,Eastern Province,-1.95,30.45,19.94,12.12,0.88
2021-04-23,Eastern Province,-1.95,30.45,18.98,30.54,0.9
2021-04-24,Eastern Province,-1.95,30.45,19.51,2.24,0.9
2021-04-25,Eastern Province,-1.95,30.45,19.62,28.32,0.9
2021-04-26,Eastern Province,-1.95,30.45,19.86,1.26,0.9
2021-04-27,Eastern Province,-1.95,30.45,20.7,0.48,0.9
2021-04-28,Eastern Province,-1.95,30.45,19.36,4.6,0.9
2021-04-29,Eastern Province,-1.95,30.45,19.79,0.68,0.9
2021-04-30,Eastern Province,-1.95,30.45,20.36,0.66,0.9
2021-05-01,Eastern Province,-1.95,30.45,20.37,1.96,0.9
2021-05-02,Eastern Province,-1.95,30.45,20.45,3.08,0.89
2021-05-03,Eastern Province,-1.95,30.45,19.99,1.77,0.89
2021-05-04,Eastern Province,-1.95,30.45,19.67,2.53,0.89
2021-05-05,Eastern Province,-1.95,30.45,19.87,1.54,0.89
2021-05-06,Eastern Province,-1.95,30.45,20.14,5.41,0.89
2021-05-07,Eastern Province,-1.95,30.45,19.44,2.33,0.89
2021-05-08,Eastern Province,-1.95,30.45,19.35,5.44,0.89
2021-05-09,Eastern Province,-1.95,30.45,20.36,4.45,0.89
2021-05-10,Eastern Province,-1.95,30.45,18.07,10.17,0.89
2021-05-11,Eastern Province,-1.95,30.45,18.62,31.65,0.9
2021-05-12,Eastern Province,-1.95,30.45,19.3,14.93,0.91
2021-05-13,Eastern Province,-1.95,30.45,19.42,4.27,0.91
2021-05-14,Eastern Province,-1.95,30.45,19.78,4.68,0.91
2021-05-15,Eastern Province,-1.95,30.45,19.8,4.15,0.91
2021-05-16,Eastern Province,-1.95,30.45,20.82,0.91,0.91
2021-05-17,Eastern Province,-1.95,30.45,20.63,0.69,0.9
2021-05-18,Eastern Province,-1.95,30.45,20.24,1.74,0.9
2021-05-19,Eastern Province,-1.95,30.45,20.17,0.73,0.9
2021-05-20,Eastern Province,-1.95,30.45,20.0,0.93,0.9
2021-05-21,Eastern Province,-1.95,30.45,20.5,1.29,0.9
2021-05-22,Eastern Province,-1.95,30.45,20.7,0.55,0.9
2021-05-23,Eastern Province,-1.95,30.45,19.97,0.21,0.89
2021-05-24,Eastern Province,-1.95,30.45,19.06,0.33,0.89
2021-05-25,Eastern Province,-1.95,30.45,18.92,0.08,0.89
2021-05-26,Eastern Province,-1.95,30.45,19.01,0.01,0.89
2021-05-27,Eastern Province,-1.95,30.45,19.66,0.15,0.88
2021-05-28,Eastern Province,-1.95,30.45,20.18,0.0,0.88
2021-05-29,Eastern Province,-1.95,30.45,20.54,0.08,0.88
2021-05-30,Eastern Province,-1.95,30.45,20.0,0.05,0.88
2021-05-31,Eastern Province,-1.95,30.45,19.54,0.93,0.88
2021-06-01,Eastern Province,-1.95,30.45,19.84,1.35,0.87
2021-06-02,Eastern Province,-1.95,30.45,19.98,0.14,0.87
2021-06-03,Eastern Province,-1.95,30.45,19.97,0.62,0.87
2021-06-04,Eastern Province,-1.95,30.45,19.58,0.37,0.87
2021-06-05,Eastern Province,-1.95,30.45,19.73,0.1,0.87
2021-06-06,Eastern Province,-1.95,30.45,18.86,0.41,0.86
2021-06-07,Eastern Province,-1.95,30.45,18.45,0.1,0.86
2021-06-08,Eastern Province,-1.95,30.45,18.36,0.06,0.86
2021-06-09,Eastern Province,-1.95,30.45,18.59,0.03,0.86
2021-06-10,Eastern Province,-1.95,30.45,18.59,0.25,0.86
2021-06-11,Eastern Province,-1.95,30.45,18.83,0.15,0.85
2021-06-12,Eastern Province,-1.95,30.45,18.84,0.05,0.85
2021-06-13,Eastern Province,-1.95,30.45,18.81,0.02,0.85
2021-06-14,Eastern Province,-1.95,30.45,19.26,0.4,0.85
2021-06-15,Eastern Province,-1.95,30.45,19.83,0.46,0.85
2021-06-16,Eastern Province,-1.95,30.45,19.2,4.76,0.84
2021-06-17,Eastern Province,-1.95,30.45,19.12,2.13,0.84
2021-06-18,Eastern Province,-1.95,30.45,17.87,3.62,0.85
2021-06-19,Eastern Province,-1.95,30.45,18.48,1.24,0.85
2021-06-20,Eastern Province,-1.95,30.45,18.78,0.11,0.84
2021-06-21,Eastern Province,-1.95,30.45,17.56,0.01,0.84
2021-06-22,Eastern Province,-1.95,30.45,17.48,0.03,0.84
2021-06-23,Eastern Province,-1.95,30.45,18.24,0.01,0.84
2021-06-24,Eastern Province,-1.95,30.45,18.68,0.0,0.84
2021-06-25,Eastern Province,-1.95,30.45,18.81,0.07,0.83
2021-06-26,Eastern Province,-1.95,30.45,18.92,0.11,0.83
2021-06-27,Eastern Province,-1.95,30.45,18.4,0.02,0.83
2021-06-28,Eastern Province,-1.95,30.45,17.69,0.19,0.83
2021-06-29,Eastern Province,-1.95,30.45,17.55,0.26,0.83
2021-06-30,Eastern Province,-1.95,30.45,18.53,0.07,0.82
2021-07-01,Eastern Province,-1.95,30.45,18.95,0.14,0.82
2021-07-02,Eastern Province,-1.95,30.45,19.31,0.04,0.82
2021-07-03,Eastern Province,-1.95,30.45,18.99,0.01,0.82
2021-07-04,Eastern Province,-1.95,30.45,18.42,0.0,0.82
2021-07-05,Eastern Province,-1.95,30.45,18.34,0.01,0.81
2021-07-06,Eastern Province,-1.95,30.45,17.89,0.01,0.81
2021-07-07,Eastern Province,-1.95,30.45,17.75,0.01,0.81
2021-07-08,Eastern Province,-1.95,30.45,17.86,0.47,0.81
2021-07-09,Eastern Province,-1.95,30.45,18.14,1.09,0.81
2021-07-10,Eastern Province,-1.95,30.45,17.88,0.63,0.81
2021-07-11,Eastern Province,-1.95,30.45,18.07,0.56,0.8
2021-07-12,Eastern Province,-1.95,30.45,18.66,0.17,0.8
2021-07-13,Eastern Province,-1.95,30.45,18.94,0.81,0.8
2021-07-14,Eastern Province,-1.95,30.45,18.62,5.57,0.8
2021-07-15,Eastern Province,-1.95,30.45,18.9,1.61,0.8
2021-07-16,Eastern Province,-1.95,30.45,18.2,0.36,0.8
2021-07-17,Eastern Province,-1.95,30.45,17.76,0.12,0.8
2021-07-18,Eastern Province,-1.95,30.45,17.72,0.23,0.8
2021-07-19,Eastern Province,-1.95,30.45,18.26,0.02,0.8
2021-07-20,Eastern Province,-1.95,30.45,18.41,0.0,0.79
2021-07-21,Eastern Province,-1.95,30.45,18.46,0.0,0.79
2021-07-22,Eastern Province,-1.95,30.45,18.29,0.0,0.79
2021-07-23,Eastern Province,-1.95,30.45,19.01,0.0,0.79
2021-07-24,Eastern Province,-1.95,30.45,18.21,0.0,0.79
2021-07-25,Eastern Province,-1.95,30.45,17.87,0.0,0.78
2021-07-26,Eastern Province,-1.95,30.45,17.17,0.01,0.78
2021-07-27,Eastern Province,-1.95,30.45,17.46,0.0,0.78
2021-07-28,Eastern Province,-1.95,30.45,18.62,0.0,0.78
2021-07-29,Eastern Province,-1.95,30.45,18.9,0.0,0.78
2021-07-30,Eastern Province,-1.95,30.45,18.77,0.18,0.78
2021-07-31,Eastern Province,-1.95,30.45,17.89,0.01,0.77
2021-08-01,Eastern Province,-1.95,30.45,18.09,0.5,0.77
2021-08-02,Eastern Province,-1.95,30.45,19.34,0.36,0.77
2021-08-03,Eastern Province,-1.95,30.45,20.09,0.15,0.77
2021-08-04,Eastern Province,-1.95,30.45,20.29,0.31,0.77
2021-08-05,Eastern Province,-1.95,30.45,20.17,0.63,0.77
2021-08-06,Eastern Province,-1.95,30.45,20.1,0.45,0.77
2021-08-07,Eastern Province,-1.95,30.45,20.46,0.34,0.76
2021-08-08,Eastern Province,-1.95,30.45,20.92,0.99,0.76
2021-08-09,Eastern Province,-1.95,30.45,20.2,5.79,0.76
2021-08-10,Eastern Province,-1.95,30.45,19.47,29.55,0.77
2021-08-11,Eastern Province,-1.95,30.45,19.54,7.37,0.78
2021-08-12,Eastern Province,-1.95,30.45,19.69,1.19,0.78
2021-08-13,Eastern Province,-1.95,30.45,21.03,2.02,0.78
2021-08-14,Eastern Province,-1.95,30.45,20.29,0.57,0.78
2021-08-15,Eastern Province,-1.95,30.45,19.3,0.09,0.77
2021-08-16,Eastern Province,-1.95,30.45,19.12,0.02,0.77
2021-08-17,Eastern Province,-1.95,30.45,20.13,0.16,0.77
2021-08-18,Eastern Province,-1.95,30.45,20.49,0.17,0.77
2021-08-19,Eastern Province,-1.95,30.45,20.74,1.21,0.77
2021-08-20,Eastern Province,-1.95,30.45,20.24,1.41,0.77
2021-08-21,Eastern Province,-1.95,30.45,20.82,2.56,0.77
2021-08-22,Eastern Province,-1.95,30.45,21.39,0.6,0.77
2021-08-23,Eastern Province,-1.95,30.45,21.15,0.22,0.76
2021-08-24,Eastern Province,-1.95,30.45,20.34,0.0,0.76
2021-08-25,Eastern Province,-1.95,30.45,20.37,0.0,0.76
2021-08-26,Eastern Province,-1.95,30.45,20.42,0.0,0.76
2021-08-27,Eastern Province,-1.95,30.45,20.39,0.0,0.76
2021-08-28,Eastern Province,-1.95,30.45,20.83,0.0,0.75
2021-08-29,Eastern Province,-1.95,30.45,21.3,0.1,0.75
2021-08-30,Eastern Province,-1.95,30.45,21.38,1.3,0.75
2021-08-31,Eastern Province,-1.95,30.45,21.62,0.97,0.75
2021-09-01,Eastern Province,-1.95,30.45,20.82,4.62,0.75
2021-09-02,Eastern Province,-1.95,30.45,20.07,5.7,0.75
2021-09-03,Eastern Province,-1.95,30.45,21.19,3.75,0.75
2021-09-04,Eastern Province,-1.95,30.45,21.06,0.43,0.75
2021-09-05,Eastern Province,-1.95,30.45,21.64,1.33,0.75
2021-09-06,Eastern Province,-1.95,30.45,20.43,4.4,0.75
2021-09-07,Eastern Province,-1.95,30.45,21.15,12.24,0.75
2021-09-08,Eastern Province,-1.95,30.45,21.21,1.47,0.75
2021-09-09,Eastern Province,-1.95,30.45,21.21,0.97,0.75
2021-09-10,Eastern Province,-1.95,30.45,21.07,0.18,0.75
2021-09-11,Eastern Province,-1.95,30.45,20.44,0.13,0.75
2021-09-12,Eastern Province,-1.95,30.45,20.85,0.1,0.75
2021-09-13,Eastern Province,-1.95,30.45,21.2,1.73,0.74
2021-09-14,Eastern Province,-1.95,30.45,22.21,0.09,0.74
2021-09-15,Eastern Province,-1.95,30.45,22.69,4.71,0.74
2021-09-16,Eastern Province,-1.95,30.45,21.9,76.71,0.75
2021-09-17,Eastern Province,-1.95,30.45,20.47,23.02,0.77
2021-09-18,Eastern Province,-1.95,30.45,18.3,30.03,0.78
2021-09-19,Eastern Province,-1.95,30.45,19.48,0.43,0.78
2021-09-20,Eastern Province,-1.95,30.45,20.5,0.24,0.78
2021-09-21,Eastern Province,-1.95,30.45,21.21,0.01,0.78
2021-09-22,Eastern Province,-1.95,30.45,20.41,0.78,0.78
2021-09-23,Eastern Province,-1.95,30.45,20.37,2.7,0.78
2021-09-24,Eastern Province,-1.95,30.45,20.68,1.43,0.77
2021-09-25,Eastern Province,-1.95,30.45,19.7,1.03,0.77
2021-09-26,Eastern Province,-1.95,30.45,19.83,1.16,0.77
2021-09-27,Eastern Province,-1.95,30.45,21.22,1.17,0.77
2021-09-28,Eastern Province,-1.95,30.45,21.74,1.23,0.77
2021-09-29,Eastern Province,-1.95,30.45,21.54,0.41,0.77
2021-09-30,Eastern Province,-1.95,30.45,21.53,1.02,0.77
2021-10-01,Eastern Province,-1.95,30.45,21.48,1.94,0.76
2021-10-02,Eastern Province,-1.95,30.45,21.82,1.97,0.76
2021-10-03,Eastern Province,-1.95,30.45,20.82,3.77,0.76
2021-10-04,Eastern Province,-1.95,30.45,20.86,0.35,0.76
2021-10-05,Eastern Province,-1.95,30.45,21.57,0.72,0.76
2021-10-06,Eastern Province,-1.95,30.45,21.33,0.66,0.76
2021-10-07,Eastern Province,-1.95,30.45,22.01,0.06,0.76
2021-10-08,Eastern Province,-1.95,30.45,21.94,0.08,0.76
2021-10-09,Eastern Province,-1.95,30.45,22.21,2.06,0.75
2021-10-10,Eastern Province,-1.95,30.45,22.07,1.88,0.75
2021-10-11,Eastern Province,-1.95,30.45,21.01,4.34,0.75
2021-10-12,Eastern Province,-1.95,30.45,22.12,0.18,0.75
2021-10-13,Eastern Province,-1.95,30.45,20.98,0.14,0.75
2021-10-14,Eastern Province,-1.95,30.45,21.24,0.35,0.75
2021-10-15,Eastern Province,-1.95,30.45,21.34,1.27,0.75
2021-10-16,Eastern Province,-1.95,30.45,21.6,1.65,0.75
2021-10-17,Eastern Province,-1.95,30.45,21.63,2.66,0.75
2021-10-18,Eastern Province,-1.95,30.45,22.34,3.33,0.75
2021-10-19,Eastern Province,-1.95,30.45,21.36,7.99,0.75
2021-10-20,Eastern Province,-1.95,30.45,20.05,3.78,0.75
2021-10-21,Eastern Province,-1.95,30.45,19.78,4.56,0.75
2021-10-22,Eastern Province,-1.95,30.45,20.34,3.85,0.75
2021-10-23,Eastern Province,-1.95,30.45,20.9,7.33,0.75
2021-10-24,Eastern Province,-1.95,30.45,21.75,0.35,0.75
2021-10-25,Eastern Province,-1.95,30.45,22.9,0.53,0.75
2021-10-26,Eastern Province,-1.95,30.45,22.55,2.06,0.75
2021-10-27,Eastern Province,-1.95,30.45,21.02,5.99,0.75
2021-10-28,Eastern Province,-1.95,30.45,20.74,3.52,0.75
2021-10-29,Eastern Province,-1.95,30.45,21.2,3.05,0.75
2021-10-30,Eastern Province,-1.95,30.45,20.39,5.12,0.75
2021-10-31,Eastern Province,-1.95,30.45,21.38,5.33,0.75
2021-11-01,Eastern Province,-1.95,30.45,20.42,11.39,0.75
2021-11-02,Eastern Province,-1.95,30.45,20.47,19.74,0.75
2021-11-03,Eastern Province,-1.95,30.45,20.11,21.77,0.76
2021-11-04,Eastern Province,-1.95,30.45,20.42,8.26,0.77
2021-11-05,Eastern Province,-1.95,30.45,20.28,23.22,0.78
2021-11-06,Eastern Province,-1.95,30.45,20.57,7.3,0.78
2021-11-07,Eastern Province,-1.95,30.45,20.6,1.13,0.78
2021-11-08,Eastern Province,-1.95,30.45,21.12,0.03,0.78
2021-11-09,Eastern Province,-1.95,30.45,19.92,0.13,0.78
2021-11-10,Eastern Province,-1.95,30.45,20.76,2.19,0.77
2021-11-11,Eastern Province,-1.95,30.45,20.62,1.72,0.77
2021-11-12,Eastern Province,-1.95,30.45,20.98,0.93,0.77
2021-11-13,Eastern Province,-1.95,30.45,20.59,0.99,0.77
2021-11-14,Eastern Province,-1.95,30.45,21.19,1.54,0.77
2021-11-15,Eastern Province,-1.95,30.45,20.85,2.65,0.77
2021-11-16,Eastern Province,-1.95,30.45,20.34,30.21,0.77
2021-11-17,Eastern Province,-1.95,30.45,20.1,9.62,0.78
2021-11-18,Eastern Province,-1.95,30.45,20.89,3.11,0.78
2021-11-19,Eastern Province,-1.95,30.45,20.44,2.34,0.78
2021-11-20,Eastern Province,-1.95,30.45,20.73,2.59,0.78
2021-11-21,Eastern Province,-1.95,30.45,20.28,10.1,0.78
2021-11-22,Eastern Province,-1.95,30.45,20.07,2.06,0.78
2021-11-23,Eastern Province,-1.95,30.45,20.32,2.02,0.78
2021-11-24,Eastern Province,-1.95,30.45,20.55,0.93,0.78
2021-11-25,Eastern Province,-1.95,30.45,20.75,2.88,0.78
2021-11-26,Eastern Province,-1.95,30.45,18.65,9.61,0.78
2021-11-27,Eastern Province,-1.95,30.45,18.49,4.52,0.78
2021-11-28,Eastern Province,-1.95,30.45,19.36,3.03,0.78
2021-11-29,Eastern Province,-1.95,30.45,19.53,2.04,0.78
2021-11-30,Eastern Province,-1.95,30.45,19.64,3.96,0.78
2021-12-01,Eastern Province,-1.95,30.45,20.16,4.07,0.78
2021-12-02,Eastern Province,-1.95,30.45,19.59,2.85,0.78
2021-12-03,Eastern Province,-1.95,30.45,19.25,6.05,0.78
2021-12-04,Eastern Province,-1.95,30.45,20.0,0.77,0.78
2021-12-05,Eastern Province,-1.95,30.45,19.55,1.43,0.78
2021-12-06,Eastern Province,-1.95,30.45,20.3,0.47,0.78
2021-12-07,Eastern Province,-1.95,30.45,20.37,3.83,0.78
2021-12-08,Eastern Province,-1.95,30.45,20.46,2.95,0.78
2021-12-09,Eastern Province,-1.95,30.45,20.46,2.47,0.78
2021-12-10,Eastern Province,-1.95,30.45,20.59,20.64,0.78
2021-12-11,Eastern Province,-1.95,30.45,20.25,12.83,0.79
2021-12-12,Eastern Province,-1.95,30.45,20.67,12.54,0.79
2021-12-13,Eastern Province,-1.95,30.45,20.33,6.39,0.8
2021-12-14,Eastern Province,-1.95,30.45,19.75,8.41,0.8
2021-12-15,Eastern Province,-1.95,30.45,20.11,10.94,0.8
2021-12-16,Eastern Province,-1.95,30.45,20.46,6.04,0.8
2021-12-17,Eastern Province,-1.95,30.45,20.74,5.48,0.8
2021-12-18,Eastern Province,-1.95,30.45,20.69,0.69,0.8
2021-12-19,Eastern Province,-1.95,30.45,21.03,1.2,0.8
2021-12-20,Eastern Province,-1.95,30.45,20.07,2.13,0.8
2021-12-21,Eastern Province,-1.95,30.45,20.62,4.11,0.8
2021-12-22,Eastern Province,-1.95,30.45,20.99,5.06,0.8
2021-12-23,Eastern Province,-1.95,30.45,21.33,3.32,0.8
2021-12-24,Eastern Province,-1.95,30.45,20.81,5.82,0.8
2021-12-25,Eastern Province,-1.95,30.45,20.61,3.5,0.8
2021-12-26,Eastern Province,-1.95,30.45,20.04,32.3,0.8
2021-12-27,Eastern Province,-1.95,30.45,18.95,20.73,0.82
2021-12-28,Eastern Province,-1.95,30.45,19.28,2.52,0.82
2021-12-29,Eastern Province,-1.95,30.45,20.06,7.27,0.82
2021-12-30,Eastern Province,-1.95,30.45,20.6,17.19,0.83
2021-12-31,Eastern Province,-1.95,30.45,19.81,8.23,0.83
2022-01-01,Eastern Province,-1.95,30.45,20.24,0.54,0.83
2022-01-02,Eastern Province,-1.95,30.45,20.09,0.42,0.83
2022-01-03,Eastern Province,-1.95,30.45,20.58,2.99,0.83
2022-01-04,Eastern Province,-1.95,30.45,20.38,2.28,0.83
2022-01-05,Eastern Province,-1.95,30.45,20.79,0.14,0.83
2022-01-06,Eastern Province,-1.95,30.45,20.99,0.01,0.82
2022-01-07,Eastern Province,-1.95,30.45,21.5,0.01,0.82
2022-01-08,Eastern Province,-1.95,30.45,21.66,0.04,0.82
2022-01-09,Eastern Province,-1.95,30.45,21.62,0.02,0.82
2022-01-10,Eastern Province,-1.95,30.45,21.05,0.0,0.81
2022-01-11,Eastern Province,-1.95,30.45,20.48,0.68,0.81
2022-01-12,Eastern Province,-1.95,30.45,21.32,0.05,0.81
2022-01-13,Eastern Province,-1.95,30.45,21.39,0.05,0.81
2022-01-14,Eastern Province,-1.95,30.45,21.77,1.52,0.81
2022-01-15,Eastern Province,-1.95,30.45,20.49,3.5,0.8
2022-01-16,Eastern Province,-1.95,30.45,19.15,4.57,0.81
2022-01-17,Eastern Province,-1.95,30.45,19.1,5.09,0.81
2022-01-18,Eastern Province,-1.95,30.45,19.05,4.07,0.81
2022-01-19,Eastern Province,-1.95,30.45,18.67,26.19,0.82
2022-01-20,Eastern Province,-1.95,30.45,19.47,9.05,0.82
2022-01-21,Eastern Province,-1.95,30.45,19.46,0.64,0.82
2022-01-22,Eastern Province,-1.95,30.45,20.18,3.4,0.82
2022-01-23,Eastern Province,-1.95,30.45,20.15,7.4,0.82
2022-01-24,Eastern Province,-1.95,30.45,20.23,5.93,0.82
2022-01-25,Eastern Province,-1.95,30.45,20.47,0.29,0.82
2022-01-26,Eastern Province,-1.95,30.45,21.01,0.14,0.82
2022-01-27,Eastern Province,-1.95,30.45,20.83,0.6,0.82
2022-01-28,Eastern Province,-1.95,30.45,20.71,7.52,0.81
2022-01-29,Eastern Province,-1.95,30.45,20.92,7.28,0.82
2022-01-30,Eastern Province,-1.95,30.45,20.96,26.02,0.82
2022-01-31,Eastern Province,-1.95,30.45,19.78,14.85,0.83
2022-02-01,Eastern Province,-1.95,30.45,20.12,2.03,0.83
2022-02-02,Eastern Province,-1.95,30.45,20.38,11.17,0.83
2022-02-03,Eastern Province,-1.95,30.45,19.59,8.16,0.84
2022-02-04,Eastern Province,-1.95,30.45,20.45,1.37,0.84
2022-02-05,Eastern Province,-1.95,30.45,18.71,26.16,0.84
2022-02-06,Eastern Province,-1.95,30.45,19.66,9.67,0.85
2022-02-07,Eastern Province,-1.95,30.45,19.92,53.73,0.86
2022-02-08,Eastern Province,-1.95,30.45,20.12,9.35,0.86
2022-02-09,Eastern Province,-1.95,30.45,20.73,21.64,0.87
2022-02-10,Eastern Province,-1.95,30.45,20.37,24.57,0.87
2022-02-11,Eastern Province,-1.95,30.45,20.34,11.6,0.88
2022-02-12,Eastern Province,-1.95,30.45,19.97,10.04,0.88
2022-02-13,Eastern Province,-1.95,30.45,20.31,6.43,0.89
2022-02-14,Eastern Province,-1.95,30.45,20.52,5.2,0.89
2022-02-15,Eastern Province,-1.95,30.45,20.06,2.57,0.89
2022-02-16,Eastern Province,-1.95,30.45,19.62,4.27,0.88
2022-02-17,Eastern Province,-1.95,30.45,19.98,6.34,0.89
2022-02-18,Eastern Province,-1.95,30.45,19.98,8.08,0.89
2022-02-19,Eastern Province,-1.95,30.45,19.77,6.55,0.89
2022-02-20,Eastern Province,-1.95,30.45,20.16,10.44,0.89
2022-02-21,Eastern Province,-1.95,30.45,20.95,1.58,0.89
2022-02-22,Eastern Province,-1.95,30.45,21.55,11.76,0.89
2022-02-23,Eastern Province,-1.95,30.45,21.02,40.85,0.9
2022-02-24,Eastern Province,-1.95,30.45,19.32,7.91,0.9
2022-02-25,Eastern Province,-1.95,30.45,20.19,2.04,0.9
2022-02-26,Eastern Province,-1.95,30.45,19.89,1.78,0.9
2022-02-27,Eastern Province,-1.95,30.45,20.02,1.32,0.9
2022-02-28,Eastern Province,-1.95,30.45,20.65,0.44,0.9
2022-03-01,Eastern Province,-1.95,30.45,20.73,1.59,0.89
2022-03-02,Eastern Province,-1.95,30.45,21.13,4.16,0.89
2022-03-03,Eastern Province,-1.95,30.45,20.6,0.61,0.89
2022-03-04,Eastern Province,-1.95,30.45,20.65,0.57,0.89
2022-03-05,Eastern Province,-1.95,30.45,21.7,0.75,0.89
2022-03-06,Eastern Province,-1.95,30.45,21.52,1.46,0.88
2022-03-07,Eastern Province,-1.95,30.45,21.61,1.7,0.88
2022-03-08,Eastern Province,-1.95,30.45,21.32,9.34,0.88
2022-03-09,Eastern Province,-1.95,30.45,21.21,2.9,0.88
2022-03-10,Eastern Province,-1.95,30.45,20.68,0.44,0.88
2022-03-11,Eastern Province,-1.95,30.45,20.9,0.34,0.88
2022-03-12,Eastern Province,-1.95,30.45,21.43,1.66,0.88
2022-03-13,Eastern Province,-1.95,30.45,21.64,1.16,0.87
2022-03-14,Eastern Province,-1.95,30.45,21.26,0.45,0.87
2022-03-15,Eastern Province,-1.95,30.45,21.54,1.61,0.87
2022-03-16,Eastern Province,-1.95,30.45,22.14,3.57,0.87
2022-03-17,Eastern Province,-1.95,30.45,21.09,12.86,0.87
2022-03-18,Eastern Province,-1.95,30.45,20.24,11.27,0.87
2022-03-19,Eastern Province,-1.95,30.45,20.78,0.14,0.87
2022-03-20,Eastern Province,-1.95,30.45,20.76,0.81,0.87
2022-03-21,Eastern Province,-1.95,30.45,21.09,1.29,0.87
2022-03-22,Eastern Province,-1.95,30.45,20.37,17.25,0.87
2022-03-23,Eastern Province,-1.95,30.45,20.22,3.02,0.87
2022-03-24,Eastern Province,-1.95,30.45,20.17,1.6,0.87
2022-03-25,Eastern Province,-1.95,30.45,20.32,4.39,0.87
2022-03-26,Eastern Province,-1.95,30.45,20.04,5.59,0.87
2022-03-27,Eastern Province,-1.95,30.45,19.37,9.3,0.88
2022-03-28,Eastern Province,-1.95,30.45,19.81,3.46,0.88
2022-03-29,Eastern Province,-1.95,30.45,18.45,40.73,0.89
2022-03-30,Eastern Province,-1.95,30.45,17.99,13.51,0.89
2022-03-31,Eastern Province,-1.95,30.45,19.95,18.39,0.9
2022-04-01,Eastern Province,-1.95,30.45,20.22,0.94,0.9
2022-04-02,Eastern Province,-1.95,30.45,19.88,8.26,0.9
2022-04-03,Eastern Province,-1.95,30.45,20.51,3.74,0.9
2022-04-04,Eastern Province,-1.95,30.45,21.28,0.34,0.9
2022-04-05,Eastern Province,-1.95,30.45,20.47,0.75,0.89
2022-04-06,Eastern Province,-1.95,30.45,20.41,11.33,0.89
2022-04-07,Eastern Province,-1.95,30.45,19.78,15.85,0.9
2022-04-08,Eastern Province,-1.95,30.45,19.88,4.57,0.9
2022-04-09,Eastern Province,-1.95,30.45,20.3,10.12,0.9
2022-04-10,Eastern Province,-1.95,30.45,20.18,3.78,0.9
2022-04-11,Eastern Province,-1.95,30.45,20.52,0.87,0.9
2022-04-12,Eastern Province,-1.95,30.45,20.12,1.33,0.9
2022-04-13,Eastern Province,-1.95,30.45,20.27,2.4,0.89
2022-04-14,Eastern Province,-1.95,30.45,20.09,18.64,0.89
2022-04-15,Eastern Province,-1.95,30.45,18.58,27.79,0.91
2022-04-16,Eastern Province,-1.95,30.45,19.87,0.81,0.91
2022-04-17,Eastern Province,-1.95,30.45,20.35,0.64,0.9
2022-04-18,Eastern Province,-1.95,30.45,20.22,1.63,0.9
2022-04-19,Eastern Province,-1.95,30.45,20.5,5.79,0.9
2022-04-20,Eastern Province,-1.95,30.45,19.89,5.43,0.9
2022-04-21,Eastern Province,-1.95,30.45,19.34,8.3,0.9
2022-04-22,Eastern Province,-1.95,30.45,20.49,7.92,0.9
2022-04-23,Eastern Province,-1.95,30.45,20.99,1.97,0.9
2022-04-24,Eastern Province,-1.95,30.45,20.45,12.07,0.9
2022-04-25,Eastern Province,-1.95,30.45,21.01,4.55,0.9
2022-04-26,Eastern Province,-1.95,30.45,19.38,1.25,0.9
2022-04-27,Eastern Province,-1.95,30.45,20.18,7.41,0.9
2022-04-28,Eastern Province,-1.95,30.45,19.78,3.5,0.9
2022-04-29,Eastern Province,-1.95,30.45,19.08,12.11,0.91
2022-04-30,Eastern Province,-1.95,30.45,19.73,0.85,0.9
2022-05-01,Eastern Province,-1.95,30.45,19.69,8.7,0.9
2022-05-02,Eastern Province,-1.95,30.45,19.35,6.67,0.91
2022-05-03,Eastern Province,-1.95,30.45,19.46,4.28,0.91
2022-05-04,Eastern Province,-1.95,30.45,19.37,1.09,0.9
2022-05-05,Eastern Province,-1.95,30.45,19.58,1.39,0.9
2022-05-06,Eastern Province,-1.95,30.45,19.58,1.34,0.9
2022-05-07,Eastern Province,-1.95,30.45,20.07,3.51,0.9
2022-05-08,Eastern Province,-1.95,30.45,19.88,1.68,0.9
2022-05-09,Eastern Province,-1.95,30.45,20.05,0.72,0.9
2022-05-10,Eastern Province,-1.95,30.45,20.39,0.2,0.89
2022-05-11,Eastern Province,-1.95,30.45,20.15,0.78,0.89
2022-05-12,Eastern Province,-1.95,30.45,19.97,4.25,0.89
2022-05-13,Eastern Province,-1.95,30.45,20.33,4.27,0.89
2022-05-14,Eastern Province,-1.95,30.45,20.27,11.42,0.89
2022-05-15,Eastern Province,-1.95,30.45,19.95,1.42,0.89
2022-05-16,Eastern Province,-1.95,30.45,19.65,0.7,0.89
2022-05-17,Eastern Province,-1.95,30.45,19.63,3.1,0.89
2022-05-18,Eastern Province,-1.95,30.45,20.01,0.48,0.89
2022-05-19,Eastern Province,-1.95,30.45,19.53,0.03,0.88
2022-05-20,Eastern Province,-1.95,30.45,19.49,0.31,0.88
2022-05-21,Eastern Province,-1.95,30.45,20.59,0.05,0.88
2022-05-22,Eastern Province,-1.95,30.45,20.6,0.42,0.88
2022-05-23,Eastern Province,-1.95,30.45,20.23,0.6,0.88
2022-05-24,Eastern Province,-1.95,30.45,20.99,0.15,0.87
2022-05-25,Eastern Province,-1.95,30.45,19.36,0.67,0.87
2022-05-26,Eastern Province,-1.95,30.45,19.78,22.44,0.87
2022-05-27,Eastern Province,-1.95,30.45,19.28,2.47,0.88
2022-05-28,Eastern Province,-1.95,30.45,19.4,9.35,0.88
2022-05-29,Eastern Province,-1.95,30.45,18.3,5.7,0.88
2022-05-30,Eastern Province,-1.95,30.45,18.86,1.56,0.88
2022-05-31,Eastern Province,-1.95,30.45,19.54,2.35,0.88
2022-06-01,Eastern Province,-1.95,30.45,19.0,3.71,0.88
2022-06-02,Eastern Province,-1.95,30.45,18.38,5.22,0.88
2022-06-03,Eastern Province,-1.95,30.45,18.09,0.89,0.88
2022-06-04,Eastern Province,-1.95,30.45,18.13,0.25,0.88
2022-06-05,Eastern Province,-1.95,30.45,18.37,0.04,0.87
2022-06-06,Eastern Province,-1.95,30.45,18.2,0.1,0.87
2022-06-07,Eastern Province,-1.95,30.45,18.01,0.33,0.87
2022-06-08,Eastern Province,-1.95,30.45,18.21,0.94,0.87
2022-06-09,Eastern Province,-1.95,30.45,18.04,1.43,0.87
2022-06-10,Eastern Province,-1.95,30.45,19.0,0.58,0.86
2022-06-11,Eastern Province,-1.95,30.45,19.0,0.28,0.86
2022-06-12,Eastern Province,-1.95,30.45,19.13,2.55,0.86
2022-06-13,Eastern Province,-1.95,30.45,19.14,0.36,0.86
2022-06-14,Eastern Province,-1.95,30.45,19.44,0.68,0.86
2022-06-15,Eastern Province,-1.95,30.45,19.76,0.48,0.86
2022-06-16,Eastern Province,-1.95,30.45,19.5,0.8,0.85
2022-06-17,Eastern Province,-1.95,30.45,19.89,1.04,0.85
2022-06-18,Eastern Province,-1.95,30.45,19.12,3.31,0.85
2022-06-19,Eastern Province,-1.95,30.45,18.79,2.89,0.85
2022-06-20,Eastern Province,-1.95,30.45,18.3,0.3,0.85
2022-06-21,Eastern Province,-1.95,30.45,18.16,0.01,0.85
2022-06-22,Eastern Province,-1.95,30.45,18.4,0.01,0.85
2022-06-23,Eastern Province,-1.95,30.45,18.48,0.04,0.84
2022-06-24,Eastern Province,-1.95,30.45,18.01,0.08,0.84
2022-06-25,Eastern Province,-1.95,30.45,18.4,0.03,0.84
2022-06-26,Eastern Province,-1.95,30.45,17.85,0.21,0.84
2022-06-27,Eastern Province,-1.95,30.45,17.82,0.04,0.84
2022-06-28,Eastern Province,-1.95,30.45,17.43,0.02,0.83
2022-06-29,Eastern Province,-1.95,30.45,17.29,0.0,0.83
2022-06-30,Eastern Province,-1.95,30.45,17.91,0.0,0.83
2022-07-01,Eastern Province,-1.95,30.45,18.13,0.0,0.83
2022-07-02,Eastern Province,-1.95,30.45,18.05,0.0,0.83
2022-07-03,Eastern Province,-1.95,30.45,17.55,0.0,0.82
2022-07-04,Eastern Province,-1.95,30.45,17.18,0.0,0.82
2022-07-05,Eastern Province,-1.95,30.45,17.73,0.0,0.82
2022-07-06,Eastern Province,-1.95,30.45,18.21,0.02,0.82
2022-07-07,Eastern Province,-1.95,30.45,18.35,0.0,0.82
2022-07-08,Eastern Province,-1.95,30.45,17.37,0.0,0.81
2022-07-09,Eastern Province,-1.95,30.45,16.75,0.1,0.81
2022-07-10,Eastern Province,-1.95,30.45,16.95,0.0,0.81
2022-07-11,Eastern Province,-1.95,30.45,17.87,0.0,0.81
2022-07-12,Eastern Province,-1.95,30.45,18.22,0.0,0.81
2022-07-13,Eastern Province,-1.95,30.45,18.32,0.0,0.8
2022-07-14,Eastern Province,-1.95,30.45,18.67,0.0,0.8
2022-07-15,Eastern Province,-1.95,30.45,19.15,0.22,0.8
2022-07-16,Eastern Province,-1.95,30.45,19.9,0.47,0.8
2022-07-17,Eastern Province,-1.95,30.45,18.84,0.1,0.8
2022-07-18,Eastern Province,-1.95,30.45,18.35,0.01,0.79
2022-07-19,Eastern Province,-1.95,30.45,18.03,0.1,0.79
2022-07-20,Eastern Province,-1.95,30.45,18.12,0.04,0.79
2022-07-21,Eastern Province,-1.95,30.45,17.88,0.01,0.79
2022-07-22,Eastern Province,-1.95,30.45,18.22,0.0,0.79
2022-07-23,Eastern Province,-1.95,30.45,18.2,0.01,0.79
2022-07-24,Eastern Province,-1.95,30.45,18.75,0.18,0.78
2022-07-25,Eastern Province,-1.95,30.45,19.56,0.08,0.78
2022-07-26,Eastern Province,-1.95,30.45,19.26,0.08,0.78
2022-07-27,Eastern Province,-1.95,30.45,19.76,0.1,0.78
2022-07-28,Eastern Province,-1.95,30.45,19.53,0.67,0.78
2022-07-29,Eastern Province,-1.95,30.45,19.4,3.65,0.78
2022-07-30,Eastern Province,-1.95,30.45,19.83,1.5,0.78
2022-07-31,Eastern Province,-1.95,30.45,20.41,2.13,0.78
2022-08-01,Eastern Province,-1.95,30.45,19.49,9.02,0.78
2022-08-02,Eastern Province,-1.95,30.45,19.58,4.28,0.78
2022-08-03,Eastern Province,-1.95,30.45,19.42,1.02,0.78
2022-08-04,Eastern Province,-1.95,30.45,19.35,0.1,0.78
2022-08-05,Eastern Province,-1.95,30.45,19.19,0.0,0.78
2022-08-06,Eastern Province,-1.95,30.45,19.35,0.0,0.77
2022-08-07,Eastern Province,-1.95,30.45,19.63,0.0,0.77
2022-08-08,Eastern Province,-1.95,30.45,19.36,0.0,0.77
2022-08-09,Eastern Province,-1.95,30.45,19.38,0.0,0.77
2022-08-10,Eastern Province,-1.95,30.45,19.29,0.01,0.77
2022-08-11,Eastern Province,-1.95,30.45,20.07,0.02,0.76
2022-08-12,Eastern Province,-1.95,30.45,20.33,0.02,0.76
2022-08-13,Eastern Province,-1.95,30.45,20.32,0.29,0.76
2022-08-14,Eastern Province,-1.95,30.45,20.2,21.57,0.76
2022-08-15,Eastern Province,-1.95,30.45,20.19,17.38,0.77
2022-08-16,Eastern Province,-1.95,30.45,19.59,23.78,0.78
2022-08-17,Eastern Province,-1.95,30.45,18.14,52.62,0.8
2022-08-18,Eastern Province,-1.95,30.45,18.94,6.62,0.81
2022-08-19,Eastern Province,-1.95,30.45,19.8,0.1,0.81
2022-08-20,Eastern Province,-1.95,30.45,20.09,0.58,0.8
2022-08-21,Eastern Province,-1.95,30.45,20.66,0.5,0.8
2022-08-22,Eastern Province,-1.95,30.45,20.18,0.28,0.8
2022-08-23,Eastern Province,-1.95,30.45,19.92,0.07,0.8
2022-08-24,Eastern Province,-1.95,30.45,19.82,0.13,0.8
2022-08-25,Eastern Province,-1.95,30.45,19.08,0.01,0.79
2022-08-26,Eastern Province,-1.95,30.45,19.75,0.07,0.79
2022-08-27,Eastern Province,-1.95,30.45,20.14,0.87,0.79
2022-08-28,Eastern Province,-1.95,30.45,20.15,4.48,0.79
2022-08-29,Eastern Province,-1.95,30.45,19.89,12.77,0.79
2022-08-30,Eastern Province,-1.95,30.45,20.66,16.7,0.79
2022-08-31,Eastern Province,-1.95,30.45,19.87,8.67,0.8
2022-09-01,Eastern Province,-1.95,30.45,19.55,4.21,0.8
2022-09-02,Eastern Province,-1.95,30.45,20.2,0.32,0.8
2022-09-03,Eastern Province,-1.95,30.45,19.93,0.03,0.8
2022-09-04,Eastern Province,-1.95,30.45,20.48,0.14,0.8
2022-09-05,Eastern Province,-1.95,30.45,20.59,0.09,0.8
2022-09-06,Eastern Province,-1.95,30.45,20.43,0.69,0.79
2022-09-07,Eastern Province,-1.95,30.45,18.61,4.32,0.79
2022-09-08,Eastern Province,-1.95,30.45,19.63,9.68,0.8
2022-09-09,Eastern Province,-1.95,30.45,20.38,4.49,0.8
2022-09-10,Eastern Province,-1.95,30.45,19.93,9.13,0.8
2022-09-11,Eastern Province,-1.95,30.45,21.18,3.22,0.8
2022-09-12,Eastern Province,-1.95,30.45,20.57,2.66,0.8
2022-09-13,Eastern Province,-1.95,30.45,20.63,5.39,0.8
2022-09-14,Eastern Province,-1.95,30.45,18.84,30.97,0.8
2022-09-15,Eastern Province,-1.95,30.45,19.84,9.39,0.82
2022-09-16,Eastern Province,-1.95,30.45,20.47,1.17,0.82
2022-09-17,Eastern Province,-1.95,30.45,20.23,0.66,0.81
2022-09-18,Eastern Province,-1.95,30.45,20.29,11.12,0.81
2022-09-19,Eastern Province,-1.95,30.45,20.94,15.07,0.82
2022-09-20,Eastern Province,-1.95,30.45,21.56,5.35,0.82
2022-09-21,Eastern Province,-1.95,30.45,21.04,4.07,0.82
2022-09-22,Eastern Province,-1.95,30.45,20.84,10.38,0.82
2022-09-23,Eastern Province,-1.95,30.45,20.98,1.29,0.82
2022-09-24,Eastern Province,-1.95,30.45,21.2,1.23,0.82
2022-09-25,Eastern Province,-1.95,30.45,20.62,6.75,0.82
2022-09-26,Eastern Province,-1.95,30.45,20.55,3.04,0.82
2022-09-27,Eastern Province,-1.95,30.45,20.84,1.02,0.82
2022-09-28,Eastern Province,-1.95,30.45,19.74,0.39,0.82
2022-09-29,Eastern Province,-1.95,30.45,20.11,0.03,0.82
2022-09-30,Eastern Province,-1.95,30.45,20.77,0.85,0.81
2022-10-01,Eastern Province,-1.95,30.45,20.59,2.93,0.81
2022-10-02,Eastern Province,-1.95,30.45,20.06,4.25,0.81
2022-10-03,Eastern Province,-1.95,30.45,20.28,0.69,0.81
2022-10-04,Eastern Province,-1.95,30.45,21.0,2.52,0.81
2022-10-05,Eastern Province,-1.95,30.45,20.24,11.29,0.81
2022-10-06,Eastern Province,-1.95,30.45,20.67,7.02,0.81
2022-10-07,Eastern Province,-1.95,30.45,20.16,4.86,0.81
2022-10-08,Eastern Province,-1.95,30.45,20.56,0.62,0.81
2022-10-09,Eastern Province,-1.95,30.45,20.12,2.1,0.81
2022-10-10,Eastern Province,-1.95,30.45,20.75,1.22,0.81
2022-10-11,Eastern Province,-1.95,30.45,20.75,1.65,0.81
2022-10-12,Eastern Province,-1.95,30.45,20.58,2.79,0.81
2022-10-13,Eastern Province,-1.95,30.45,20.56,0.58,0.8
2022-10-14,Eastern Province,-1.95,30.45,20.57,0.19,0.8
2022-10-15,Eastern Province,-1.95,30.45,20.9,0.41,0.8
2022-10-16,Eastern Province,-1.95,30.45,20.23,2.36,0.8
2022-10-17,Eastern Province,-1.95,30.45,20.35,3.28,0.8
2022-10-18,Eastern Province,-1.95,30.45,20.4,3.77,0.8
2022-10-19,Eastern Province,-1.95,30.45,19.89,13.21,0.8
2022-10-20,Eastern Province,-1.95,30.45,20.5,16.8,0.81
2022-10-21,Eastern Province,-1.95,30.45,19.8,12.91,0.81
2022-10-22,Eastern Province,-1.95,30.45,20.57,0.38,0.81
2022-10-23,Eastern Province,-1.95,30.45,20.56,0.1,0.81
2022-10-24,Eastern Province,-1.95,30.45,20.95,0.55,0.81
2022-10-25,Eastern Province,-1.95,30.45,21.35,0.42,0.81
2022-10-26,Eastern Province,-1.95,30.45,20.34,0.57,0.81
2022-10-27,Eastern Province,-1.95,30.45,21.44,1.44,0.8
2022-10-28,Eastern Province,-1.95,30.45,21.4,1.31,0.8
2022-10-29,Eastern Province,-1.95,30.45,21.23,3.78,0.8
2022-10-30,Eastern Province,-1.95,30.45,20.92,3.28,0.8
2022-10-31,Eastern Province,-1.95,30.45,21.43,1.41,0.8
2022-11-01,Eastern Province,-1.95,30.45,21.17,1.24,0.8
2022-11-02,Eastern Province,-1.95,30.45,19.98,4.41,0.8
2022-11-03,Eastern Province,-1.95,30.45,19.99,2.29,0.8
2022-11-04,Eastern Province,-1.95,30.45,20.37,1.53,0.8
2022-11-05,Eastern Province,-1.95,30.45,20.14,3.53,0.8
2022-11-06,Eastern Province,-1.95,30.45,21.08,0.88,0.79
2022-11-07,Eastern Province,-1.95,30.45,19.32,18.71,0.8
2022-11-08,Eastern Province,-1.95,30.45,19.96,1.5,0.8
2022-11-09,Eastern Province,-1.95,30.45,19.77,3.87,0.8
2022-11-10,Eastern Province,-1.95,30.45,19.38,3.21,0.8
2022-11-11,Eastern Province,-1.95,30.45,20.19,2.0,0.8
2022-11-12,Eastern Province,-1.95,30.45,19.77,18.21,0.8
2022-11-13,Eastern Province,-1.95,30.45,19.36,6.59,0.81
2022-11-14,Eastern Province,-1.95,30.45,20.52,1.25,0.81
2022-11-15,Eastern Province,-1.95,30.45,20.67,23.23,0.81
2022-11-16,Eastern Province,-1.95,30.45,20.39,29.18,0.83
2022-11-17,Eastern Province,-1.95,30.45,20.34,10.18,0.83
2022-11-18,Eastern Province,-1.95,30.45,18.47,19.95,0.84
2022-11-19,Eastern Province,-1.95,30.45,18.93,4.17,0.84
2022-11-20,Eastern Province,-1.95,30.45,19.92,4.98,0.84
2022-11-21,Eastern Province,-1.95,30.45,19.49,4.54,0.84
2022-11-22,Eastern Province,-1.95,30.45,19.48,5.26,0.84
2022-11-23,Eastern Province,-1.95,30.45,19.84,1.62,0.84
2022-11-24,Eastern Province,-1.95,30.45,19.53,1.65,0.84
2022-11-25,Eastern Province,-1.95,30.45,19.71,2.4,0.84
2022-11-26,Eastern Province,-1.95,30.45,19.78,2.63,0.83
2022-11-27,Eastern Province,-1.95,30.45,20.33,1.33,0.83
2022-11-28,Eastern Province,-1.95,30.45,20.13,3.38,0.83
2022-11-29,Eastern Province,-1.95,30.45,19.57,16.75,0.84
2022-11-30,Eastern Province,-1.95,30.45,19.12,10.16,0.84
2022-12-01,Eastern Province,-1.95,30.45,19.6,10.81,0.84
2022-12-02,Eastern Province,-1.95,30.45,19.74,1.63,0.84
2022-12-03,Eastern Province,-1.95,30.45,20.66,0.39,0.84
2022-12-04,Eastern Province,-1.95,30.45,20.71,1.05,0.84
2022-12-05,Eastern Province,-1.95,30.45,19.91,2.42,0.84
2022-12-06,Eastern Province,-1.95,30.45,19.74,0.47,0.84
2022-12-07,Eastern Province,-1.95,30.45,20.41,0.54,0.84
2022-12-08,Eastern Province,-1.95,30.45,18.15,3.94,0.84
2022-12-09,Eastern Province,-1.95,30.45,18.99,3.05,0.84
2022-12-10,Eastern Province,-1.95,30.45,19.18,2.85,0.84
2022-12-11,Eastern Province,-1.95,30.45,20.42,0.95,0.83
2022-12-12,Eastern Province,-1.95,30.45,20.01,2.58,0.83
2022-12-13,Eastern Province,-1.95,30.45,19.47,5.88,0.83
2022-12-14,Eastern Province,-1.95,30.45,19.4,2.22,0.83
2022-12-15,Eastern Province,-1.95,30.45,18.94,5.45,0.83
2022-12-16,Eastern Province,-1.95,30.45,19.46,4.27,0.83
2022-12-17,Eastern Province,-1.95,30.45,20.24,1.45,0.83
2022-12-18,Eastern Province,-1.95,30.45,20.58,1.39,0.83
2022-12-19,Eastern Province,-1.95,30.45,20.06,2.97,0.83
2022-12-20,Eastern Province,-1.95,30.45,20.23,20.55,0.83
2022-12-21,Eastern Province,-1.95,30.45,19.78,6.72,0.84
2022-12-22,Eastern Province,-1.95,30.45,20.42,0.26,0.84
2022-12-23,Eastern Province,-1.95,30.45,19.58,4.45,0.83
2022-12-24,Eastern Province,-1.95,30.45,19.9,11.11,0.84
2022-12-25,Eastern Province,-1.95,30.45,20.09,1.66,0.84
2022-12-26,Eastern Province,-1.95,30.45,19.9,3.88,0.84
2022-12-27,Eastern Province,-1.95,30.45,19.78,11.72,0.84
2022-12-28,Eastern Province,-1.95,30.45,20.33,2.7,0.84
2022-12-29,Eastern Province,-1.95,30.45,19.77,2.33,0.84
2022-12-30,Eastern Province,-1.95,30.45,19.79,1.56,0.84
2022-12-31,Eastern Province,-1.95,30.45,20.02,1.45,0.84
2023-01-01,Eastern Province,-1.95,30.45,19.86,0.09,0.83
2023-01-02,Eastern Province,-1.95,30.45,19.81,0.03,0.83
2023-01-03,Eastern Province,-1.95,30.45,20.06,0.2,0.83
2023-01-04,Eastern Province,-1.95,30.45,20.14,0.3,0.83
2023-01-05,Eastern Province,-1.95,30.45,20.18,0.21,0.82
2023-01-06,Eastern Province,-1.95,30.45,20.31,0.37,0.82
2023-01-07,Eastern Province,-1.95,30.45,20.4,0.1,0.82
2023-01-08,Eastern Province,-1.95,30.45,20.24,2.14,0.82
2023-01-09,Eastern Province,-1.95,30.45,20.26,3.02,0.82
2023-01-10,Eastern Province,-1.95,30.45,20.06,10.82,0.82
2023-01-11,Eastern Province,-1.95,30.45,19.96,5.87,0.82
2023-01-12,Eastern Province,-1.95,30.45,19.71,1.4,0.82
2023-01-13,Eastern Province,-1.95,30.45,19.82,1.43,0.82
2023-01-14,Eastern Province,-1.95,30.45,20.24,2.33,0.82
2023-01-15,Eastern Province,-1.95,30.45,20.3,0.69,0.82
2023-01-16,Eastern Province,-1.95,30.45,20.3,1.89,0.81
2023-01-17,Eastern Province,-1.95,30.45,20.34,1.9,0.81
2023-01-18,Eastern Province,-1.95,30.45,20.72,2.77,0.81
2023-01-19,Eastern Province,-1.95,30.45,20.73,2.27,0.81
2023-01-20,Eastern Province,-1.95,30.45,20.36,0.91,0.81
2023-01-21,Eastern Province,-1.95,30.45,20.77,0.95,0.81
2023-01-22,Eastern Province,-1.95,30.45,20.0,0.38,0.81
2023-01-23,Eastern Province,-1.95,30.45,20.15,0.86,0.8
2023-01-24,Eastern Province,-1.95,30.45,20.34,2.98,0.8
2023-01-25,Eastern Province,-1.95,30.45,19.42,4.6,0.8
2023-01-26,Eastern Province,-1.95,30.45,19.57,1.15,0.8
2023-01-27,Eastern Province,-1.95,30.45,20.41,0.87,0.8
2023-01-28,Eastern Province,-1.95,30.45,20.57,1.36,0.8
2023-01-29,Eastern Province,-1.95,30.45,20.64,0.24,0.8
2023-01-30,Eastern Province,-1.95,30.45,20.88,0.83,0.8
2023-01-31,Eastern Province,-1.95,30.45,21.0,0.56,0.79
2023-02-01,Eastern Province,-1.95,30.45,21.56,0.82,0.79
2023-02-02,Eastern Province,-1.95,30.45,20.99,0.63,0.79
2023-02-03,Eastern Province,-1.95,30.45,20.88,1.21,0.79
2023-02-04,Eastern Province,-1.95,30.45,20.47,1.06,0.79
2023-02-05,Eastern Province,-1.95,30.45,20.43,1.66,0.79
2023-02-06,Eastern Province,-1.95,30.45,20.99,2.02,0.78
2023-02-07,Eastern Province,-1.95,30.45,20.29,1.79,0.78
2023-02-08,Eastern Province,-1.95,30.45,21.04,1.83,0.78
2023-02-09,Eastern Province,-1.95,30.45,20.65,1.19,0.78
2023-02-10,Eastern Province,-1.95,30.45,21.06,0.13,0.78
2023-02-11,Eastern Province,-1.95,30.45,21.27,0.04,0.78
2023-02-12,Eastern Province,-1.95,30.45,21.71,0.14,0.78
2023-02-13,Eastern Province,-1.95,30.45,21.31,0.03,0.77
2023-02-14,Eastern Province,-1.95,30.45,21.94,0.15,0.77
2023-02-15,Eastern Province,-1.95,30.45,21.92,4.3,0.77
2023-02-16,Eastern Province,-1.95,30.45,21.02,0.91,0.77
2023-02-17,Eastern Province,-1.95,30.45,20.95,6.1,0.77
2023-02-18,Eastern Province,-1.95,30.45,21.43,7.36,0.77
2023-02-19,Eastern Province,-1.95,30.45,21.65,0.13,0.77
2023-02-20,Eastern Province,-1.95,30.45,22.22,0.01,0.77
2023-02-21,Eastern Province,-1.95,30.45,19.75,7.61,0.77
2023-02-22,Eastern Province,-1.95,30.45,20.0,4.52,0.77
2023-02-23,Eastern Province,-1.95,30.45,21.15,3.02,0.77
2023-02-24,Eastern Province,-1.95,30.45,20.33,0.41,0.77
2023-02-25,Eastern Province,-1.95,30.45,21.82,0.56,0.77
2023-02-26,Eastern Province,-1.95,30.45,21.27,2.84,0.77
2023-02-27,Eastern Province,-1.95,30.45,21.02,7.86,0.77
2023-02-28,Eastern Province,-1.95,30.45,19.9,4.33,0.77
2023-03-01,Eastern Province,-1.95,30.45,20.83,1.99,0.77
2023-03-02,Eastern Province,-1.95,30.45,21.21,1.87,0.77
2023-03-03,Eastern Province,-1.95,30.45,19.67,7.35,0.77
2023-03-04,Eastern Province,-1.95,30.45,20.33,1.15,0.77
2023-03-05,Eastern Province,-1.95,30.45,21.42,1.83,0.77
2023-03-06,Eastern Province,-1.95,30.45,21.65,0.81,0.77
2023-03-07,Eastern Province,-1.95,30.45,22.16,0.01,0.76
2023-03-08,Eastern Province,-1.95,30.45,22.78,0.17,0.76
2023-03-09,Eastern Province,-1.95,30.45,22.88,0.72,0.76
2023-03-10,Eastern Province,-1.95,30.45,21.88,3.85,0.76
2023-03-11,Eastern Province,-1.95,30.45,20.36,2.27,0.76
2023-03-12,Eastern Province,-1.95,30.45,20.68,3.27,0.76
2023-03-13,Eastern Province,-1.95,30.45,21.08,2.64,0.76
2023-03-14,Eastern Province,-1.95,30.45,21.01,4.86,0.76
2023-03-15,Eastern Province,-1.95,30.45,20.61,8.79,0.76
2023-03-16,Eastern Province,-1.95,30.45,20.3,0.92,0.76
2023-03-17,Eastern Province,-1.95,30.45,19.01,9.87,0.76
2023-03-18,Eastern Province,-1.95,30.45,19.15,5.03,0.76
2023-03-19,Eastern Province,-1.95,30.45,19.58,4.91,0.77
2023-03-20,Eastern Province,-1.95,30.45,18.47,7.04,0.77
2023-03-21,Eastern Province,-1.95,30.45,18.15,5.31,0.77
2023-03-22,Eastern Province,-1.95,30.45,20.08,0.12,0.77
2023-03-23,Eastern Province,-1.95,30.45,20.02,3.92,0.77
2023-03-24,Eastern Province,-1.95,30.45,19.37,6.47,0.77
2023-03-25,Eastern Province,-1.95,30.45,18.7,11.81,0.77
2023-03-26,Eastern Province,-1.95,30.45,20.11,5.62,0.78
2023-03-27,Eastern Province,-1.95,30.45,20.09,1.59,0.78
2023-03-28,Eastern Province,-1.95,30.45,19.38,2.05,0.77
2023-03-29,Eastern Province,-1.95,30.45,19.11,4.05,0.77
2023-03-30,Eastern Province,-1.95,30.45,20.73,1.32,0.77
2023-03-31,Eastern Province,-1.95,30.45,20.08,6.1,0.77
2023-04-01,Eastern Province,-1.95,30.45,18.63,9.43,0.78
2023-04-02,Eastern Province,-1.95,30.45,20.96,1.17,0.78
2023-04-03,Eastern Province,-1.95,30.45,19.4,13.36,0.78
2023-04-04,Eastern Province,-1.95,30.45,19.31,3.98,0.78
2023-04-05,Eastern Province,-1.95,30.45,19.99,2.44,0.78
2023-04-06,Eastern Province,-1.95,30.45,19.8,2.99,0.78
2023-04-07,Eastern Province,-1.95,30.45,20.43,1.23,0.78
2023-04-08,Eastern Province,-1.95,30.45,20.48,2.0,0.78
2023-04-09,Eastern Province,-1.95,30.45,20.0,2.21,0.78
2023-04-10,Eastern Province,-1.95,30.45,20.98,1.78,0.78
2023-04-11,Eastern Province,-1.95,30.45,21.14,1.62,0.78
2023-04-12,Eastern Province,-1.95,30.45,19.79,4.5,0.78
2023-04-13,Eastern Province,-1.95,30.45,20.11,0.97,0.78
2023-04-14,Eastern Province,-1.95,30.45,19.34,4.27,0.78
2023-04-15,Eastern Province,-1.95,30.45,20.01,2.12,0.78
2023-04-16,Eastern Province,-1.95,30.45,19.28,39.33,0.78
2023-04-17,Eastern Province,-1.95,30.45,19.72,5.62,0.79
2023-04-18,Eastern Province,-1.95,30.45,18.86,45.38,0.8
2023-04-19,Eastern Province,-1.95,30.45,19.44,4.72,0.81
2023-04-20,Eastern Province,-1.95,30.45,20.43,4.6,0.81
2023-04-21,Eastern Province,-1.95,30.45,20.5,6.5,0.81
2023-04-22,Eastern Province,-1.95,30.45,20.21,11.97,0.81
2023-04-23,Eastern Province,-1.95,30.45,19.89,5.71,0.81
2023-04-24,Eastern Province,-1.95,30.45,20.55,2.44,0.81
2023-04-25,Eastern Province,-1.95,30.45,20.0,7.48,0.81
2023-04-26,Eastern Province,-1.95,30.45,20.36,21.08,0.82
2023-04-27,Eastern Province,-1.95,30.45,19.72,5.04,0.82
2023-04-28,Eastern Province,-1.95,30.45,20.33,6.53,0.82
2023-04-29,Eastern Province,-1.95,30.45,19.95,17.33,0.83
2023-04-30,Eastern Province,-1.95,30.45,19.98,6.98,0.83
2023-05-01,Eastern Province,-1.95,30.45,20.1,5.22,0.83
2023-05-02,Eastern Province,-1.95,30.45,20.43,5.68,0.83
2023-05-03,Eastern Province,-1.95,30.45,20.47,11.83,0.83
2023-05-04,Eastern Province,-1.95,30.45,19.5,5.94,0.84
2023-05-05,Eastern Province,-1.95,30.45,20.09,4.74,0.84
2023-05-06,Eastern Province,-1.95,30.45,20.7,0.21,0.84
2023-05-07,Eastern Province,-1.95,30.45,20.51,0.78,0.84
2023-05-08,Eastern Province,-1.95,30.45,20.56,0.54,0.83
2023-05-09,Eastern Province,-1.95,30.45,20.52,1.42,0.83
2023-05-10,Eastern Province,-1.95,30.45,19.9,3.58,0.83
2023-05-11,Eastern Province,-1.95,30.45,20.33,1.05,0.83
2023-05-12,Eastern Province,-1.95,30.45,20.11,1.36,0.83
2023-05-13,Eastern Province,-1.95,30.45,20.94,1.21,0.83
2023-05-14,Eastern Province,-1.95,30.45,21.32,0.47,0.82
2023-05-15,Eastern Province,-1.95,30.45,21.68,0.08,0.82
2023-05-16,Eastern Province,-1.95,30.45,21.86,0.15,0.82
2023-05-17,Eastern Province,-1.95,30.45,20.87,0.72,0.82
2023-05-18,Eastern Province,-1.95,30.45,21.54,1.35,0.82
2023-05-19,Eastern Province,-1.95,30.45,21.25,0.86,0.81
2023-05-20,Eastern Province,-1.95,30.45,21.43,0.31,0.81
2023-05-21,Eastern Province,-1.95,30.45,21.38,0.15,0.81
2023-05-22,Eastern Province,-1.95,30.45,21.45,0.3,0.81
2023-05-23,Eastern Province,-1.95,30.45,21.02,0.92,0.81
2023-05-24,Eastern Province,-1.95,30.45,20.85,2.36,0.81
2023-05-25,Eastern Province,-1.95,30.45,21.16,1.88,0.8
2023-05-26,Eastern Province,-1.95,30.45,20.9,2.4,0.8
2023-05-27,Eastern Province,-1.95,30.45,20.34,1.64,0.8
2023-05-28,Eastern Province,-1.95,30.45,20.38,1.39,0.8
2023-05-29,Eastern Province,-1.95,30.45,19.85,0.44,0.8
2023-05-30,Eastern Province,-1.95,30.45,20.04,0.67,0.8
2023-05-31,Eastern Province,-1.95,30.45,19.61,0.83,0.79
2023-06-01,Eastern Province,-1.95,30.45,20.38,0.35,0.79
2023-06-02,Eastern Province,-1.95,30.45,20.7,1.92,0.79
2023-06-03,Eastern Province,-1.95,30.45,20.56,0.55,0.79
2023-06-04,Eastern Province,-1.95,30.45,20.68,0.75,0.79
2023-06-05,Eastern Province,-1.95,30.45,20.96,0.16,0.79
2023-06-06,Eastern Province,-1.95,30.45,20.72,0.11,0.78
2023-06-07,Eastern Province,-1.95,30.45,20.61,0.01,0.78
2023-06-08,Eastern Province,-1.95,30.45,19.82,0.0,0.78
2023-06-09,Eastern Province,-1.95,30.45,20.2,0.03,0.78
2023-06-10,Eastern Province,-1.95,30.45,20.9,0.28,0.78
2023-06-11,Eastern Province,-1.95,30.45,20.95,0.08,0.77
2023-06-12,Eastern Province,-1.95,30.45,21.39,0.17,0.77
2023-06-13,Eastern Province,-1.95,30.45,20.27,6.76,0.77
2023-06-14,Eastern Province,-1.95,30.45,20.13,2.09,0.77
2023-06-15,Eastern Province,-1.95,30.45,21.13,0.29,0.77
2023-06-16,Eastern Province,-1.95,30.45,21.14,0.48,0.77
2023-06-17,Eastern Province,-1.95,30.45,20.44,0.48,0.77
2023-06-18,Eastern Province,-1.95,30.45,20.96,0.17,0.77
2023-06-19,Eastern Province,-1.95,30.45,21.29,0.09,0.77
2023-06-20,Eastern Province,-1.95,30.45,21.49,0.26,0.76
2023-06-21,Eastern Province,-1.95,30.45,21.21,0.74,0.76
2023-06-22,Eastern Province,-1.95,30.45,20.79,1.75,0.76
2023-06-23,Eastern Province,-1.95,30.45,19.92,6.36,0.76
2023-06-24,Eastern Province,-1.95,30.45,19.56,4.07,0.76
2023-06-25,Eastern Province,-1.95,30.45,20.04,0.16,0.76
2023-06-26,Eastern Province,-1.95,30.45,19.89,0.11,0.76
2023-06-27,Eastern Province,-1.95,30.45,20.0,0.1,0.76
2023-06-28,Eastern Province,-1.95,30.45,20.85,0.04,0.76
2023-06-29,Eastern Province,-1.95,30.45,21.21,0.11,0.76
2023-06-30,Eastern Province,-1.95,30.45,20.71,0.25,0.75
2023-07-01,Eastern Province,-1.95,30.45,19.28,0.02,0.75
2023-07-02,Eastern Province,-1.95,30.45,19.25,0.14,0.75
2023-07-03,Eastern Province,-1.95,30.45,19.97,0.01,0.75
2023-07-04,Eastern Province,-1.95,30.45,18.78,0.0,0.75
2023-07-05,Eastern Province,-1.95,30.45,19.3,0.05,0.75
2023-07-06,Eastern Province,-1.95,30.45,19.21,0.08,0.74
2023-07-07,Eastern Province,-1.95,30.45,18.68,0.07,0.74
2023-07-08,Eastern Province,-1.95,30.45,18.71,0.13,0.74
2023-07-09,Eastern Province,-1.95,30.45,19.74,0.05,0.74
2023-07-10,Eastern Province,-1.95,30.45,20.51,0.03,0.74
2023-07-11,Eastern Province,-1.95,30.45,20.65,0.03,0.74
2023-07-12,Eastern Province,-1.95,30.45,20.58,0.03,0.73
2023-07-13,Eastern Province,-1.95,30.45,19.2,0.1,0.73
2023-07-14,Eastern Province,-1.95,30.45,19.44,0.01,0.73
2023-07-15,Eastern Province,-1.95,30.45,19.6,0.0,0.73
2023-07-16,Eastern Province,-1.95,30.45,19.14,0.0,0.73
2023-07-17,Eastern Province,-1.95,30.45,18.77,0.0,0.73
2023-07-18,Eastern Province,-1.95,30.45,18.92,0.0,0.73
2023-07-19,Eastern Province,-1.95,30.45,19.95,0.0,0.72
2023-07-20,Eastern Province,-1.95,30.45,20.7,0.0,0.72
2023-07-21,Eastern Province,-1.95,30.45,19.74,0.0,0.72
2023-07-22,Eastern Province,-1.95,30.45,19.77,0.0,0.72
2023-07-23,Eastern Province,-1.95,30.45,20.41,0.0,0.72
2023-07-24,Eastern Province,-1.95,30.45,20.45,0.01,0.72
2023-07-25,Eastern Province,-1.95,30.45,20.89,0.01,0.72
2023-07-26,Eastern Province,-1.95,30.45,19.37,0.0,0.71
2023-07-27,Eastern Province,-1.95,30.45,18.63,0.01,0.71
2023-07-28,Eastern Province,-1.95,30.45,20.49,0.0,0.71
2023-07-29,Eastern Province,-1.95,30.45,21.9,0.09,0.71
2023-07-30,Eastern Province,-1.95,30.45,21.96,0.0,0.71
2023-07-31,Eastern Province,-1.95,30.45,21.21,0.06,0.71
2023-08-01,Eastern Province,-1.95,30.45,20.98,0.01,0.71
2023-08-02,Eastern Province,-1.95,30.45,20.64,0.05,0.7
2023-08-03,Eastern Province,-1.95,30.45,20.25,0.78,0.7
2023-08-04,Eastern Province,-1.95,30.45,20.13,1.15,0.7
2023-08-05,Eastern Province,-1.95,30.45,20.56,0.16,0.7
2023-08-06,Eastern Province,-1.95,30.45,20.6,0.36,0.7
2023-08-07,Eastern Province,-1.95,30.45,20.49,0.23,0.7
2023-08-08,Eastern Province,-1.95,30.45,20.81,0.1,0.7
2023-08-09,Eastern Province,-1.95,30.45,20.62,0.0,0.7
2023-08-10,Eastern Province,-1.95,30.45,21.11,0.0,0.7
2023-08-11,Eastern Province,-1.95,30.45,21.72,0.0,0.7
2023-08-12,Eastern Province,-1.95,30.45,21.51,0.0,0.69
2023-08-13,Eastern Province,-1.95,30.45,21.33,0.0,0.69
2023-08-14,Eastern Province,-1.95,30.45,21.72,0.06,0.69
2023-08-15,Eastern Province,-1.95,30.45,22.61,0.02,0.69
2023-08-16,Eastern Province,-1.95,30.45,22.92,0.01,0.69
2023-08-17,Eastern Province,-1.95,30.45,22.53,0.02,0.69
2023-08-18,Eastern Province,-1.95,30.45,22.52,0.02,0.69
2023-08-19,Eastern Province,-1.95,30.45,23.04,0.91,0.69
2023-08-20,Eastern Province,-1.95,30.45,22.48,0.97,0.69
2023-08-21,Eastern Province,-1.95,30.45,22.99,0.0,0.68
2023-08-22,Eastern Province,-1.95,30.45,23.04,0.11,0.68
2023-08-23,Eastern Province,-1.95,30.45,23.22,0.02,0.68
2023-08-24,Eastern Province,-1.95,30.45,22.29,0.37,0.68
2023-08-25,Eastern Province,-1.95,30.45,22.44,1.11,0.68
2023-08-26,Eastern Province,-1.95,30.45,23.75,0.47,0.68
2023-08-27,Eastern Province,-1.95,30.45,23.65,0.13,0.68
2023-08-28,Eastern Province,-1.95,30.45,21.77,0.0,0.68
2023-08-29,Eastern Province,-1.95,30.45,21.13,0.53,0.68
2023-08-30,Eastern Province,-1.95,30.45,22.29,1.78,0.68
2023-08-31,Eastern Province,-1.95,30.45,21.57,1.68,0.67
2023-09-01,Eastern Province,-1.95,30.45,22.44,1.18,0.67
2023-09-02,Eastern Province,-1.95,30.45,23.07,1.88,0.67
2023-09-03,Eastern Province,-1.95,30.45,22.8,2.47,0.67
2023-09-04,Eastern Province,-1.95,30.45,23.37,1.45,0.67
2023-09-05,Eastern Province,-1.95,30.45,22.75,2.81,0.67
2023-09-06,Eastern Province,-1.95,30.45,22.34,2.39,0.67
2023-09-07,Eastern Province,-1.95,30.45,21.27,4.15,0.67
2023-09-08,Eastern Province,-1.95,30.45,21.9,1.16,0.67
2023-09-09,Eastern Province,-1.95,30.45,21.89,3.3,0.67
2023-09-10,Eastern Province,-1.95,30.45,22.22,2.08,0.67
2023-09-11,Eastern Province,-1.95,30.45,22.07,3.1,0.68
2023-09-12,Eastern Province,-1.95,30.45,22.08,1.23,0.67
2023-09-13,Eastern Province,-1.95,30.45,21.64,2.9,0.67
2023-09-14,Eastern Province,-1.95,30.45,22.36,0.74,0.67
2023-09-15,Eastern Province,-1.95,30.45,22.34,1.4,0.67
2023-09-16,Eastern Province,-1.95,30.45,20.98,1.23,0.67
2023-09-17,Eastern Province,-1.95,30.45,22.26,1.49,0.67
2023-09-18,Eastern Province,-1.95,30.45,22.75,2.21,0.67
2023-09-19,Eastern Province,-1.95,30.45,20.49,4.97,0.67
2023-09-20,Eastern Province,-1.95,30.45,22.16,0.34,0.67
2023-09-21,Eastern Province,-1.95,30.45,21.87,0.82,0.67
2023-09-22,Eastern Province,-1.95,30.45,21.34,0.99,0.67
2023-09-23,Eastern Province,-1.95,30.45,21.25,23.18,0.68
2023-09-24,Eastern Province,-1.95,30.45,22.42,3.65,0.68
2023-09-25,Eastern Province,-1.95,30.45,22.53,6.89,0.68
2023-09-26,Eastern Province,-1.95,30.45,21.8,11.18,0.68
2023-09-27,Eastern Province,-1.95,30.45,21.46,6.57,0.69
2023-09-28,Eastern Province,-1.95,30.45,20.82,4.7,0.69
2023-09-29,Eastern Province,-1.95,30.45,21.37,2.06,0.69
2023-09-30,Eastern Province,-1.95,30.45,22.1,1.52,0.69
2023-10-01,Eastern Province,-1.95,30.45,22.72,1.73,0.69
2023-10-02,Eastern Province,-1.95,30.45,21.12,7.97,0.69
2023-10-03,Eastern Province,-1.95,30.45,21.42,0.01,0.69
2023-10-04,Eastern Province,-1.95,30.45,21.33,0.05,0.69
2023-10-05,Eastern Province,-1.95,30.45,22.43,0.57,0.68
2023-10-06,Eastern Province,-1.95,30.45,22.61,0.07,0.68
2023-10-07,Eastern Province,-1.95,30.45,22.29,0.32,0.68
2023-10-08,Eastern Province,-1.95,30.45,22.99,1.72,0.68
2023-10-09,Eastern Province,-1.95,30.45,23.05,2.21,0.68
2023-10-10,Eastern Province,-1.95,30.45,22.4,1.3,0.68
2023-10-11,Eastern Province,-1.95,30.45,20.77,6.45,0.68
2023-10-12,Eastern Province,-1.95,30.45,21.45,3.12,0.68
2023-10-13,Eastern Province,-1.95,30.45,21.62,1.57,0.68
2023-10-14,Eastern Province,-1.95,30.45,23.11,0.7,0.68
2023-10-15,Eastern Province,-1.95,30.45,22.26,5.57,0.68
2023-10-16,Eastern Province,-1.95,30.45,20.2,1.81,0.68
2023-10-17,Eastern Province,-1.95,30.45,21.63,1.45,0.68
2023-10-18,Eastern Province,-1.95,30.45,21.3,4.01,0.68
2023-10-19,Eastern Province,-1.95,30.45,20.95,3.43,0.68
2023-10-20,Eastern Province,-1.95,30.45,20.91,2.3,0.68
2023-10-21,Eastern Province,-1.95,30.45,20.82,1.46,0.68
2023-10-22,Eastern Province,-1.95,30.45,21.5,0.74,0.68
2023-10-23,Eastern Province,-1.95,30.45,22.47,0.71,0.68
2023-10-24,Eastern Province,-1.95,30.45,22.56,0.11,0.68
2023-10-25,Eastern Province,-1.95,30.45,22.51,1.15,0.67
2023-10-26,Eastern Province,-1.95,30.45,21.89,0.47,0.67
2023-10-27,Eastern Province,-1.95,30.45,21.16,0.72,0.67
2023-10-28,Eastern Province,-1.95,30.45,22.05,2.38,0.67
2023-10-29,Eastern Province,-1.95,30.45,19.86,19.12,0.68
2023-10-30,Eastern Province,-1.95,30.45,21.29,0.86,0.68
2023-10-31,Eastern Province,-1.95,30.45,21.25,3.63,0.68
2023-11-01,Eastern Province,-1.95,30.45,22.25,2.9,0.68
2023-11-02,Eastern Province,-1.95,30.45,20.71,3.13,0.68
2023-11-03,Eastern Province,-1.95,30.45,19.61,17.88,0.69
2023-11-04,Eastern Province,-1.95,30.45,20.11,10.35,0.69
2023-11-05,Eastern Province,-1.95,30.45,19.46,4.01,0.69
2023-11-06,Eastern Province,-1.95,30.45,20.71,19.47,0.7
2023-11-07,Eastern Province,-1.95,30.45,20.7,0.84,0.7
2023-11-08,Eastern Province,-1.95,30.45,21.04,0.57,0.7
2023-11-09,Eastern Province,-1.95,30.45,20.6,3.81,0.7
2023-11-10,Eastern Province,-1.95,30.45,20.96,5.64,0.7
2023-11-11,Eastern Province,-1.95,30.45,19.86,10.79,0.7
2023-11-12,Eastern Province,-1.95,30.45,20.46,4.84,0.7
2023-11-13,Eastern Province,-1.95,30.45,19.14,6.17,0.71
2023-11-14,Eastern Province,-1.95,30.45,20.12,3.26,0.71
2023-11-15,Eastern Province,-1.95,30.45,20.49,2.45,0.71
2023-11-16,Eastern Province,-1.95,30.45,20.75,4.96,0.71
2023-11-17,Eastern Province,-1.95,30.45,19.84,3.52,0.71
2023-11-18,Eastern Province,-1.95,30.45,21.18,3.16,0.71
2023-11-19,Eastern Province,-1.95,30.45,21.55,2.85,0.71
2023-11-20,Eastern Province,-1.95,30.45,21.77,7.08,0.71
2023-11-21,Eastern Province,-1.95,30.45,20.86,4.11,0.71
2023-11-22,Eastern Province,-1.95,30.45,19.87,5.08,0.71
2023-11-23,Eastern Province,-1.95,30.45,20.13,3.66,0.71
2023-11-24,Eastern Province,-1.95,30.45,20.22,3.71,0.71
2023-11-25,Eastern Province,-1.95,30.45,20.1,6.32,0.71
2023-11-26,Eastern Province,-1.95,30.45,19.28,14.01,0.71
2023-11-27,Eastern Province,-1.95,30.45,19.4,8.34,0.72
2023-11-28,Eastern Province,-1.95,30.45,20.38,3.2,0.72
2023-11-29,Eastern Province,-1.95,30.45,20.5,7.12,0.72
2023-11-30,Eastern Province,-1.95,30.45,20.65,4.79,0.72
2023-12-01,Eastern Province,-1.95,30.45,20.55,6.22,0.72
2023-12-02,Eastern Province,-1.95,30.45,21.3,6.22,0.72
2023-12-03,Eastern Province,-1.95,30.45,20.95,7.63,0.73
2023-12-04,Eastern Province,-1.95,30.45,20.91,10.01,0.73
2023-12-05,Eastern Province,-1.95,30.45,20.79,10.05,0.73
2023-12-06,Eastern Province,-1.95,30.45,20.72,5.89,0.73
2023-12-07,Eastern Province,-1.95,30.45,20.95,1.14,0.73
2023-12-08,Eastern Province,-1.95,30.45,20.41,0.67,0.73
2023-12-09,Eastern Province,-1.95,30.45,20.96,1.07,0.73
2023-12-10,Eastern Province,-1.95,30.45,21.39,1.56,0.73
2023-12-11,Eastern Province,-1.95,30.45,20.46,7.28,0.73
2023-12-12,Eastern Province,-1.95,30.45,20.74,1.01,0.73
2023-12-13,Eastern Province,-1.95,30.45,21.22,1.24,0.73
2023-12-14,Eastern Province,-1.95,30.45,20.9,1.75,0.73
2023-12-15,Eastern Province,-1.95,30.45,21.28,0.61,0.72
2023-12-16,Eastern Province,-1.95,30.45,21.16,1.15,0.72
2023-12-17,Eastern Province,-1.95,30.45,20.81,2.03,0.72
2023-12-18,Eastern Province,-1.95,30.45,21.55,0.82,0.72
2023-12-19,Eastern Province,-1.95,30.45,20.92,0.81,0.72
2023-12-20,Eastern Province,-1.95,30.45,22.02,2.22,0.72
2023-12-21,Eastern Province,-1.95,30.45,21.75,2.22,0.72
2023-12-22,Eastern Province,-1.95,30.45,22.0,2.89,0.72
2023-12-23,Eastern Province,-1.95,30.45,22.67,0.74,0.72
2023-12-24,Eastern Province,-1.95,30.45,22.33,0.98,0.71
2023-12-25,Eastern Province,-1.95,30.45,22.25,2.96,0.71
2023-12-26,Eastern Province,-1.95,30.45,21.58,22.99,0.71
2023-12-27,Eastern Province,-1.95,30.45,19.07,12.94,0.73
2023-12-28,Eastern Province,-1.95,30.45,20.62,0.28,0.73
2023-12-29,Eastern Province,-1.95,30.45,21.08,0.86,0.72
2023-12-30,Eastern Province,-1.95,30.45,21.51,1.75,0.72
2023-12-31,Eastern Province,-1.95,30.45,20.99,1.99,0.72
2024-01-01,Eastern Province,-1.95,30.45,20.87,0.24,0.72
2024-01-02,Eastern Province,-1.95,30.45,21.6,1.91,0.72
2024-01-03,Eastern Province,-1.95,30.45,19.83,2.85,0.72
2024-01-04,Eastern Province,-1.95,30.45,21.88,0.52,0.72
2024-01-05,Eastern Province,-1.95,30.45,21.45,0.47,0.72
2024-01-06,Eastern Province,-1.95,30.45,21.31,1.38,0.72
2024-01-07,Eastern Province,-1.95,30.45,22.16,0.49,0.72
2024-01-08,Eastern Province,-1.95,30.45,22.26,0.89,0.71
2024-01-09,Eastern Province,-1.95,30.45,21.32,1.66,0.71
2024-01-10,Eastern Province,-1.95,30.45,21.15,8.66,0.71
2024-01-11,Eastern Province,-1.95,30.45,20.35,29.73,0.72
2024-01-12,Eastern Province,-1.95,30.45,20.05,38.11,0.74
2024-01-13,Eastern Province,-1.95,30.45,20.27,22.04,0.75
2024-01-14,Eastern Province,-1.95,30.45,20.66,4.59,0.76
2024-01-15,Eastern Province,-1.95,30.45,21.03,0.88,0.76
2024-01-16,Eastern Province,-1.95,30.45,20.76,0.65,0.75
2024-01-17,Eastern Province,-1.95,30.45,21.39,0.69,0.75
2024-01-18,Eastern Province,-1.95,30.45,20.21,1.82,0.75
2024-01-19,Eastern Province,-1.95,30.45,21.72,1.03,0.75
2024-01-20,Eastern Province,-1.95,30.45,21.81,1.06,0.75
2024-01-21,Eastern Province,-1.95,30.45,20.45,2.29,0.75
2024-01-22,Eastern Province,-1.95,30.45,20.98,1.7,0.75
2024-01-23,Eastern Province,-1.95,30.45,20.74,5.01,0.75
2024-01-24,Eastern Province,-1.95,30.45,19.69,11.61,0.75
2024-01-25,Eastern Province,-1.95,30.45,21.05,3.97,0.75
2024-01-26,Eastern Province,-1.95,30.45,21.61,2.05,0.75
2024-01-27,Eastern Province,-1.95,30.45,21.74,1.75,0.75
2024-01-28,Eastern Province,-1.95,30.45,21.38,1.84,0.75
2024-01-29,Eastern Province,-1.95,30.45,22.04,2.97,0.75
2024-01-30,Eastern Province,-1.95,30.45,21.34,9.1,0.75
2024-01-31,Eastern Province,-1.95,30.45,21.27,2.69,0.75
2024-02-01,Eastern Province,-1.95,30.45,20.44,0.85,0.75
2024-02-02,Eastern Province,-1.95,30.45,22.04,1.77,0.75
2024-02-03,Eastern Province,-1.95,30.45,21.49,2.1,0.75
2024-02-04,Eastern Province,-1.95,30.45,21.51,0.75,0.75
2024-02-05,Eastern Province,-1.95,30.45,21.97,1.24,0.74
2024-02-06,Eastern Province,-1.95,30.45,20.85,1.41,0.74
2024-02-07,Eastern Province,-1.95,30.45,21.42,0.47,0.74
2024-02-08,Eastern Province,-1.95,30.45,22.09,0.24,0.74
2024-02-09,Eastern Province,-1.95,30.45,22.5,1.28,0.74
2024-02-10,Eastern Province,-1.95,30.45,22.34,2.26,0.74
2024-02-11,Eastern Province,-1.95,30.45,22.2,1.53,0.74
2024-02-12,Eastern Province,-1.95,30.45,22.92,0.71,0.73
2024-02-13,Eastern Province,-1.95,30.45,23.21,2.22,0.73
2024-02-14,Eastern Province,-1.95,30.45,23.48,8.66,0.73
2024-02-15,Eastern Province,-1.95,30.45,21.53,10.3,0.74
2024-02-16,Eastern Province,-1.95,30.45,21.95,0.23,0.74
2024-02-17,Eastern Province,-1.95,30.45,22.17,2.51,0.74
2024-02-18,Eastern Province,-1.95,30.45,23.45,1.16,0.74
2024-02-19,Eastern Province,-1.95,30.45,22.85,1.46,0.73
2024-02-20,Eastern Province,-1.95,30.45,23.31,0.48,0.73
2024-02-21,Eastern Province,-1.95,30.45,22.7,1.17,0.73
2024-02-22,Eastern Province,-1.95,30.45,23.05,0.43,0.73
2024-02-23,Eastern Province,-1.95,30.45,22.91,0.99,0.73
2024-02-24,Eastern Province,-1.95,30.45,22.08,0.59,0.73
2024-02-25,Eastern Province,-1.95,30.45,21.5,11.32,0.73
2024-02-26,Eastern Province,-1.95,30.45,20.65,5.92,0.73
2024-02-27,Eastern Province,-1.95,30.45,20.46,7.39,0.73
2024-02-28,Eastern Province,-1.95,30.45,20.2,17.91,0.74
2024-02-29,Eastern Province,-1.95,30.45,20.85,2.0,0.74
2024-03-01,Eastern Province,-1.95,30.45,20.66,26.01,0.74
2024-03-02,Eastern Province,-1.95,30.45,19.88,4.29,0.75
2024-03-03,Eastern Province,-1.95,30.45,21.89,2.86,0.75
2024-03-04,Eastern Province,-1.95,30.45,21.27,13.29,0.76
2024-03-05,Eastern Province,-1.95,30.45,21.75,1.65,0.76
2024-03-06,Eastern Province,-1.95,30.45,20.54,1.42,0.76
2024-03-07,Eastern Province,-1.95,30.45,21.23,0.65,0.76
2024-03-08,Eastern Province,-1.95,30.45,22.19,0.55,0.75
2024-03-09,Eastern Province,-1.95,30.45,20.92,10.97,0.75
2024-03-10,Eastern Province,-1.95,30.45,20.44,12.24,0.76
2024-03-11,Eastern Province,-1.95,30.45,21.64,0.83,0.76
2024-03-12,Eastern Province,-1.95,30.45,21.91,0.02,0.76
2024-03-13,Eastern Province,-1.95,30.45,22.49,0.01,0.75
2024-03-14,Eastern Province,-1.95,30.45,21.75,0.05,0.75
2024-03-15,Eastern Province,-1.95,30.45,21.52,0.15,0.75
2024-03-16,Eastern Province,-1.95,30.45,21.56,0.08,0.75
2024-03-17,Eastern Province,-1.95,30.45,22.5,0.03,0.75
2024-03-18,Eastern Province,-1.95,30.45,22.73,0.03,0.74
2024-03-19,Eastern Province,-1.95,30.45,22.18,0.04,0.74
2024-03-20,Eastern Province,-1.95,30.45,22.17,0.24,0.74
2024-03-21,Eastern Province,-1.95,30.45,21.39,0.66,0.74
2024-03-22,Eastern Province,-1.95,30.45,20.4,3.92,0.74
2024-03-23,Eastern Province,-1.95,30.45,20.96,1.67,0.74
2024-03-24,Eastern Province,-1.95,30.45,21.55,5.65,0.74
2024-03-25,Eastern Province,-1.95,30.45,21.99,0.7,0.74
2024-03-26,Eastern Province,-1.95,30.45,20.87,1.08,0.74
2024-03-27,Eastern Province,-1.95,30.45,20.72,1.23,0.74
2024-03-28,Eastern Province,-1.95,30.45,21.52,1.99,0.74
2024-03-29,Eastern Province,-1.95,30.45,22.31,3.36,0.74
2024-03-30,Eastern Province,-1.95,30.45,22.47,2.51,0.74
2024-03-31,Eastern Province,-1.95,30.45,20.72,11.71,0.74
2024-04-01,Eastern Province,-1.95,30.45,21.55,3.68,0.74
2024-04-02,Eastern Province,-1.95,30.45,21.08,7.79,0.74
2024-04-03,Eastern Province,-1.95,30.45,19.54,4.3,0.75
2024-04-04,Eastern Province,-1.95,30.45,20.01,4.99,0.75
2024-04-05,Eastern Province,-1.95,30.45,21.09,0.96,0.75
2024-04-06,Eastern Province,-1.95,30.45,21.08,3.99,0.75
2024-04-07,Eastern Province,-1.95,30.45,21.38,3.74,0.75
2024-04-08,Eastern Province,-1.95,30.45,21.64,4.47,0.75
2024-04-09,Eastern Province,-1.95,30.45,21.17,18.16,0.75
2024-04-10,Eastern Province,-1.95,30.45,21.23,0.73,0.75
2024-04-11,Eastern Province,-1.95,30.45,20.7,1.18,0.75
2024-04-12,Eastern Province,-1.95,30.45,21.86,3.25,0.75
2024-04-13,Eastern Province,-1.95,30.45,21.68,10.62,0.75
2024-04-14,Eastern Province,-1.95,30.45,19.72,18.43,0.76
2024-04-15,Eastern Province,-1.95,30.45,20.56,5.63,0.76
2024-04-16,Eastern Province,-1.95,30.45,20.98,0.57,0.76
2024-04-17,Eastern Province,-1.95,30.45,21.0,2.54,0.76
2024-04-18,Eastern Province,-1.95,30.45,21.27,1.21,0.76
2024-04-19,Eastern Province,-1.95,30.45,21.24,0.81,0.76
2024-04-20,Eastern Province,-1.95,30.45,21.3,1.37,0.76
2024-04-21,Eastern Province,-1.95,30.45,21.46,3.49,0.76
2024-04-22,Eastern Province,-1.95,30.45,21.03,2.6,0.76
2024-04-23,Eastern Province,-1.95,30.45,21.12,3.82,0.76
2024-04-24,Eastern Province,-1.95,30.45,21.19,7.08,0.76
2024-04-25,Eastern Province,-1.95,30.45,21.21,15.48,0.76
2024-04-26,Eastern Province,-1.95,30.45,19.56,19.1,0.77
2024-04-27,Eastern Province,-1.95,30.45,21.66,1.39,0.77
2024-04-28,Eastern Province,-1.95,30.45,20.71,6.29,0.77
2024-04-29,Eastern Province,-1.95,30.45,21.33,1.85,0.77
2024-04-30,Eastern Province,-1.95,30.45,21.4,9.83,0.77
2024-05-01,Eastern Province,-1.95,30.45,22.06,10.0,0.78
2024-05-02,Eastern Province,-1.95,30.45,21.43,9.9,0.78
2024-05-03,Eastern Province,-1.95,30.45,20.92,2.81,0.78
2024-05-04,Eastern Province,-1.95,30.45,20.63,2.97,0.78
2024-05-05,Eastern Province,-1.95,30.45,21.65,1.89,0.78
2024-05-06,Eastern Province,-1.95,30.45,21.02,1.52,0.78
2024-05-07,Eastern Province,-1.95,30.45,21.67,0.28,0.78
2024-05-08,Eastern Province,-1.95,30.45,21.3,2.04,0.77
2024-05-09,Eastern Province,-1.95,30.45,21.17,2.68,0.77
2024-05-10,Eastern Province,-1.95,30.45,20.77,7.19,0.77
2024-05-11,Eastern Province,-1.95,30.45,21.25,4.7,0.78
2024-05-12,Eastern Province,-1.95,30.45,21.72,0.78,0.77
2024-05-13,Eastern Province,-1.95,30.45,21.86,0.16,0.77
2024-05-14,Eastern Province,-1.95,30.45,21.41,0.52,0.77
2024-05-15,Eastern Province,-1.95,30.45,21.63,0.61,0.77
2024-05-16,Eastern Province,-1.95,30.45,21.89,2.24,0.77
2024-05-17,Eastern Province,-1.95,30.45,22.24,0.94,0.76
2024-05-18,Eastern Province,-1.95,30.45,22.15,0.8,0.76
2024-05-19,Eastern Province,-1.95,30.45,21.83,1.72,0.76
2024-05-20,Eastern Province,-1.95,30.45,21.84,3.32,0.76
2024-05-21,Eastern Province,-1.95,30.45,20.79,0.74,0.76
2024-05-22,Eastern Province,-1.95,30.45,21.71,0.26,0.76
2024-05-23,Eastern Province,-1.95,30.45,21.63,0.04,0.76
2024-05-24,Eastern Province,-1.95,30.45,21.56,0.09,0.76
2024-05-25,Eastern Province,-1.95,30.45,21.22,0.02,0.75
2024-05-26,Eastern Province,-1.95,30.45,21.5,0.04,0.75
2024-05-27,Eastern Province,-1.95,30.45,22.04,0.03,0.75
2024-05-28,Eastern Province,-1.95,30.45,22.04,0.05,0.75
2024-05-29,Eastern Province,-1.95,30.45,22.24,0.05,0.75
2024-05-30,Eastern Province,-1.95,30.45,22.36,0.04,0.74
2024-05-31,Eastern Province,-1.95,30.45,21.85,0.31,0.74
2024-06-01,Eastern Province,-1.95,30.45,22.53,0.16,0.74
2024-06-02,Eastern Province,-1.95,30.45,22.1,0.14,0.74
2024-06-03,Eastern Province,-1.95,30.45,22.02,0.07,0.74
2024-06-04,Eastern Province,-1.95,30.45,21.6,0.02,0.74
2024-06-05,Eastern Province,-1.95,30.45,21.62,0.02,0.73
2024-06-06,Eastern Province,-1.95,30.45,21.04,0.06,0.73
2024-06-07,Eastern Province,-1.95,30.45,21.23,0.1,0.73
2024-06-08,Eastern Province,-1.95,30.45,20.37,0.02,0.73
2024-06-09,Eastern Province,-1.95,30.45,19.34,0.07,0.73
2024-06-10,Eastern Province,-1.95,30.45,19.46,0.94,0.73
2024-06-11,Eastern Province,-1.95,30.45,19.01,0.2,0.72
2024-06-12,Eastern Province,-1.95,30.45,19.38,0.06,0.72
2024-06-13,Eastern Province,-1.95,30.45,20.5,0.01,0.72
2024-06-14,Eastern Province,-1.95,30.45,20.47,0.13,0.72
2024-06-15,Eastern Province,-1.95,30.45,21.3,0.42,0.72
2024-06-16,Eastern Province,-1.95,30.45,20.17,2.68,0.72
2024-06-17,Eastern Province,-1.95,30.45,20.68,0.36,0.72
2024-06-18,Eastern Province,-1.95,30.45,20.21,0.0,0.72
2024-06-19,Eastern Province,-1.95,30.45,20.41,0.1,0.72
2024-06-20,Eastern Province,-1.95,30.45,20.66,0.15,0.71
2024-06-21,Eastern Province,-1.95,30.45,21.12,0.3,0.71
2024-06-22,Eastern Province,-1.95,30.45,20.6,0.11,0.71
2024-06-23,Eastern Province,-1.95,30.45,20.88,0.08,0.71
2024-06-24,Eastern Province,-1.95,30.45,20.07,0.05,0.71
2024-06-25,Eastern Province,-1.95,30.45,18.63,0.0,0.71
2024-06-26,Eastern Province,-1.95,30.45,18.16,0.0,0.71
2024-06-27,Eastern Province,-1.95,30.45,18.91,0.0,0.7
2024-06-28,Eastern Province,-1.95,30.45,19.58,0.0,0.7
2024-06-29,Eastern Province,-1.95,30.45,19.89,0.0,0.7
2024-06-30,Eastern Province,-1.95,30.45,19.59,0.0,0.7
2024-07-01,Eastern Province,-1.95,30.45,19.34,0.0,0.7
2024-07-02,Eastern Province,-1.95,30.45,19.47,0.0,0.7
2024-07-03,Eastern Province,-1.95,30.45,20.45,0.0,0.7
2024-07-04,Eastern Province,-1.95,30.45,20.76,0.0,0.7
2024-07-05,Eastern Province,-1.95,30.45,20.83,0.04,0.69
2024-07-06,Eastern Province,-1.95,30.45,21.17,0.06,0.69
2024-07-07,Eastern Province,-1.95,30.45,21.25,0.1,0.69
2024-07-08,Eastern Province,-1.95,30.45,21.43,1.74,0.69
2024-07-09,Eastern Province,-1.95,30.45,21.47,4.97,0.69
2024-07-10,Eastern Province,-1.95,30.45,21.35,0.61,0.69
2024-07-11,Eastern Province,-1.95,30.45,20.56,0.36,0.69
2024-07-12,Eastern Province,-1.95,30.45,20.38,0.03,0.69
2024-07-13,Eastern Province,-1.95,30.45,21.24,0.57,0.69
2024-07-14,Eastern Province,-1.95,30.45,21.0,0.07,0.69
2024-07-15,Eastern Province,-1.95,30.45,20.78,0.01,0.69
2024-07-16,Eastern Province,-1.95,30.45,21.72,0.07,0.68
2024-07-17,Eastern Province,-1.95,30.45,21.76,0.26,0.68
2024-07-18,Eastern Province,-1.95,30.45,21.22,0.06,0.68
2024-07-19,Eastern Province,-1.95,30.45,21.42,0.12,0.68
2024-07-20,Eastern Province,-1.95,30.45,22.19,0.23,0.68
2024-07-21,Eastern Province,-1.95,30.45,22.16,0.91,0.68
2024-07-22,Eastern Province,-1.95,30.45,21.8,1.22,0.68
2024-07-23,Eastern Province,-1.95,30.45,20.13,0.01,0.68
2024-07-24,Eastern Province,-1.95,30.45,20.01,0.0,0.68
2024-07-25,Eastern Province,-1.95,30.45,20.63,0.02,0.68
2024-07-26,Eastern Province,-1.95,30.45,21.58,0.01,0.68
2024-07-27,Eastern Province,-1.95,30.45,21.29,0.01,0.67
2024-07-28,Eastern Province,-1.95,30.45,21.43,0.01,0.67
2024-07-29,Eastern Province,-1.95,30.45,21.99,0.25,0.67
2024-07-30,Eastern Province,-1.95,30.45,22.14,0.03,0.67
2024-07-31,Eastern Province,-1.95,30.45,21.82,0.01,0.67
2024-08-01,Eastern Province,-1.95,30.45,20.83,0.0,0.67
2024-08-02,Eastern Province,-1.95,30.45,20.68,0.0,0.67
2024-08-03,Eastern Province,-1.95,30.45,21.33,0.0,0.67
2024-08-04,Eastern Province,-1.95,30.45,21.21,0.09,0.67
2024-08-05,Eastern Province,-1.95,30.45,21.03,0.0,0.67
2024-08-06,Eastern Province,-1.95,30.45,20.8,0.0,0.66
2024-08-07,Eastern Province,-1.95,30.45,21.27,0.01,0.66
2024-08-08,Eastern Province,-1.95,30.45,22.23,0.05,0.66
2024-08-09,Eastern Province,-1.95,30.45,22.31,5.08,0.66
2024-08-10,Eastern Province,-1.95,30.45,22.4,3.13,0.66
2024-08-11,Eastern Province,-1.95,30.45,22.36,0.22,0.66
2024-08-12,Eastern Province,-1.95,30.45,22.52,0.22,0.66
2024-08-13,Eastern Province,-1.95,30.45,22.36,0.24,0.66
2024-08-14,Eastern Province,-1.95,30.45,23.34,0.68,0.66
2024-08-15,Eastern Province,-1.95,30.45,22.03,3.21,0.66
2024-08-16,Eastern Province,-1.95,30.45,22.2,2.54,0.66
2024-08-17,Eastern Province,-1.95,30.45,22.14,0.97,0.66
2024-08-18,Eastern Province,-1.95,30.45,21.68,0.07,0.66
2024-08-19,Eastern Province,-1.95,30.45,22.27,0.02,0.66
2024-08-20,Eastern Province,-1.95,30.45,22.07,0.02,0.66
2024-08-21,Eastern Province,-1.95,30.45,21.82,0.05,0.66
2024-08-22,Eastern Province,-1.95,30.45,21.85,0.06,0.66
2024-08-23,Eastern Province,-1.95,30.45,22.31,0.05,0.66
2024-08-24,Eastern Province,-1.95,30.45,22.12,0.32,0.65
2024-08-25,Eastern Province,-1.95,30.45,21.67,0.07,0.65
2024-08-26,Eastern Province,-1.95,30.45,21.54,0.82,0.65
2024-08-27,Eastern Province,-1.95,30.45,22.8,0.54,0.65
2024-08-28,Eastern Province,-1.95,30.45,22.56,0.77,0.65
2024-08-29,Eastern Province,-1.95,30.45,23.76,1.2,0.65
2024-08-30,Eastern Province,-1.95,30.45,23.76,0.42,0.65
2024-08-31,Eastern Province,-1.95,30.45,23.49,0.67,0.65
2024-09-01,Eastern Province,-1.95,30.45,22.64,2.81,0.65
2024-09-02,Eastern Province,-1.95,30.45,22.6,0.76,0.65
2024-09-03,Eastern Province,-1.95,30.45,23.19,0.29,0.65
2024-09-04,Eastern Province,-1.95,30.45,22.97,0.11,0.65
2024-09-05,Eastern Province,-1.95,30.45,23.07,0.4,0.65
2024-09-06,Eastern Province,-1.95,30.45,23.37,0.85,0.65
2024-09-07,Eastern Province,-1.95,30.45,23.51,0.54,0.65
2024-09-08,Eastern Province,-1.95,30.45,23.48,0.11,0.65
2024-09-09,Eastern Province,-1.95,30.45,24.53,0.08,0.64
2024-09-10,Eastern Province,-1.95,30.45,24.8,0.21,0.64
2024-09-11,Eastern Province,-1.95,30.45,24.52,0.18,0.64
2024-09-12,Eastern Province,-1.95,30.45,23.97,0.0,0.64
2024-09-13,Eastern Province,-1.95,30.45,24.58,0.01,0.64
2024-09-14,Eastern Province,-1.95,30.45,23.46,0.01,0.64
2024-09-15,Eastern Province,-1.95,30.45,22.7,0.0,0.64
2024-09-16,Eastern Province,-1.95,30.45,24.12,0.0,0.64
2024-09-17,Eastern Province,-1.95,30.45,22.84,1.18,0.64
2024-09-18,Eastern Province,-1.95,30.45,23.58,0.66,0.64
2024-09-19,Eastern Province,-1.95,30.45,24.49,1.27,0.64
2024-09-20,Eastern Province,-1.95,30.45,22.02,17.19,0.64
2024-09-21,Eastern Province,-1.95,30.45,22.23,0.64,0.65
2024-09-22,Eastern Province,-1.95,30.45,22.16,1.8,0.65
2024-09-23,Eastern Province,-1.95,30.45,23.09,0.14,0.65
2024-09-24,Eastern Province,-1.95,30.45,22.62,0.01,0.64
2024-09-25,Eastern Province,-1.95,30.45,22.29,1.4,0.64
2024-09-26,Eastern Province,-1.95,30.45,22.97,0.27,0.64
2024-09-27,Eastern Province,-1.95,30.45,23.92,0.25,0.64
2024-09-28,Eastern Province,-1.95,30.45,24.49,0.8,0.64
2024-09-29,Eastern Province,-1.95,30.45,21.93,30.78,0.64
2024-09-30,Eastern Province,-1.95,30.45,21.92,16.5,0.66
2024-10-01,Eastern Province,-1.95,30.45,21.84,7.16,0.66
2024-10-02,Eastern Province,-1.95,30.45,21.59,7.66,0.66
2024-10-03,Eastern Province,-1.95,30.45,21.74,1.57,0.66
2024-10-04,Eastern Province,-1.95,30.45,21.4,0.01,0.66
2024-10-05,Eastern Province,-1.95,30.45,22.55,0.12,0.66
2024-10-06,Eastern Province,-1.95,30.45,22.4,3.29,0.66
2024-10-07,Eastern Province,-1.95,30.45,21.88,1.93,0.66
2024-10-08,Eastern Province,-1.95,30.45,20.89,2.77,0.66
2024-10-09,Eastern Province,-1.95,30.45,20.73,1.82,0.66
2024-10-10,Eastern Province,-1.95,30.45,21.38,2.75,0.66
2024-10-11,Eastern Province,-1.95,30.45,20.42,8.54,0.66
2024-10-12,Eastern Province,-1.95,30.45,20.97,1.93,0.66
2024-10-13,Eastern Province,-1.95,30.45,21.67,0.85,0.66
2024-10-14,Eastern Province,-1.95,30.45,22.62,0.85,0.66
2024-10-15,Eastern Province,-1.95,30.45,22.67,1.78,0.66
2024-10-16,Eastern Province,-1.95,30.45,22.5,1.42,0.66
2024-10-17,Eastern Province,-1.95,30.45,19.93,6.75,0.66
2024-10-18,Eastern Province,-1.95,30.45,22.74,8.47,0.66
2024-10-19,Eastern Province,-1.95,30.45,20.76,27.54,0.67
2024-10-20,Eastern Province,-1.95,30.45,20.52,61.23,0.68
2024-10-21,Eastern Province,-1.95,30.45,21.23,44.62,0.71
2024-10-22,Eastern Province,-1.95,30.45,21.48,8.48,0.71
2024-10-23,Eastern Province,-1.95,30.45,21.78,0.11,0.71
2024-10-24,Eastern Province,-1.95,30.45,21.7,0.91,0.71
2024-10-25,Eastern Province,-1.95,30.45,22.03,1.28,0.71
2024-10-26,Eastern Province,-1.95,30.45,21.39,1.75,0.71
2024-10-27,Eastern Province,-1.95,30.45,21.03,0.54,0.71
2024-10-28,Eastern Province,-1.95,30.45,22.22,1.5,0.71
2024-10-29,Eastern Province,-1.95,30.45,22.7,1.97,0.7
2024-10-30,Eastern Province,-1.95,30.45,22.33,1.7,0.7
2024-10-31,Eastern Province,-1.95,30.45,22.27,4.95,0.7
2024-11-01,Eastern Province,-1.95,30.45,21.31,6.65,0.7
2024-11-02,Eastern Province,-1.95,30.45,19.25,4.66,0.71
2024-11-03,Eastern Province,-1.95,30.45,21.25,1.83,0.71
2024-11-04,Eastern Province,-1.95,30.45,22.03,0.5,0.7
2024-11-05,Eastern Province,-1.95,30.45,21.46,1.11,0.7
2024-11-06,Eastern Province,-1.95,30.45,20.92,1.33,0.7
2024-11-07,Eastern Province,-1.95,30.45,19.87,21.75,0.71
2024-11-08,Eastern Province,-1.95,30.45,20.14,2.13,0.71
2024-11-09,Eastern Province,-1.95,30.45,21.57,0.39,0.71
2024-11-10,Eastern Province,-1.95,30.45,21.81,0.77,0.71
2024-11-11,Eastern Province,-1.95,30.45,21.1,2.13,0.71
2024-11-12,Eastern Province,-1.95,30.45,21.1,2.31,0.71
2024-11-13,Eastern Province,-1.95,30.45,21.87,1.06,0.7
2024-11-14,Eastern Province,-1.95,30.45,20.93,2.18,0.7
2024-11-15,Eastern Province,-1.95,30.45,20.84,2.45,0.7
2024-11-16,Eastern Province,-1.95,30.45,19.86,6.5,0.7
2024-11-17,Eastern Province,-1.95,30.45,19.85,7.66,0.71
2024-11-18,Eastern Province,-1.95,30.45,19.99,4.01,0.71
2024-11-19,Eastern Province,-1.95,30.45,21.39,1.29,0.71
2024-11-20,Eastern Province,-1.95,30.45,21.43,3.3,0.71
2024-11-21,Eastern Province,-1.95,30.45,19.71,16.77,0.71
2024-11-22,Eastern Province,-1.95,30.45,21.68,2.77,0.71
2024-11-23,Eastern Province,-1.95,30.45,20.51,4.78,0.71
2024-11-24,Eastern Province,-1.95,30.45,21.61,26.81,0.71
2024-11-25,Eastern Province,-1.95,30.45,20.9,6.48,0.73
2024-11-26,Eastern Province,-1.95,30.45,20.96,8.44,0.73
2024-11-27,Eastern Province,-1.95,30.45,20.82,9.4,0.73
2024-11-28,Eastern Province,-1.95,30.45,21.04,12.66,0.73
2024-11-29,Eastern Province,-1.95,30.45,20.29,25.27,0.74
2024-11-30,Eastern Province,-1.95,30.45,20.12,21.5,0.75
2024-12-01,Eastern Province,-1.95,30.45,20.4,7.14,0.75
2024-12-02,Eastern Province,-1.95,30.45,20.21,9.96,0.76
2024-12-03,Eastern Province,-1.95,30.45,20.53,16.58,0.76
2024-12-04,Eastern Province,-1.95,30.45,20.34,2.8,0.77
2024-12-05,Eastern Province,-1.95,30.45,20.53,1.88,0.76
2024-12-06,Eastern Province,-1.95,30.45,19.76,12.95,0.77
2024-12-07,Eastern Province,-1.95,30.45,19.46,1.24,0.77
2024-12-08,Eastern Province,-1.95,30.45,19.79,0.55,0.77
2024-12-09,Eastern Province,-1.95,30.45,20.72,2.24,0.76
2024-12-10,Eastern Province,-1.95,30.45,20.78,1.62,0.76
2024-12-11,Eastern Province,-1.95,30.45,20.06,7.05,0.76
2024-12-12,Eastern Province,-1.95,30.45,20.54,6.0,0.76
2024-12-13,Eastern Province,-1.95,30.45,20.7,6.98,0.77
2024-12-14,Eastern Province,-1.95,30.45,21.04,1.84,0.76
2024-12-15,Eastern Province,-1.95,30.45,21.02,4.39,0.76
2024-12-16,Eastern Province,-1.95,30.45,19.67,3.65,0.76
2024-12-17,Eastern Province,-1.95,30.45,20.38,3.7,0.76
2024-12-18,Eastern Province,-1.95,30.45,20.88,3.32,0.76
2024-12-19,Eastern Province,-1.95,30.45,20.58,8.27,0.76
2024-12-20,Eastern Province,-1.95,30.45,20.57,3.39,0.77
2024-12-21,Eastern Province,-1.95,30.45,21.06,2.66,0.77
2024-12-22,Eastern Province,-1.95,30.45,21.11,2.54,0.77
2024-12-23,Eastern Province,-1.95,30.45,20.62,3.08,0.76
2024-12-24,Eastern Province,-1.95,30.45,20.25,7.17,0.77
2024-12-25,Eastern Province,-1.95,30.45,20.65,6.68,0.77
2024-12-26,Eastern Province,-1.95,30.45,20.5,6.34,0.77
2024-12-27,Eastern Province,-1.95,30.45,20.78,0.97,0.77
2024-12-28,Eastern Province,-1.95,30.45,21.04,0.09,0.77
2024-12-29,Eastern Province,-1.95,30.45,20.87,0.12,0.76
2024-12-30,Eastern Province,-1.95,30.45,20.58,0.0,0.76
2024-12-31,Eastern Province,-1.95,30.45,21.07,0.01,0.76
2025-01-01,Eastern Province,-1.95,30.45,20.73,0.48,0.76
2025-01-02,Eastern Province,-1.95,30.45,19.97,20.83,0.76
2025-01-03,Eastern Province,-1.95,30.45,21.01,6.16,0.76
2025-01-04,Eastern Province,-1.95,30.45,21.42,4.85,0.76
2025-01-05,Eastern Province,-1.95,30.45,20.33,6.79,0.76
2025-01-06,Eastern Province,-1.95,30.45,20.98,0.26,0.77
2025-01-07,Eastern Province,-1.95,30.45,21.51,0.42,0.76
2025-01-08,Eastern Province,-1.95,30.45,22.01,0.1,0.76
2025-01-09,Eastern Province,-1.95,30.45,21.3,0.82,0.76
2025-01-10,Eastern Province,-1.95,30.45,20.83,3.21,0.76
2025-01-11,Eastern Province,-1.95,30.45,20.0,1.4,0.76
2025-01-12,Eastern Province,-1.95,30.45,21.21,0.54,0.75
2025-01-13,Eastern Province,-1.95,30.45,21.57,1.19,0.75
2025-01-14,Eastern Province,-1.95,30.45,21.08,0.73,0.75
2025-01-15,Eastern Province,-1.95,30.45,20.9,0.12,0.75
2025-01-16,Eastern Province,-1.95,30.45,21.29,0.7,0.75
2025-01-17,Eastern Province,-1.95,30.45,22.34,0.67,0.74
2025-01-18,Eastern Province,-1.95,30.45,21.77,2.62,0.74
2025-01-19,Eastern Province,-1.95,30.45,22.18,3.03,0.74
2025-01-20,Eastern Province,-1.95,30.45,21.63,3.9,0.74
2025-01-21,Eastern Province,-1.95,30.45,21.35,4.57,0.74
2025-01-22,Eastern Province,-1.95,30.45,20.75,1.9,0.74
2025-01-23,Eastern Province,-1.95,30.45,19.95,1.39,0.74
2025-01-24,Eastern Province,-1.95,30.45,21.19,1.47,0.74
2025-01-25,Eastern Province,-1.95,30.45,21.68,1.98,0.74
2025-01-26,Eastern Province,-1.95,30.45,20.29,2.2,0.74
2025-01-27,Eastern Province,-1.95,30.45,20.76,0.18,0.74
2025-01-28,Eastern Province,-1.95,30.45,20.53,0.32,0.74
2025-01-29,Eastern Province,-1.95,30.45,20.85,1.05,0.74
2025-01-30,Eastern Province,-1.95,30.45,20.41,0.28,0.74
2025-01-31,Eastern Province,-1.95,30.45,21.63,0.55,0.73
2025-02-01,Eastern Province,-1.95,30.45,22.02,2.2,0.73
2025-02-02,Eastern Province,-1.95,30.45,21.82,4.02,0.73
2025-02-03,Eastern Province,-1.95,30.45,21.61,1.26,0.73
2025-02-04,Eastern Province,-1.95,30.45,21.65,3.14,0.73
2025-02-05,Eastern Province,-1.95,30.45,22.69,7.31,0.73
2025-02-06,Eastern Province,-1.95,30.45,22.96,0.31,0.73
2025-02-07,Eastern Province,-1.95,30.45,21.14,1.43,0.73
2025-02-08,Eastern Province,-1.95,30.45,20.57,10.45,0.73
2025-02-09,Eastern Province,-1.95,30.45,20.86,2.66,0.73
2025-02-10,Eastern Province,-1.95,30.45,21.88,0.18,0.73
2025-02-11,Eastern Province,-1.95,30.45,21.98,3.17,0.73
2025-02-12,Eastern Province,-1.95,30.45,22.25,0.09,0.73
2025-02-13,Eastern Province,-1.95,30.45,22.28,0.11,0.73
2025-02-14,Eastern Province,-1.95,30.45,21.54,0.5,0.73
2025-02-15,Eastern Province,-1.95,30.45,21.79,10.13,0.73
2025-02-16,Eastern Province,-1.95,30.45,22.42,8.56,0.73
2025-02-17,Eastern Province,-1.95,30.45,20.98,21.97,0.73
2025-02-18,Eastern Province,-1.95,30.45,21.21,5.08,0.74
2025-02-19,Eastern Province,-1.95,30.45,21.8,0.24,0.74
2025-02-20,Eastern Province,-1.95,30.45,22.1,0.0,0.74
2025-02-21,Eastern Province,-1.95,30.45,22.37,0.04,0.73
2025-02-22,Eastern Province,-1.95,30.45,21.79,0.14,0.73
2025-02-23,Eastern Province,-1.95,30.45,21.78,0.35,0.73
2025-02-24,Eastern Province,-1.95,30.45,22.52,0.03,0.73
2025-02-25,Eastern Province,-1.95,30.45,22.68,0.0,0.72
2025-02-26,Eastern Province,-1.95,30.45,22.52,0.0,0.72
2025-02-27,Eastern Province,-1.95,30.45,22.95,0.0,0.72
2025-02-28,Eastern Province,-1.95,30.45,23.25,0.0,0.72
2025-03-01,Eastern Province,-1.95,30.45,23.17,0.0,0.72
2025-03-02,Eastern Province,-1.95,30.45,23.29,0.28,0.71
2025-03-03,Eastern Province,-1.95,30.45,22.9,1.26,0.71
2025-03-04,Eastern Province,-1.95,30.45,23.25,0.85,0.71
2025-03-05,Eastern Province,-1.95,30.45,23.18,0.67,0.71
2025-03-06,Eastern Province,-1.95,30.45,24.5,0.07,0.71
2025-03-07,Eastern Province,-1.95,30.45,23.94,0.35,0.71
2025-03-08,Eastern Province,-1.95,30.45,21.82,3.23,0.71
2025-03-09,Eastern Province,-1.95,30.45,21.38,1.44,0.71
2025-03-10,Eastern Province,-1.95,30.45,21.09,12.83,0.71
2025-03-11,Eastern Province,-1.95,30.45,20.29,2.84,0.71
2025-03-12,Eastern Province,-1.95,30.45,20.87,4.98,0.71
2025-03-13,Eastern Province,-1.95,30.45,21.21,3.02,0.71
2025-03-14,Eastern Province,-1.95,30.45,22.56,1.69,0.71
2025-03-15,Eastern Province,-1.95,30.45,22.44,1.82,0.71
2025-03-16,Eastern Province,-1.95,30.45,20.29,4.08,0.71
2025-03-17,Eastern Province,-1.95,30.45,21.41,1.12,0.71
2025-03-18,Eastern Province,-1.95,30.45,21.56,2.07,0.71
2025-03-19,Eastern Province,-1.95,30.45,19.35,9.18,0.71
2025-03-20,Eastern Province,-1.95,30.45,20.05,6.46,0.71
2025-03-21,Eastern Province,-1.95,30.45,21.84,0.75,0.71
2025-03-22,Eastern Province,-1.95,30.45,21.39,3.12,0.71
2025-03-23,Eastern Province,-1.95,30.45,21.24,5.4,0.71
2025-03-24,Eastern Province,-1.95,30.45,21.22,1.5,0.71
2025-03-25,Eastern Province,-1.95,30.45,21.59,1.58,0.71
2025-03-26,Eastern Province,-1.95,30.45,21.87,1.83,0.71
2025-03-27,Eastern Province,-1.95,30.45,21.64,6.02,0.71
2025-03-28,Eastern Province,-1.95,30.45,20.62,8.92,0.71
2025-03-29,Eastern Province,-1.95,30.45,21.08,3.96,0.72
2025-03-30,Eastern Province,-1.95,30.45,21.75,0.78,0.72
2025-03-31,Eastern Province,-1.95,30.45,21.23,0.93,0.71
2025-04-01,Eastern Province,-1.95,30.45,20.9,3.15,0.71
2025-04-02,Eastern Province,-1.95,30.45,21.9,0.76,0.71
2025-04-03,Eastern Province,-1.95,30.45,21.25,0.95,0.71
2025-04-04,Eastern Province,-1.95,30.45,21.69,1.02,0.71
2025-04-05,Eastern Province,-1.95,30.45,20.93,4.92,0.71
2025-04-06,Eastern Province,-1.95,30.45,21.15,5.31,0.71
2025-04-07,Eastern Province,-1.95,30.45,20.13,3.49,0.71
2025-04-08,Eastern Province,-1.95,30.45,20.91,13.49,0.72
2025-04-09,Eastern Province,-1.95,30.45,21.64,0.26,0.72
2025-04-10,Eastern Province,-1.95,30.45,21.75,0.66,0.71
2025-04-11,Eastern Province,-1.95,30.45,22.34,8.36,0.71
2025-04-12,Eastern Province,-1.95,30.45,21.7,24.0,0.72
2025-04-13,Eastern Province,-1.95,30.45,20.56,7.68,0.73
2025-04-14,Eastern Province,-1.95,30.45,20.28,4.55,0.73
2025-04-15,Eastern Province,-1.95,30.45,21.05,1.46,0.73
2025-04-16,Eastern Province,-1.95,30.45,19.36,5.16,0.73
2025-04-17,Eastern Province,-1.95,30.45,21.46,0.23,0.73
2025-04-18,Eastern Province,-1.95,30.45,21.6,0.79,0.73
2025-04-19,Eastern Province,-1.95,30.45,21.63,1.07,0.72
2025-04-20,Eastern Province,-1.95,30.45,21.54,1.97,0.72
2025-04-21,Eastern Province,-1.95,30.45,21.75,1.7,0.72
2025-04-22,Eastern Province,-1.95,30.45,21.07,5.29,0.72
2025-04-23,Eastern Province,-1.95,30.45,20.63,6.85,0.72
2025-04-24,Eastern Province,-1.95,30.45,20.38,6.04,0.73
2025-04-25,Eastern Province,-1.95,30.45,20.77,19.49,0.73
2025-04-26,Eastern Province,-1.95,30.45,21.15,1.22,0.73
2025-04-27,Eastern Province,-1.95,30.45,21.08,0.62,0.73
2025-04-28,Eastern Province,-1.95,30.45,21.26,0.38,0.73
2025-04-29,Eastern Province,-1.95,30.45,21.27,1.11,0.73
2025-04-30,Eastern Province,-1.95,30.45,21.46,1.31,0.73
2025-05-01,Eastern Province,-1.95,30.45,21.65,0.46,0.72
2025-05-02,Eastern Province,-1.95,30.45,21.16,1.45,0.72
2025-05-03,Eastern Province,-1.95,30.45,19.99,2.39,0.72
2025-05-04,Eastern Province,-1.95,30.45,19.66,1.31,0.72
2025-05-05,Eastern Province,-1.95,30.45,19.31,3.19,0.72
2025-05-06,Eastern Province,-1.95,30.45,20.12,7.7,0.72
2025-05-07,Eastern Province,-1.95,30.45,19.79,7.96,0.73
2025-05-08,Eastern Province,-1.95,30.45,20.21,5.73,0.73
2025-05-09,Eastern Province,-1.95,30.45,20.66,5.26,0.73
2025-05-10,Eastern Province,-1.95,30.45,19.67,4.28,0.73
2025-05-11,Eastern Province,-1.95,30.45,20.87,4.58,0.73
2025-05-12,Eastern Province,-1.95,30.45,20.39,5.48,0.73
2025-05-13,Eastern Province,-1.95,30.45,20.03,5.96,0.73
2025-05-14,Eastern Province,-1.95,30.45,19.82,2.67,0.73
2025-05-15,Eastern Province,-1.95,30.45,19.49,1.55,0.73
2025-05-16,Eastern Province,-1.95,30.45,20.06,1.04,0.73
2025-05-17,Eastern Province,-1.95,30.45,20.63,0.52,0.73
2025-05-18,Eastern Province,-1.95,30.45,20.84,0.37,0.72
2025-05-19,Eastern Province,-1.95,30.45,20.96,1.82,0.72
2025-05-20,Eastern Province,-1.95,30.45,19.75,4.4,0.72
2025-05-21,Eastern Province,-1.95,30.45,20.33,5.11,0.72
2025-05-22,Eastern Province,-1.95,30.45,20.93,5.15,0.73
2025-05-23,Eastern Province,-1.95,30.45,20.53,5.38,0.73
2025-05-24,Eastern Province,-1.95,30.45,20.6,1.03,0.73
2025-05-25,Eastern Province,-1.95,30.45,20.12,1.16,0.72
2025-05-26,Eastern Province,-1.95,30.45,20.59,0.32,0.72
2025-05-27,Eastern Province,-1.95,30.45,20.75,1.03,0.72
2025-05-28,Eastern Province,-1.95,30.45,20.54,1.77,0.72
2025-05-29,Eastern Province,-1.95,30.45,20.61,0.94,0.72
2025-05-30,Eastern Province,-1.95,30.45,20.36,2.58,0.72
2025-05-31,Eastern Province,-1.95,30.45,21.15,0.63,0.72
2025-06-01,Eastern Province,-1.95,30.45,20.68,0.02,0.72
2025-06-02,Eastern Province,-1.95,30.45,20.66,0.42,0.71
2025-06-03,Eastern Province,-1.95,30.45,20.73,3.47,0.71
2025-06-04,Eastern Province,-1.95,30.45,20.35,5.86,0.71
2025-06-05,Eastern Province,-1.95,30.45,19.29,4.37,0.72
2025-06-06,Eastern Province,-1.95,30.45,19.64,2.23,0.72
2025-06-07,Eastern Province,-1.95,30.45,20.43,2.25,0.71
2025-06-08,Eastern Province,-1.95,30.45,20.87,3.04,0.71
2025-06-09,Eastern Province,-1.95,30.45,20.64,0.57,0.71
2025-06-10,Eastern Province,-1.95,30.45,20.64,0.04,0.71
2025-06-11,Eastern Province,-1.95,30.45,20.14,0.0,0.71
2025-06-12,Eastern Province,-1.95,30.45,21.07,0.0,0.71
2025-06-13,Eastern Province,-1.95,30.45,20.41,0.0,0.71
2025-06-14,Eastern Province,-1.95,30.45,20.16,0.0,0.71
2025-06-15,Eastern Province,-1.95,30.45,19.63,0.02,0.7
2025-06-16,Eastern Province,-1.95,30.45,19.02,0.0,0.7
2025-06-17,Eastern Province,-1.95,30.45,19.35,1.25,0.7
2025-06-18,Eastern Province,-1.95,30.45,20.78,3.39,0.7
2025-06-19,Eastern Province,-1.95,30.45,20.39,6.32,0.7
2025-06-20,Eastern Province,-1.95,30.45,20.11,4.1,0.7
2025-06-21,Eastern Province,-1.95,30.45,20.94,3.5,0.7
2025-06-22,Eastern Province,-1.95,30.45,21.53,1.48,0.7
2025-06-23,Eastern Province,-1.95,30.45,20.96,2.69,0.7
2025-06-24,Eastern Province,-1.95,30.45,20.97,0.76,0.7
2025-06-25,Eastern Province,-1.95,30.45,21.36,0.09,0.7
2025-06-26,Eastern Province,-1.95,30.45,21.27,0.43,0.7
2025-06-27,Eastern Province,-1.95,30.45,21.88,0.18,0.7
2025-06-28,Eastern Province,-1.95,30.45,21.7,0.6,0.7
2025-06-29,Eastern Province,-1.95,30.45,20.51,0.97,0.7
2025-06-30,Eastern Province,-1.95,30.45,20.31,0.82,0.69
2025-07-01,Eastern Province,-1.95,30.45,19.95,0.44,0.69
2025-07-02,Eastern Province,-1.95,30.45,20.2,0.03,0.69
2025-07-03,Eastern Province,-1.95,30.45,20.29,0.39,0.69
2025-07-04,Eastern Province,-1.95,30.45,21.2,0.18,0.69
2025-07-05,Eastern Province,-1.95,30.45,21.63,0.4,0.69
2025-07-06,Eastern Province,-1.95,30.45,21.65,1.03,0.69
2025-07-07,Eastern Province,-1.95,30.45,20.65,1.86,0.69
2025-07-08,Eastern Province,-1.95,30.45,20.71,0.6,0.69
2025-07-09,Eastern Province,-1.95,30.45,19.59,0.16,0.69
2025-07-10,Eastern Province,-1.95,30.45,19.03,0.09,0.68
2025-07-11,Eastern Province,-1.95,30.45,19.69,0.38,0.68
2025-07-12,Eastern Province,-1.95,30.45,20.12,0.53,0.68
2025-07-13,Eastern Province,-1.95,30.45,20.41,0.29,0.68
2025-07-14,Eastern Province,-1.95,30.45,20.58,0.61,0.68
2025-07-15,Eastern Province,-1.95,30.45,20.78,0.28,0.68
2025-07-16,Eastern Province,-1.95,30.45,21.07,0.34,0.68
2025-07-17,Eastern Province,-1.95,30.45,21.33,0.33,0.68
2025-07-18,Eastern Province,-1.95,30.45,22.16,0.15,0.68
2025-07-19,Eastern Province,-1.95,30.45,21.47,0.08,0.68
2025-07-20,Eastern Province,-1.95,30.45,20.8,0.02,0.67
2025-07-21,Eastern Province,-1.95,30.45,21.0,0.03,0.67
2025-07-22,Eastern Province,-1.95,30.45,21.44,0.01,0.67
2025-07-23,Eastern Province,-1.95,30.45,21.61,0.01,0.67
2025-07-24,Eastern Province,-1.95,30.45,21.53,0.01,0.67
2025-07-25,Eastern Province,-1.95,30.45,21.63,0.0,0.67
2025-07-26,Eastern Province,-1.95,30.45,21.52,0.0,0.67
2025-07-27,Eastern Province,-1.95,30.45,20.83,0.0,0.67
2025-07-28,Eastern Province,-1.95,30.45,20.02,0.0,0.67
2025-07-29,Eastern Province,-1.95,30.45,19.44,0.0,0.67
2025-07-30,Eastern Province,-1.95,30.45,18.95,0.0,0.66
2025-07-31,Eastern Province,-1.95,30.45,19.43,0.0,0.66
2025-08-01,Eastern Province,-1.95,30.45,20.56,0.0,0.66
2025-08-02,Eastern Province,-1.95,30.45,20.88,0.0,0.66
2025-08-03,Eastern Province,-1.95,30.45,20.22,0.0,0.66
2025-08-04,Eastern Province,-1.95,30.45,19.15,0.0,0.66
2025-08-05,Eastern Province,-1.95,30.45,20.41,0.05,0.66
2025-08-06,Eastern Province,-1.95,30.45,21.55,0.07,0.66
2025-08-07,Eastern Province,-1.95,30.45,22.3,0.51,0.66
2025-08-08,Eastern Province,-1.95,30.45,22.67,0.91,0.66
2025-08-09,Eastern Province,-1.95,30.45,21.41,4.73,0.66
2025-08-10,Eastern Province,-1.95,30.45,20.43,13.59,0.66
2025-08-11,Eastern Province,-1.95,30.45,21.04,28.66,0.67
2025-08-12,Eastern Province,-1.95,30.45,20.04,27.15,0.69
2025-08-13,Eastern Province,-1.95,30.45,21.14,0.79,0.69
2025-08-14,Eastern Province,-1.95,30.45,21.17,0.4,0.69
2025-08-15,Eastern Province,-1.95,30.45,21.48,2.94,0.69
2025-08-16,Eastern Province,-1.95,30.45,20.84,19.28,0.69
2025-08-17,Eastern Province,-1.95,30.45,20.83,7.24,0.69
2025-08-18,Eastern Province,-1.95,30.45,19.41,39.09,0.71
2025-08-19,Eastern Province,-1.95,30.45,19.79,5.98,0.72
2025-08-20,Eastern Province,-1.95,30.45,19.83,0.0,0.71
2025-08-21,Eastern Province,-1.95,30.45,19.59,0.0,0.71
2025-08-22,Eastern Province,-1.95,30.45,19.6,0.0,0.71
2025-08-23,Eastern Province,-1.95,30.45,18.99,0.0,0.71
2025-08-24,Eastern Province,-1.95,30.45,19.49,0.02,0.71
2025-08-25,Eastern Province,-1.95,30.45,20.64,0.17,0.71
2025-08-26,Eastern Province,-1.95,30.45,21.35,0.29,0.7
2025-08-27,Eastern Province,-1.95,30.45,21.59,0.01,0.7
2025-08-28,Eastern Province,-1.95,30.45,21.14,0.01,0.7
2025-08-29,Eastern Province,-1.95,30.45,21.25,0.09,0.7
2025-08-30,Eastern Province,-1.95,30.45,19.5,0.0,0.7
2025-08-31,Eastern Province,-1.95,30.45,20.18,0.0,0.7
2025-09-01,Eastern Province,-1.95,30.45,21.05,0.0,0.69
2025-09-02,Eastern Province,-1.95,30.45,20.58,0.0,0.69
2025-09-03,Eastern Province,-1.95,30.45,20.64,0.0,0.69
2025-09-04,Eastern Province,-1.95,30.45,21.76,0.03,0.69
2025-09-05,Eastern Province,-1.95,30.45,22.06,0.02,0.69
2025-09-06,Eastern Province,-1.95,30.45,22.46,0.01,0.69
2025-09-07,Eastern Province,-1.95,30.45,21.67,0.0,0.69
2025-09-08,Eastern Province,-1.95,30.45,21.32,6.02,0.68
2025-09-09,Eastern Province,-1.95,30.45,21.69,1.75,0.69
2025-09-10,Eastern Province,-1.95,30.45,22.73,1.21,0.69
2025-09-11,Eastern Province,-1.95,30.45,22.04,5.7,0.69
2025-09-12,Eastern Province,-1.95,30.45,22.16,0.58,0.69
2025-09-13,Eastern Province,-1.95,30.45,22.06,3.39,0.69
2025-09-14,Eastern Province,-1.95,30.45,22.47,0.62,0.69
2025-09-15,Eastern Province,-1.95,30.45,21.68,1.65,0.68
2025-09-16,Eastern Province,-1.95,30.45,21.99,1.12,0.68
2025-09-17,Eastern Province,-1.95,30.45,21.65,9.13,0.68
2025-09-18,Eastern Province,-1.95,30.45,21.86,3.02,0.69
2025-09-19,Eastern Province,-1.95,30.45,22.14,1.71,0.69
2025-09-20,Eastern Province,-1.95,30.45,22.47,0.0,0.69
2025-09-21,Eastern Province,-1.95,30.45,21.27,0.02,0.68
2025-09-22,Eastern Province,-1.95,30.45,21.58,0.58,0.68
2025-09-23,Eastern Province,-1.95,30.45,21.72,0.87,0.68
2025-09-24,Eastern Province,-1.95,30.45,22.61,0.52,0.68
2025-09-25,Eastern Province,-1.95,30.45,21.68,0.15,0.68
2025-09-26,Eastern Province,-1.95,30.45,22.39,0.65,0.68
2025-09-27,Eastern Province,-1.95,30.45,22.51,3.5,0.68
2025-09-28,Eastern Province,-1.95,30.45,22.05,0.55,0.68
2025-09-29,Eastern Province,-1.95,30.45,23.37,0.05,0.68
2025-09-30,Eastern Province,-1.95,30.45,22.34,0.1,0.67
2025-10-01,Eastern Province,-1.95,30.45,22.22,0.09,0.67
2025-10-02,Eastern Province,-1.95,30.45,23.24,0.06,0.67
2025-10-03,Eastern Province,-1.95,30.45,23.14,1.0,0.67
2025-10-04,Eastern Province,-1.95,30.45,20.81,10.26,0.67
2025-10-05,Eastern Province,-1.95,30.45,21.17,1.96,0.68
2025-10-06,Eastern Province,-1.95,30.45,21.05,2.34,0.68
2025-10-07,Eastern Province,-1.95,30.45,20.43,6.59,0.68
2025-10-08,Eastern Province,-1.95,30.45,20.79,3.25,0.68
2025-10-09,Eastern Province,-1.95,30.45,20.19,1.09,0.68
2025-10-10,Eastern Province,-1.95,30.45,20.61,1.32,0.68
2025-10-11,Eastern Province,-1.95,30.45,21.84,0.33,0.68
2025-10-12,Eastern Province,-1.95,30.45,21.77,0.51,0.67
2025-10-13,Eastern Province,-1.95,30.45,21.24,0.64,0.67
2025-10-14,Eastern Province,-1.95,30.45,21.3,1.22,0.67
2025-10-15,Eastern Province,-1.95,30.45,22.18,1.32,0.67
2025-10-16,Eastern Province,-1.95,30.45,21.71,0.86,0.67
2025-10-17,Eastern Province,-1.95,30.45,21.3,10.24,0.67
2025-10-18,Eastern Province,-1.95,30.45,20.75,5.6,0.67
2025-10-19,Eastern Province,-1.95,30.45,21.52,0.33,0.67
2025-10-20,Eastern Province,-1.95,30.45,21.74,1.0,0.67
2025-10-21,Eastern Province,-1.95,30.45,21.53,3.38,0.67
2025-10-22,Eastern Province,-1.95,30.45,21.16,7.89,0.67
2025-10-23,Eastern Province,-1.95,30.45,21.3,2.45,0.67
2025-10-24,Eastern Province,-1.95,30.45,22.52,1.57,0.67
2025-10-25,Eastern Province,-1.95,30.45,22.89,3.31,0.67
2025-10-26,Eastern Province,-1.95,30.45,22.68,1.74,0.67
2025-10-27,Eastern Province,-1.95,30.45,22.52,0.53,0.67
2025-10-28,Eastern Province,-1.95,30.45,22.14,1.8,0.67
2025-10-29,Eastern Province,-1.95,30.45,21.5,2.72,0.67
2025-10-30,Eastern Province,-1.95,30.45,22.14,1.05,0.67
2025-10-31,Eastern Province,-1.95,30.45,21.28,4.35,0.67
2025-11-01,Eastern Province,-1.95,30.45,21.39,0.67,0.67
2025-11-02,Eastern Province,-1.95,30.45,21.59,0.8,0.67
2025-11-03,Eastern Province,-1.95,30.45,21.03,0.82,0.67
2025-11-04,Eastern Province,-1.95,30.45,20.89,0.69,0.67
2025-11-05,Eastern Province,-1.95,30.45,22.24,0.67,0.67
2025-11-06,Eastern Province,-1.95,30.45,22.26,0.14,0.66
2025-11-07,Eastern Province,-1.95,30.45,21.43,2.48,0.66
2025-11-08,Eastern Province,-1.95,30.45,20.71,2.76,0.66
2025-11-09,Eastern Province,-1.95,30.45,20.96,5.7,0.66
2025-11-10,Eastern Province,-1.95,30.45,21.14,2.7,0.67
2025-11-11,Eastern Province,-1.95,30.45,21.6,1.49,0.66
2025-11-12,Eastern Province,-1.95,30.45,22.07,1.68,0.66
2025-11-13,Eastern Province,-1.95,30.45,21.91,0.88,0.66
2025-11-14,Eastern Province,-1.95,30.45,21.05,3.77,0.66
2025-11-15,Eastern Province,-1.95,30.45,21.87,2.42,0.66
2025-11-16,Eastern Province,-1.95,30.45,22.12,0.63,0.66
2025-11-17,Eastern Province,-1.95,30.45,20.88,12.93,0.67
2025-11-18,Eastern Province,-1.95,30.45,20.97,3.82,0.67
2025-11-19,Eastern Province,-1.95,30.45,21.15,6.52,0.67
2025-11-20,Eastern Province,-1.95,30.45,21.55,5.53,0.67
2025-11-21,Eastern Province,-1.95,30.45,21.03,11.1,0.67
2025-11-22,Eastern Province,-1.95,30.45,20.76,9.55,0.68
2025-11-23,Eastern Province,-1.95,30.45,21.05,0.42,0.67
2025-11-24,Eastern Province,-1.95,30.45,21.86,0.8,0.67
2025-11-25,Eastern Province,-1.95,30.45,21.71,1.16,0.67
2025-11-26,Eastern Province,-1.95,30.45,21.87,1.29,0.67
2025-11-27,Eastern Province,-1.95,30.45,21.71,0.7,0.67
2025-11-28,Eastern Province,-1.95,30.45,22.37,0.4,0.67
2025-11-29,Eastern Province,-1.95,30.45,22.42,1.56,0.67
2025-11-30,Eastern Province,-1.95,30.45,22.44,0.8,0.66
2025-12-01,Eastern Province,-1.95,30.45,21.18,0.81,0.66
2025-12-02,Eastern Province,-1.95,30.45,21.88,2.01,0.66
2025-12-03,Eastern Province,-1.95,30.45,22.45,8.8,0.67
2025-12-04,Eastern Province,-1.95,30.45,22.28,5.29,0.67
2025-12-05,Eastern Province,-1.95,30.45,21.64,5.65,0.67
2025-12-06,Eastern Province,-1.95,30.45,21.47,3.39,0.67
2025-12-07,Eastern Province,-1.95,30.45,21.54,1.77,0.67
2025-12-08,Eastern Province,-1.95,30.45,21.22,2.78,0.67
2025-12-09,Eastern Province,-1.95,30.45,21.88,1.81,0.67
2025-12-10,Eastern Province,-1.95,30.45,21.35,1.14,0.66
2025-12-11,Eastern Province,-1.95,30.45,21.95,0.75,0.66
2025-12-12,Eastern Province,-1.95,30.45,21.47,1.56,0.66
2025-12-13,Eastern Province,-1.95,30.45,21.43,0.95,0.66
2025-12-14,Eastern Province,-1.95,30.45,21.21,1.41,0.66
2025-12-15,Eastern Province,-1.95,30.45,22.31,2.48,0.66
2025-12-16,Eastern Province,-1.95,30.45,21.43,5.5,0.66
2025-12-17,Eastern Province,-1.95,30.45,21.2,2.91,0.66
2025-12-18,Eastern Province,-1.95,30.45,21.13,2.09,0.66
2025-12-19,Eastern Province,-1.95,30.45,20.72,2.04,0.66
2025-12-20,Eastern Province,-1.95,30.45,21.78,9.05,0.66
2025-12-21,Eastern Province,-1.95,30.45,22.15,0.71,0.66
2025-12-22,Eastern Province,-1.95,30.45,21.57,13.52,0.66
2025-12-23,Eastern Province,-1.95,30.45,22.03,1.72,0.67
2025-12-24,Eastern Province,-1.95,30.45,22.0,0.85,0.66
2025-12-25,Eastern Province,-1.95,30.45,22.06,2.03,0.66
2025-12-26,Eastern Province,-1.95,30.45,22.66,1.84,0.66
2025-12-27,Eastern Province,-1.95,30.45,22.55,2.24,0.66
2025-12-28,Eastern Province,-1.95,30.45,19.86,18.25,0.66
2025-12-29,Eastern Province,-1.95,30.45,19.82,2.83,0.67
2025-12-30,Eastern Province,-1.95,30.45,19.29,6.85,0.67
2025-12-31,Eastern Province,-1.95,30.45,20.35,3.95,0.67
2026-01-01,Eastern Province,-1.95,30.45,21.4,8.36,0.68
2026-01-02,Eastern Province,-1.95,30.45,21.85,0.88,0.68
2026-01-03,Eastern Province,-1.95,30.45,21.73,1.77,0.67
2026-01-04,Eastern Province,-1.95,30.45,22.1,2.92,0.67
2026-01-05,Eastern Province,-1.95,30.45,21.47,6.14,0.67
2026-01-06,Eastern Province,-1.95,30.45,21.58,8.89,0.67
2026-01-07,Eastern Province,-1.95,30.45,22.22,19.37,0.68
2026-01-08,Eastern Province,-1.95,30.45,22.26,2.84,0.68
2026-01-09,Eastern Province,-1.95,30.45,21.59,0.16,0.68
2026-01-10,Eastern Province,-1.95,30.45,21.41,10.41,0.68
2026-01-11,Eastern Province,-1.95,30.45,21.56,3.34,0.69
2026-01-12,Eastern Province,-1.95,30.45,21.76,1.72,0.68
2026-01-13,Eastern Province,-1.95,30.45,21.57,2.07,0.68
2026-01-14,Eastern Province,-1.95,30.45,22.0,0.06,0.68
2026-01-15,Eastern Province,-1.95,30.45,22.24,0.02,0.68
2026-01-16,Eastern Province,-1.95,30.45,21.9,0.0,0.68
2026-01-17,Eastern Province,-1.95,30.45,21.67,1.35,0.68
2026-01-18,Eastern Province,-1.95,30.45,21.1,3.33,0.67
2026-01-19,Eastern Province,-1.95,30.45,21.8,5.72,0.68
2026-01-20,Eastern Province,-1.95,30.45,21.8,2.01,0.68
2026-01-21,Eastern Province,-1.95,30.45,22.54,0.17,0.67
2026-01-22,Eastern Province,-1.95,30.45,22.43,3.18,0.67
2026-01-23,Eastern Province,-1.95,30.45,22.15,0.28,0.67
2026-01-24,Eastern Province,-1.95,30.45,23.58,0.01,0.67
2026-01-25,Eastern Province,-1.95,30.45,24.08,0.07,0.67
2026-01-26,Eastern Province,-1.95,30.45,23.23,0.13,0.67
2026-01-27,Eastern Province,-1.95,30.45,23.04,2.03,0.67
2026-01-28,Eastern Province,-1.95,30.45,23.11,9.04,0.67
2026-01-29,Eastern Province,-1.95,30.45,22.18,12.68,0.67
2026-01-30,Eastern Province,-1.95,30.45,22.15,1.57,0.67
2026-01-31,Eastern Province,-1.95,30.45,21.98,2.28,0.67
2026-02-01,Eastern Province,-1.95,30.45,21.01,4.27,0.67
2026-02-02,Eastern Province,-1.95,30.45,20.98,3.21,0.67
2026-02-03,Eastern Province,-1.95,30.45,21.47,3.62,0.67
2026-02-04,Eastern Province,-1.95,30.45,21.92,0.79,0.67
2026-02-05,Eastern Province,-1.95,30.45,20.63,2.78,0.67
2026-02-06,Eastern Province,-1.95,30.45,21.27,1.68,0.67
2026-02-07,Eastern Province,-1.95,30.45,21.1,3.61,0.67
2026-02-08,Eastern Province,-1.95,30.45,21.49,0.33,0.67
2026-02-09,Eastern Province,-1.95,30.45,20.84,5.36,0.67
2026-02-10,Eastern Province,-1.95,30.45,20.47,14.1,0.67
2026-02-11,Eastern Province,-1.95,30.45,20.55,6.42,0.68
2026-02-12,Eastern Province,-1.95,30.45,21.32,3.55,0.68
2026-02-13,Eastern Province,-1.95,30.45,21.8,4.55,0.68
2026-02-14,Eastern Province,-1.95,30.45,21.44,6.82,0.68
2026-02-15,Eastern Province,-1.95,30.45,21.42,3.05,0.68
2026-02-16,Eastern Province,-1.95,30.45,21.84,2.8,0.68
2026-02-17,Eastern Province,-1.95,30.45,21.23,2.51,0.68
2026-02-18,Eastern Province,-1.95,30.45,21.44,2.23,0.68
2026-02-19,Eastern Province,-1.95,30.45,19.86,8.01,0.68
2026-02-20,Eastern Province,-1.95,30.45,20.87,3.94,0.68
2026-02-21,Eastern Province,-1.95,30.45,21.73,8.42,0.68
2026-02-22,Eastern Province,-1.95,30.45,19.75,18.82,0.69
2026-02-23,Eastern Province,-1.95,30.45,19.15,3.09,0.69
2026-02-24,Eastern Province,-1.95,30.45,21.28,0.34,0.69
2026-02-25,Eastern Province,-1.95,30.45,22.2,0.91,0.69
2026-02-26,Eastern Province,-1.95,30.45,21.77,0.64,0.69
2026-02-27,Eastern Province,-1.95,30.45,21.52,0.43,0.69
2026-02-28,Eastern Province,-1.95,30.45,21.88,4.99,0.69
2026-03-01,Eastern Province,-1.95,30.45,20.38,6.94,0.69
2026-03-02,Eastern Province,-1.95,30.45,20.67,2.08,0.69
2026-03-03,Eastern Province,-1.95,30.45,21.99,4.14,0.69
2026-03-04,Eastern Province,-1.95,30.45,20.76,12.55,0.69
2026-03-05,Eastern Province,-1.95,30.45,20.67,5.51,0.7
2026-03-06,Eastern Province,-1.95,30.45,21.42,10.34,0.7
2026-03-07,Eastern Province,-1.95,30.45,21.38,3.69,0.7
2026-03-08,Eastern Province,-1.95,30.45,21.65,1.41,0.7
2026-03-09,Eastern Province,-1.95,30.45,21.85,3.61,0.7
2026-03-10,Eastern Province,-1.95,30.45,21.71,5.65,0.7
2026-03-11,Eastern Province,-1.95,30.45,21.72,3.37,0.7
2026-03-12,Eastern Province,-1.95,30.45,21.68,3.91,0.7
2026-03-13,Eastern Province,-1.95,30.45,22.43,8.2,0.7
2026-03-14,Eastern Province,-1.95,30.45,22.51,1.12,0.7
2026-03-15,Eastern Province,-1.95,30.45,22.61,2.78,0.7
2026-03-16,Eastern Province,-1.95,30.45,22.25,0.47,0.7
2026-03-17,Eastern Province,-1.95,30.45,22.96,1.77,0.7
2026-03-18,Eastern Province,-1.95,30.45,21.72,10.43,0.7
2026-03-19,Eastern Province,-1.95,30.45,20.45,21.41,0.71
2026-03-20,Eastern Province,-1.95,30.45,20.95,3.44,0.71
2026-03-21,Eastern Province,-1.95,30.45,20.86,14.44,0.71
2026-03-22,Eastern Province,-1.95,30.45,20.89,5.08,0.72
2026-03-23,Eastern Province,-1.95,30.45,20.27,2.38,0.72
2026-03-24,Eastern Province,-1.95,30.45,20.81,5.98,0.72
2026-03-25,Eastern Province,-1.95,30.45,20.28,6.15,0.72
2026-03-26,Eastern Province,-1.95,30.45,20.62,1.34,0.72
2026-03-27,Eastern Province,-1.95,30.45,20.14,3.82,0.72
2026-03-28,Eastern Province,-1.95,30.45,19.41,11.39,0.72
2026-03-29,Eastern Province,-1.95,30.45,21.25,1.04,0.72
2026-03-30,Eastern Province,-1.95,30.45,21.63,0.79,0.72
2026-03-31,Eastern Province,-1.95,30.45,20.67,1.2,0.72
2026-04-01,Eastern Province,-1.95,30.45,20.96,0.43,0.72
2026-04-02,Eastern Province,-1.95,30.45,21.34,0.17,0.71
2026-04-03,Eastern Province,-1.95,30.45,22.28,1.38,0.71
2026-04-04,Eastern Province,-1.95,30.45,22.03,1.43,0.71
2026-04-05,Eastern Province,-1.95,30.45,20.59,1.52,0.71
2026-04-06,Eastern Province,-1.95,30.45,21.72,0.32,0.71
2026-04-07,Eastern Province,-1.95,30.45,20.33,4.01,0.71
2026-04-08,Eastern Province,-1.95,30.45,21.6,1.24,0.71
2026-04-09,Eastern Province,-1.95,30.45,21.17,0.77,0.71
2026-04-10,Eastern Province,-1.95,30.45,19.89,3.85,0.71
2026-04-11,Eastern Province,-1.95,30.45,21.07,1.19,0.71
2026-04-12,Eastern Province,-1.95,30.45,21.14,1.24,0.7
2026-04-13,Eastern Province,-1.95,30.45,20.46,1.96,0.7
2026-04-14,Eastern Province,-1.95,30.45,20.01,2.25,0.7
2026-04-15,Eastern Province,-1.95,30.45,21.22,1.71,0.7
2026-04-16,Eastern Province,-1.95,30.45,21.15,0.95,0.7
2026-04-17,Eastern Province,-1.95,30.45,20.58,4.92,0.7
2026-04-18,Eastern Province,-1.95,30.45,19.77,10.74,0.71
2026-04-19,Eastern Province,-1.95,30.45,21.34,0.65,0.71
2026-04-20,Eastern Province,-1.95,30.45,21.32,3.88,0.7
2026-04-21,Eastern Province,-1.95,30.45,20.92,12.33,0.71
2026-04-22,Eastern Province,-1.95,30.45,21.86,0.43,0.71
2026-04-23,Eastern Province,-1.95,30.45,21.0,5.45,0.71
2026-04-24,Eastern Province,-1.95,30.45,21.27,0.8,0.71
2026-04-25,Eastern Province,-1.95,30.45,20.82,2.26,0.71
2026-04-26,Eastern Province,-1.95,30.45,20.55,6.11,0.71
2026-04-27,Eastern Province,-1.95,30.45,20.41,5.43,0.71
2026-04-28,Eastern Province,-1.95,30.45,21.87,9.65,0.71
2026-04-29,Eastern Province,-1.95,30.45,20.76,6.82,0.71
2026-04-30,Eastern Province,-1.95,30.45,21.29,3.98,0.71
2026-05-01,Eastern Province,-1.95,30.45,21.39,7.8,0.71
2026-05-02,Eastern Province,-1.95,30.45,20.47,11.73,0.72
2026-05-03,Eastern Province,-1.95,30.45,20.5,1.62,0.72
2026-05-04,Eastern Province,-1.95,30.45,20.74,0.66,0.72
2026-05-05,Eastern Province,-1.95,30.45,20.39,10.36,0.72
2026-05-06,Eastern Province,-1.95,30.45,21.18,6.6,0.72
2026-05-07,Eastern Province,-1.95,30.45,21.85,13.39,0.72
2026-05-08,Eastern Province,-1.95,30.45,21.84,10.16,0.73
2026-05-09,Eastern Province,-1.95,30.45,21.7,4.25,0.73
2026-05-10,Eastern Province,-1.95,30.45,21.42,11.96,0.73
2026-05-11,Eastern Province,-1.95,30.45,20.51,0.05,0.73
2026-05-12,Eastern Province,-1.95,30.45,20.64,0.0,0.73
2026-05-13,Eastern Province,-1.95,30.45,21.26,0.01,0.73
2026-05-14,Eastern Province,-1.95,30.45,20.37,0.61,0.73
2026-05-15,Eastern Province,-1.95,30.45,21.59,1.36,0.72
2026-05-16,Eastern Province,-1.95,30.45,20.97,0.93,0.72
2026-05-17,Eastern Province,-1.95,30.45,20.77,0.85,0.72
2026-05-18,Eastern Province,-1.95,30.45,21.04,0.94,0.72
2026-05-19,Eastern Province,-1.95,30.45,21.06,0.39,0.72
2026-05-20,Eastern Province,-1.95,30.45,21.11,0.94,0.72
2026-05-21,Eastern Province,-1.95,30.45,21.38,3.76,0.72
2026-05-22,Eastern Province,-1.95,30.45,21.51,1.41,0.71
2026-05-23,Eastern Province,-1.95,30.45,21.69,8.52,0.71
2026-05-24,Eastern Province,-1.95,30.45,20.86,4.44,0.72
2026-05-25,Eastern Province,-1.95,30.45,20.71,2.97,0.72
2026-05-26,Eastern Province,-1.95,30.45,20.7,0.81,0.72
2026-05-27,Eastern Province,-1.95,30.45,20.92,0.52,0.71
2026-05-28,Eastern Province,-1.95,30.45,20.95,0.42,0.71
2026-05-29,Eastern Province,-1.95,30.45,20.87,0.12,0.71
2026-05-30,Eastern Province,-1.95,30.45,21.05,0.2,0.71
2026-05-31,Eastern Province,-1.95,30.45,21.14,0.65,0.71
2026-06-01,Eastern Province,-1.95,30.45,20.81,0.4,0.71
2026-06-02,Eastern Province,-1.95,30.45,20.83,0.32,0.7
2026-06-03,Eastern Province,-1.95,30.45,20.84,0.67,0.7
2026-06-04,Eastern Province,-1.95,30.45,21.62,0.2,0.7
2026-06-05,Eastern Province,-1.95,30.45,21.42,0.91,0.7
2026-06-06,Eastern Province,-1.95,30.45,21.74,0.66,0.7
2026-06-07,Eastern Province,-1.95,30.45,21.91,0.37,0.7
2026-06-08,Eastern Province,-1.95,30.45,22.29,0.18,0.7
2026-06-09,Eastern Province,-1.95,30.45,22.86,0.22,0.7
2026-06-10,Eastern Province,-1.95,30.45,23.1,0.0,0.7
2026-06-11,Eastern Province,-1.95,30.45,22.53,0.02,0.69
2026-06-12,Eastern Province,-1.95,30.45,22.26,0.0,0.69
2026-06-13,Eastern Province,-1.95,30.45,22.3,0.0,0.69
2026-06-14,Eastern Province,-1.95,30.45,21.71,0.0,0.69
2026-06-15,Eastern Province,-1.95,30.45,22.04,0.0,0.69
2026-06-16,Eastern Province,-1.95,30.45,21.48,0.0,0.69
2026-06-17,Eastern Province,-1.95,30.45,20.63,0.0,0.69
2026-06-18,Eastern Province,-1.95,30.45,21.0,0.0,0.68
2026-06-19,Eastern Province,-1.95,30.45,21.27,0.0,0.68
2026-06-20,Eastern Province,-1.95,30.45,21.57,0.0,0.68
2026-06-21,Eastern Province,-1.95,30.45,20.85,0.0,0.68
2026-06-22,Eastern Province,-1.95,30.45,20.7,0.0,0.68
2026-06-23,Eastern Province,-1.95,30.45,20.78,0.0,0.68
2026-06-24,Eastern Province,-1.95,30.45,20.46,0.0,0.68
2026-06-25,Eastern Province,-1.95,30.45,20.87,0.31,0.68
2026-06-26,Eastern Province,-1.95,30.45,20.38,0.07,0.68
2026-06-27,Eastern Province,-1.95,30.45,19.65,0.0,0.67
2026-06-28,Eastern Province,-1.95,30.45,20.17,0.02,0.67
2026-06-29,Eastern Province,-1.95,30.45,20.83,0.01,0.67
2026-06-30,Eastern Province,-1.95,30.45,21.33,0.55,0.67
2026-07-01,Eastern Province,-1.95,30.45,21.77,2.57,0.67
2026-07-02,Eastern Province,-1.95,30.45,21.96,4.55,0.67
2026-07-03,Eastern Province,-1.95,30.45,22.3,0.21,0.67
2026-07-04,Eastern Province,-1.95,30.45,22.61,0.27,0.67
2026-07-05,Eastern Province,-1.95,30.45,21.38,0.95,0.67
2026-07-06,Eastern Province,-1.95,30.45,20.64,0.27,0.67
2026-07-07,Eastern Province,-1.95,30.45,20.71,0.03,0.67
2026-07-08,Eastern Province,-1.95,30.45,20.78,0.19,0.67
2026-07-09,Eastern Province,-1.95,30.45,21.56,0.03,0.67
2026-07-10,Eastern Province,-1.95,30.45,22.32,0.35,0.67
2026-07-11,Eastern Province,-1.95,30.45,21.96,2.44,0.66
2026-07-12,Eastern Province,-1.95,30.45,21.11,4.06,0.67
2026-07-13,Eastern Province,-1.95,30.45,20.97,1.27,0.67
2026-07-14,Eastern Province,-1.95,30.45,22.0,0.2,0.67
2026-07-15,Eastern Province,-1.95,30.45,21.31,0.29,0.66
2026-07-16,Eastern Province,-1.95,30.45,22.49,0.22,0.66
2026-07-17,Eastern Province,-1.95,30.45,22.78,0.24,0.66
2026-07-18,Eastern Province,-1.95,30.45,22.22,0.12,0.66
2026-07-19,Eastern Province,-1.95,30.45,21.77,0.0,0.66
2026-07-20,Eastern Province,-1.95,30.45,22.3,0.18,0.66
2026-07-21,Eastern Province,-1.95,30.45,22.76,0.8,0.66
2026-07-22,Eastern Province,-1.95,30.45,22.59,0.16,0.66
2026-07-23,Eastern Province,-1.95,30.45,23.05,0.1,0.66
2026-07-24,Eastern Province,-1.95,30.45,22.94,0.02,0.66
2026-07-25,Eastern Province,-1.95,30.45,22.82,0.0,0.66
2026-07-26,Eastern Province,-1.95,30.45,22.21,0.01,0.65
2026-07-27,Eastern Province,-1.95,30.45,22.29,0.0,0.65
2026-07-28,Eastern Province,-1.95,30.45,22.49,0.06,0.65
2026-07-29,Eastern Province,-1.95,30.45,22.59,0.11,0.65
2026-07-30,Eastern Province,-1.95,30.45,22.85,0.11,0.65
2026-07-31,Eastern Province,-1.95,30.45,23.54,0.17,0.65
2026-08-01,Eastern Province,-1.95,30.45,23.82,0.17,0.47
2026-08-02,Eastern Province,-1.95,30.45,23.61,0.28,0.47
2026-08-03,Eastern Province,-1.95,30.45,23.53,0.0,0.47
2026-08-04,Eastern Province,-1.95,30.45,23.22,0.84,0.47
2026-08-05,Eastern Province,-1.95,30.45,23.43,0.12,0.47
2026-08-06,Eastern Province,-1.95,30.45,23.32,0.09,0.47
2026-08-07,Eastern Province,-1.95,30.45,23.55,0.15,0.47
2026-08-08,Eastern Province,-1.95,30.45,23.24,0.0,0.47
2026-08-09,Eastern Province,-1.95,30.45,23.14,0.0,0.46
2026-08-10,Eastern Province,-1.95,30.45,23.68,0.03,0.46
2026-08-11,Eastern Province,-1.95,30.45,24.06,0.01,0.46
2026-08-12,Eastern Province,-1.95,30.45,23.83,0.0,0.46
2026-08-13,Eastern Province,-1.95,30.45,23.29,0.0,0.46
2026-08-14,Eastern Province,-1.95,30.45,22.36,0.0,0.46
2026-08-15,Eastern Province,-1.95,30.45,23.41,0.0,0.46
2026-08-16,Eastern Province,-1.95,30.45,24.15,0.03,0.46
2026-08-17,Eastern Province,-1.95,30.45,24.47,0.07,0.46
2026-08-18,Eastern Province,-1.95,30.45,23.93,0.09,0.46
2026-08-19,Eastern Province,-1.95,30.45,23.88,0.7,0.46
2026-08-20,Eastern Province,-1.95,30.45,23.23,0.17,0.46
2026-08-21,Eastern Province,-1.95,30.45,23.64,0.07,0.45
2026-08-22,Eastern Province,-1.95,30.45,24.59,0.05,0.45
2026-08-23,Eastern Province,-1.95,30.45,24.19,1.21,0.45
2026-08-24,Eastern Province,-1.95,30.45,23.57,2.31,0.45
2026-08-25,Eastern Province,-1.95,30.45,24.05,0.55,0.45
2026-08-26,Eastern Province,-1.95,30.45,24.32,0.08,0.45
2026-08-27,Eastern Province,-1.95,30.45,24.17,0.0,0.45
2026-08-28,Eastern Province,-1.95,30.45,23.65,0.0,0.45
2026-08-29,Eastern Province,-1.95,30.45,23.2,0.0,0.45
2026-08-30,Eastern Province,-1.95,30.45,23.62,0.0,0.45
2026-08-31,Eastern Province,-1.95,30.45,-999.0,-999.0,-999.0
2026-09-01,Eastern Province,-1.95,30.45,-999.0,-999.0,-999.0
2026-09-02,Eastern Province,-1.95,30.45,-999.0,-999.0,-999.0
2020-01-01,Western Province,-2.15,29.35,21.39,0.68,0.74
2020-01-02,Western Province,-2.15,29.35,21.42,0.49,0.73
2020-01-03,Western Province,-2.15,29.35,21.33,0.07,0.73
2020-01-04,Western Province,-2.15,29.35,20.51,5.56,0.73
2020-01-05,Western Province,-2.15,29.35,20.49,0.86,0.73
2020-01-06,Western Province,-2.15,29.35,20.15,4.56,0.73
2020-01-07,Western Province,-2.15,29.35,20.53,1.12,0.72
2020-01-08,Western Province,-2.15,29.35,18.93,2.95,0.72
2020-01-09,Western Province,-2.15,29.35,20.45,1.5,0.72
2020-01-10,Western Province,-2.15,29.35,19.3,4.76,0.72
2020-01-11,Western Province,-2.15,29.35,19.33,1.69,0.72
2020-01-12,Western Province,-2.15,29.35,19.61,4.06,0.72
2020-01-13,Western Province,-2.15,29.35,18.83,2.64,0.72
2020-01-14,Western Province,-2.15,29.35,20.84,0.92,0.72
2020-01-15,Western Province,-2.15,29.35,21.45,0.28,0.72
2020-01-16,Western Province,-2.15,29.35,21.56,1.47,0.72
2020-01-17,Western Province,-2.15,29.35,20.24,14.17,0.72
2020-01-18,Western Province,-2.15,29.35,20.65,2.16,0.72
2020-01-19,Western Province,-2.15,29.35,19.32,3.83,0.72
2020-01-20,Western Province,-2.15,29.35,20.53,1.48,0.72
2020-01-21,Western Province,-2.15,29.35,21.14,0.6,0.72
2020-01-22,Western Province,-2.15,29.35,20.79,0.21,0.71
2020-01-23,Western Province,-2.15,29.35,20.1,4.36,0.71
2020-01-24,Western Province,-2.15,29.35,19.7,4.23,0.71
2020-01-25,Western Province,-2.15,29.35,20.63,1.4,0.71
2020-01-26,Western Province,-2.15,29.35,20.42,8.86,0.71
2020-01-27,Western Province,-2.15,29.35,20.31,10.49,0.72
2020-01-28,Western Province,-2.15,29.35,19.36,29.07,0.73
2020-01-29,Western Province,-2.15,29.35,19.34,7.14,0.74
2020-01-30,Western Province,-2.15,29.35,19.62,11.94,0.74
2020-01-31,Western Province,-2.15,29.35,19.24,9.9,0.75
2020-02-01,Western Province,-2.15,29.35,18.15,16.5,0.76
2020-02-02,Western Province,-2.15,29.35,19.09,3.21,0.76
2020-02-03,Western Province,-2.15,29.35,19.07,15.1,0.76
2020-02-04,Western Province,-2.15,29.35,18.65,15.98,0.77
2020-02-05,Western Province,-2.15,29.35,18.78,11.13,0.78
2020-02-06,Western Province,-2.15,29.35,18.91,1.89,0.78
2020-02-07,Western Province,-2.15,29.35,20.7,0.6,0.78
2020-02-08,Western Province,-2.15,29.35,21.3,0.22,0.78
2020-02-09,Western Province,-2.15,29.35,21.23,0.05,0.77
2020-02-10,Western Province,-2.15,29.35,21.19,0.0,0.77
2020-02-11,Western Province,-2.15,29.35,21.96,0.01,0.76
2020-02-12,Western Province,-2.15,29.35,21.95,0.04,0.76
2020-02-13,Western Province,-2.15,29.35,19.91,1.13,0.76
2020-02-14,Western Province,-2.15,29.35,20.59,1.09,0.75
2020-02-15,Western Province,-2.15,29.35,21.03,1.37,0.75
2020-02-16,Western Province,-2.15,29.35,21.0,0.47,0.75
2020-02-17,Western Province,-2.15,29.35,21.22,1.07,0.74
2020-02-18,Western Province,-2.15,29.35,21.57,0.78,0.74
2020-02-19,Western Province,-2.15,29.35,20.58,2.71,0.74
2020-02-20,Western Province,-2.15,29.35,20.87,1.85,0.74
2020-02-21,Western Province,-2.15,29.35,21.09,4.31,0.74
2020-02-22,Western Province,-2.15,29.35,21.58,1.43,0.74
2020-02-23,Western Province,-2.15,29.35,22.12,1.1,0.73
2020-02-24,Western Province,-2.15,29.35,21.71,14.29,0.73
2020-02-25,Western Province,-2.15,29.35,20.45,30.62,0.75
2020-02-26,Western Province,-2.15,29.35,21.27,4.49,0.75
2020-02-27,Western Province,-2.15,29.35,21.01,10.61,0.75
2020-02-28,Western Province,-2.15,29.35,19.79,2.86,0.76
2020-02-29,Western Province,-2.15,29.35,21.61,2.99,0.75
2020-03-01,Western Province,-2.15,29.35,21.7,13.63,0.76
2020-03-02,Western Province,-2.15,29.35,19.38,15.77,0.77
2020-03-03,Western Province,-2.15,29.35,20.53,1.42,0.77
2020-03-04,Western Province,-2.15,29.35,20.64,0.67,0.77
2020-03-05,Western Province,-2.15,29.35,21.47,2.21,0.76
2020-03-06,Western Province,-2.15,29.35,20.84,8.88,0.77
2020-03-07,Western Province,-2.15,29.35,21.32,0.24,0.77
2020-03-08,Western Province,-2.15,29.35,21.59,4.83,0.76
2020-03-09,Western Province,-2.15,29.35,20.92,22.01,0.76
2020-03-10,Western Province,-2.15,29.35,20.89,9.25,0.78
2020-03-11,Western Province,-2.15,29.35,20.74,1.49,0.78
2020-03-12,Western Province,-2.15,29.35,21.18,3.82,0.77
2020-03-13,Western Province,-2.15,29.35,19.57,4.12,0.78
2020-03-14,Western Province,-2.15,29.35,20.94,0.28,0.77
2020-03-15,Western Province,-2.15,29.35,21.42,8.6,0.77
2020-03-16,Western Province,-2.15,29.35,21.11,11.42,0.78
2020-03-17,Western Province,-2.15,29.35,20.83,7.76,0.78
2020-03-18,Western Province,-2.15,29.35,19.98,7.86,0.78
2020-03-19,Western Province,-2.15,29.35,20.49,3.5,0.78
2020-03-20,Western Province,-2.15,29.35,20.67,5.04,0.78
2020-03-21,Western Province,-2.15,29.35,20.01,14.8,0.79
2020-03-22,Western Province,-2.15,29.35,20.53,17.16,0.79
2020-03-23,Western Province,-2.15,29.35,20.15,19.39,0.8
2020-03-24,Western Province,-2.15,29.35,18.87,11.58,0.81
2020-03-25,Western Province,-2.15,29.35,19.34,104.34,0.82
2020-03-26,Western Province,-2.15,29.35,19.08,14.71,0.85
2020-03-27,Western Province,-2.15,29.35,19.21,57.25,0.85
2020-03-28,Western Province,-2.15,29.35,18.58,19.75,0.88
2020-03-29,Western Province,-2.15,29.35,19.85,2.54,0.87
2020-03-30,Western Province,-2.15,29.35,19.92,3.03,0.87
2020-03-31,Western Province,-2.15,29.35,20.03,4.01,0.87
2020-04-01,Western Province,-2.15,29.35,19.98,1.0,0.87
2020-04-02,Western Province,-2.15,29.35,20.5,2.1,0.87
2020-04-03,Western Province,-2.15,29.35,21.01,1.84,0.86
2020-04-04,Western Province,-2.15,29.35,20.47,2.79,0.86
2020-04-05,Western Province,-2.15,29.35,20.89,4.32,0.86
2020-04-06,Western Province,-2.15,29.35,20.93,1.9,0.86
2020-04-07,Western Province,-2.15,29.35,21.08,6.58,0.86
2020-04-08,Western Province,-2.15,29.35,20.36,2.96,0.86
2020-04-09,Western Province,-2.15,29.35,20.05,1.11,0.85
2020-04-10,Western Province,-2.15,29.35,20.09,2.51,0.85
2020-04-11,Western Province,-2.15,29.35,20.15,1.54,0.85
2020-04-12,Western Province,-2.15,29.35,20.7,1.79,0.85
2020-04-13,Western Province,-2.15,29.35,19.63,6.09,0.84
2020-04-14,Western Province,-2.15,29.35,18.88,4.5,0.85
2020-04-15,Western Province,-2.15,29.35,20.77,1.13,0.85
2020-04-16,Western Province,-2.15,29.35,20.11,5.83,0.85
2020-04-17,Western Province,-2.15,29.35,19.39,18.82,0.85
2020-04-18,Western Province,-2.15,29.35,19.04,22.09,0.86
2020-04-19,Western Province,-2.15,29.35,17.83,6.15,0.87
2020-04-20,Western Province,-2.15,29.35,18.65,12.86,0.87
2020-04-21,Western Province,-2.15,29.35,18.01,5.91,0.87
2020-04-22,Western Province,-2.15,29.35,19.31,31.8,0.88
2020-04-23,Western Province,-2.15,29.35,19.61,13.28,0.89
2020-04-24,Western Province,-2.15,29.35,20.67,1.15,0.89
2020-04-25,Western Province,-2.15,29.35,19.74,1.89,0.89
2020-04-26,Western Province,-2.15,29.35,19.69,3.35,0.88
2020-04-27,Western Province,-2.15,29.35,19.36,20.89,0.89
2020-04-28,Western Province,-2.15,29.35,18.95,6.65,0.89
2020-04-29,Western Province,-2.15,29.35,18.41,9.88,0.89
2020-04-30,Western Province,-2.15,29.35,19.33,2.14,0.89
2020-05-01,Western Province,-2.15,29.35,19.79,1.21,0.89
2020-05-02,Western Province,-2.15,29.35,19.33,4.45,0.89
2020-05-03,Western Province,-2.15,29.35,19.56,5.52,0.89
2020-05-04,Western Province,-2.15,29.35,19.92,0.01,0.89
2020-05-05,Western Province,-2.15,29.35,19.87,2.44,0.88
2020-05-06,Western Province,-2.15,29.35,20.02,7.52,0.88
2020-05-07,Western Province,-2.15,29.35,19.6,2.91,0.88
2020-05-08,Western Province,-2.15,29.35,19.45,1.33,0.88
2020-05-09,Western Province,-2.15,29.35,19.54,4.1,0.88
2020-05-10,Western Province,-2.15,29.35,18.76,1.28,0.87
2020-05-11,Western Province,-2.15,29.35,18.88,2.34,0.87
2020-05-12,Western Province,-2.15,29.35,19.39,2.86,0.87
2020-05-13,Western Province,-2.15,29.35,19.89,7.83,0.87
2020-05-14,Western Province,-2.15,29.35,19.46,13.91,0.87
2020-05-15,Western Province,-2.15,29.35,20.28,4.46,0.87
2020-05-16,Western Province,-2.15,29.35,19.6,7.3,0.87
2020-05-17,Western Province,-2.15,29.35,19.86,2.58,0.87
2020-05-18,Western Province,-2.15,29.35,19.45,0.46,0.87
2020-05-19,Western Province,-2.15,29.35,18.88,0.32,0.87
2020-05-20,Western Province,-2.15,29.35,18.71,1.55,0.86
2020-05-21,Western Province,-2.15,29.35,19.14,0.68,0.86
2020-05-22,Western Province,-2.15,29.35,18.89,0.01,0.86
2020-05-23,Western Province,-2.15,29.35,18.4,0.0,0.85
2020-05-24,Western Province,-2.15,29.35,18.38,0.0,0.85
2020-05-25,Western Province,-2.15,29.35,19.09,0.0,0.85
2020-05-26,Western Province,-2.15,29.35,20.09,0.03,0.84
2020-05-27,Western Province,-2.15,29.35,20.14,0.22,0.84
2020-05-28,Western Province,-2.15,29.35,19.98,0.2,0.84
2020-05-29,Western Province,-2.15,29.35,19.85,0.3,0.83
2020-05-30,Western Province,-2.15,29.35,19.31,0.39,0.83
2020-05-31,Western Province,-2.15,29.35,18.44,0.0,0.82
2020-06-01,Western Province,-2.15,29.35,18.38,0.0,0.82
2020-06-02,Western Province,-2.15,29.35,18.46,0.0,0.82
2020-06-03,Western Province,-2.15,29.35,18.74,0.0,0.81
2020-06-04,Western Province,-2.15,29.35,18.65,0.0,0.81
2020-06-05,Western Province,-2.15,29.35,18.37,0.14,0.81
2020-06-06,Western Province,-2.15,29.35,18.75,0.02,0.8
2020-06-07,Western Province,-2.15,29.35,18.96,0.03,0.8
2020-06-08,Western Province,-2.15,29.35,18.66,0.17,0.8
2020-06-09,Western Province,-2.15,29.35,18.52,0.56,0.8
2020-06-10,Western Province,-2.15,29.35,17.18,14.23,0.8
2020-06-11,Western Province,-2.15,29.35,17.96,19.63,0.81
2020-06-12,Western Province,-2.15,29.35,18.71,44.51,0.82
2020-06-13,Western Province,-2.15,29.35,17.3,33.23,0.84
2020-06-14,Western Province,-2.15,29.35,18.03,4.52,0.85
2020-06-15,Western Province,-2.15,29.35,17.95,1.2,0.85
2020-06-16,Western Province,-2.15,29.35,17.76,0.25,0.85
2020-06-17,Western Province,-2.15,29.35,17.41,0.04,0.85
2020-06-18,Western Province,-2.15,29.35,17.2,0.05,0.84
2020-06-19,Western Province,-2.15,29.35,17.43,0.17,0.84
2020-06-20,Western Province,-2.15,29.35,17.77,6.7,0.84
2020-06-21,Western Province,-2.15,29.35,17.54,12.69,0.84
2020-06-22,Western Province,-2.15,29.35,17.93,6.1,0.84
2020-06-23,Western Province,-2.15,29.35,17.92,12.59,0.85
2020-06-24,Western Province,-2.15,29.35,17.83,0.84,0.85
2020-06-25,Western Province,-2.15,29.35,18.0,0.4,0.85
2020-06-26,Western Province,-2.15,29.35,17.88,0.69,0.84
2020-06-27,Western Province,-2.15,29.35,18.11,0.16,0.84
2020-06-28,Western Province,-2.15,29.35,18.41,0.4,0.84
2020-06-29,Western Province,-2.15,29.35,18.36,0.02,0.83
2020-06-30,Western Province,-2.15,29.35,18.04,0.0,0.83
2020-07-01,Western Province,-2.15,29.35,17.82,0.0,0.83
2020-07-02,Western Province,-2.15,29.35,17.9,0.0,0.82
2020-07-03,Western Province,-2.15,29.35,17.92,0.0,0.82
2020-07-04,Western Province,-2.15,29.35,17.73,0.0,0.82
2020-07-05,Western Province,-2.15,29.35,17.61,0.11,0.81
2020-07-06,Western Province,-2.15,29.35,17.59,0.1,0.81
2020-07-07,Western Province,-2.15,29.35,17.89,0.06,0.81
2020-07-08,Western Province,-2.15,29.35,17.78,0.02,0.81
2020-07-09,Western Province,-2.15,29.35,17.75,0.01,0.8
2020-07-10,Western Province,-2.15,29.35,18.12,2.15,0.8
2020-07-11,Western Province,-2.15,29.35,18.43,0.74,0.8
2020-07-12,Western Province,-2.15,29.35,18.66,1.67,0.79
2020-07-13,Western Province,-2.15,29.35,17.68,2.99,0.79
2020-07-14,Western Province,-2.15,29.35,17.71,1.17,0.79
2020-07-15,Western Province,-2.15,29.35,18.14,0.07,0.79
2020-07-16,Western Province,-2.15,29.35,17.5,0.12,0.79
2020-07-17,Western Province,-2.15,29.35,16.53,0.02,0.78
2020-07-18,Western Province,-2.15,29.35,15.71,0.04,0.78
2020-07-19,Western Province,-2.15,29.35,16.14,0.0,0.78
2020-07-20,Western Province,-2.15,29.35,17.08,3.34,0.78
2020-07-21,Western Province,-2.15,29.35,16.45,14.34,0.78
2020-07-22,Western Province,-2.15,29.35,17.11,7.27,0.78
2020-07-23,Western Province,-2.15,29.35,17.67,9.31,0.79
2020-07-24,Western Province,-2.15,29.35,17.89,8.36,0.79
2020-07-25,Western Province,-2.15,29.35,17.96,0.71,0.79
2020-07-26,Western Province,-2.15,29.35,18.49,0.02,0.79
2020-07-27,Western Province,-2.15,29.35,18.38,0.1,0.79
2020-07-28,Western Province,-2.15,29.35,18.07,0.04,0.78
2020-07-29,Western Province,-2.15,29.35,18.09,0.01,0.78
2020-07-30,Western Province,-2.15,29.35,18.42,0.0,0.78
2020-07-31,Western Province,-2.15,29.35,18.97,0.0,0.77
2020-08-01,Western Province,-2.15,29.35,18.79,0.0,0.77
2020-08-02,Western Province,-2.15,29.35,18.03,0.0,0.77
2020-08-03,Western Province,-2.15,29.35,17.03,0.0,0.76
2020-08-04,Western Province,-2.15,29.35,18.05,0.15,0.76
2020-08-05,Western Province,-2.15,29.35,18.81,0.28,0.76
2020-08-06,Western Province,-2.15,29.35,19.51,0.0,0.76
2020-08-07,Western Province,-2.15,29.35,19.97,0.22,0.75
2020-08-08,Western Province,-2.15,29.35,19.31,0.47,0.75
2020-08-09,Western Province,-2.15,29.35,18.83,0.2,0.75
2020-08-10,Western Province,-2.15,29.35,19.79,0.29,0.74
2020-08-11,Western Province,-2.15,29.35,20.38,3.01,0.74
2020-08-12,Western Province,-2.15,29.35,20.31,2.09,0.74
2020-08-13,Western Province,-2.15,29.35,19.52,0.64,0.74
2020-08-14,Western Province,-2.15,29.35,19.94,0.64,0.74
2020-08-15,Western Province,-2.15,29.35,20.34,0.89,0.73
2020-08-16,Western Province,-2.15,29.35,20.49,0.17,0.73
2020-08-17,Western Province,-2.15,29.35,20.33,0.01,0.73
2020-08-18,Western Province,-2.15,29.35,20.35,0.01,0.73
2020-08-19,Western Province,-2.15,29.35,20.67,0.09,0.72
2020-08-20,Western Province,-2.15,29.35,20.57,1.31,0.72
2020-08-21,Western Province,-2.15,29.35,19.69,2.06,0.72
2020-08-22,Western Province,-2.15,29.35,19.17,1.82,0.72
2020-08-23,Western Province,-2.15,29.35,18.96,0.64,0.71
2020-08-24,Western Province,-2.15,29.35,19.13,1.44,0.71
2020-08-25,Western Province,-2.15,29.35,19.78,1.37,0.71
2020-08-26,Western Province,-2.15,29.35,19.94,1.19,0.71
2020-08-27,Western Province,-2.15,29.35,20.2,0.13,0.71
2020-08-28,Western Province,-2.15,29.35,20.13,0.17,0.7
2020-08-29,Western Province,-2.15,29.35,20.96,0.8,0.7
2020-08-30,Western Province,-2.15,29.35,21.18,0.53,0.7
2020-08-31,Western Province,-2.15,29.35,20.65,0.99,0.69
2020-09-01,Western Province,-2.15,29.35,20.22,0.19,0.69
2020-09-02,Western Province,-2.15,29.35,19.41,0.0,0.69
2020-09-03,Western Province,-2.15,29.35,19.59,0.0,0.69
2020-09-04,Western Province,-2.15,29.35,20.48,0.27,0.68
2020-09-05,Western Province,-2.15,29.35,20.53,1.37,0.68
2020-09-06,Western Province,-2.15,29.35,18.23,2.77,0.68
2020-09-07,Western Province,-2.15,29.35,18.79,3.69,0.68
2020-09-08,Western Province,-2.15,29.35,19.09,2.05,0.68
2020-09-09,Western Province,-2.15,29.35,18.98,1.53,0.68
2020-09-10,Western Province,-2.15,29.35,19.78,0.71,0.68
2020-09-11,Western Province,-2.15,29.35,20.06,0.55,0.68
2020-09-12,Western Province,-2.15,29.35,19.44,1.39,0.68
2020-09-13,Western Province,-2.15,29.35,19.89,0.37,0.67
2020-09-14,Western Province,-2.15,29.35,20.8,0.03,0.67
2020-09-15,Western Province,-2.15,29.35,21.06,0.25,0.67
2020-09-16,Western Province,-2.15,29.35,21.76,0.56,0.67
2020-09-17,Western Province,-2.15,29.35,21.88,0.25,0.66
2020-09-18,Western Province,-2.15,29.35,22.16,0.04,0.66
2020-09-19,Western Province,-2.15,29.35,21.83,0.33,0.66
2020-09-20,Western Province,-2.15,29.35,21.68,1.27,0.66
2020-09-21,Western Province,-2.15,29.35,20.77,3.55,0.66
2020-09-22,Western Province,-2.15,29.35,20.44,3.27,0.66
2020-09-23,Western Province,-2.15,29.35,20.88,2.88,0.66
2020-09-24,Western Province,-2.15,29.35,21.11,1.08,0.65
2020-09-25,Western Province,-2.15,29.35,20.48,3.39,0.65
2020-09-26,Western Province,-2.15,29.35,20.79,6.44,0.66
2020-09-27,Western Province,-2.15,29.35,20.02,8.84,0.66
2020-09-28,Western Province,-2.15,29.35,20.81,3.97,0.66
2020-09-29,Western Province,-2.15,29.35,20.13,3.97,0.66
2020-09-30,Western Province,-2.15,29.35,19.61,5.88,0.66
2020-10-01,Western Province,-2.15,29.35,19.43,14.0,0.67
2020-10-02,Western Province,-2.15,29.35,20.35,0.93,0.67
2020-10-03,Western Province,-2.15,29.35,20.56,0.37,0.67
2020-10-04,Western Province,-2.15,29.35,20.76,0.76,0.67
2020-10-05,Western Province,-2.15,29.35,21.28,0.24,0.66
2020-10-06,Western Province,-2.15,29.35,21.53,0.28,0.66
2020-10-07,Western Province,-2.15,29.35,21.58,0.55,0.66
2020-10-08,Western Province,-2.15,29.35,20.96,0.83,0.66
2020-10-09,Western Province,-2.15,29.35,20.68,1.16,0.65
2020-10-10,Western Province,-2.15,29.35,20.79,3.23,0.65
2020-10-11,Western Province,-2.15,29.35,20.19,1.01,0.65
2020-10-12,Western Province,-2.15,29.35,20.5,5.55,0.65
2020-10-13,Western Province,-2.15,29.35,20.28,6.24,0.66
2020-10-14,Western Province,-2.15,29.35,20.68,1.58,0.66
2020-10-15,Western Province,-2.15,29.35,20.76,0.49,0.65
2020-10-16,Western Province,-2.15,29.35,20.12,2.95,0.65
2020-10-17,Western Province,-2.15,29.35,20.42,1.77,0.65
2020-10-18,Western Province,-2.15,29.35,19.51,7.62,0.66
2020-10-19,Western Province,-2.15,29.35,19.83,5.47,0.66
2020-10-20,Western Province,-2.15,29.35,19.45,27.45,0.67
2020-10-21,Western Province,-2.15,29.35,19.67,4.8,0.68
2020-10-22,Western Province,-2.15,29.35,19.74,10.63,0.68
2020-10-23,Western Province,-2.15,29.35,20.41,2.23,0.68
2020-10-24,Western Province,-2.15,29.35,21.16,0.51,0.68
2020-10-25,Western Province,-2.15,29.35,20.3,3.77,0.68
2020-10-26,Western Province,-2.15,29.35,19.09,16.37,0.68
2020-10-27,Western Province,-2.15,29.35,19.4,2.51,0.69
2020-10-28,Western Province,-2.15,29.35,20.06,11.61,0.69
2020-10-29,Western Province,-2.15,29.35,18.84,14.4,0.7
2020-10-30,Western Province,-2.15,29.35,19.05,2.49,0.7
2020-10-31,Western Province,-2.15,29.35,18.75,3.92,0.7
2020-11-01,Western Province,-2.15,29.35,18.74,1.33,0.7
2020-11-02,Western Province,-2.15,29.35,19.71,1.12,0.7
2020-11-03,Western Province,-2.15,29.35,20.45,0.86,0.7
2020-11-04,Western Province,-2.15,29.35,20.14,15.7,0.7
2020-11-05,Western Province,-2.15,29.35,19.48,4.74,0.7
2020-11-06,Western Province,-2.15,29.35,18.79,5.36,0.71
2020-11-07,Western Province,-2.15,29.35,19.79,4.0,0.71
2020-11-08,Western Province,-2.15,29.35,19.68,1.48,0.71
2020-11-09,Western Province,-2.15,29.35,19.72,8.8,0.71
2020-11-10,Western Province,-2.15,29.35,19.08,13.43,0.71
2020-11-11,Western Province,-2.15,29.35,19.94,4.46,0.72
2020-11-12,Western Province,-2.15,29.35,20.52,2.19,0.71
2020-11-13,Western Province,-2.15,29.35,20.53,3.61,0.71
2020-11-14,Western Province,-2.15,29.35,20.51,10.14,0.71
2020-11-15,Western Province,-2.15,29.35,19.34,13.95,0.72
2020-11-16,Western Province,-2.15,29.35,19.51,22.1,0.73
2020-11-17,Western Province,-2.15,29.35,19.01,117.19,0.76
2020-11-18,Western Province,-2.15,29.35,18.88,107.02,0.8
2020-11-19,Western Province,-2.15,29.35,17.83,71.6,0.83
2020-11-20,Western Province,-2.15,29.35,20.3,6.22,0.84
2020-11-21,Western Province,-2.15,29.35,19.95,82.92,0.85
2020-11-22,Western Province,-2.15,29.35,20.16,5.64,0.86
2020-11-23,Western Province,-2.15,29.35,20.56,1.08,0.86
2020-11-24,Western Province,-2.15,29.35,20.25,1.58,0.86
2020-11-25,Western Province,-2.15,29.35,19.5,2.77,0.86
2020-11-26,Western Province,-2.15,29.35,20.28,1.02,0.86
2020-11-27,Western Province,-2.15,29.35,20.33,1.46,0.85
2020-11-28,Western Province,-2.15,29.35,19.87,6.25,0.85
2020-11-29,Western Province,-2.15,29.35,18.88,13.32,0.85
2020-11-30,Western Province,-2.15,29.35,19.67,10.34,0.86
2020-12-01,Western Province,-2.15,29.35,20.14,2.89,0.85
2020-12-02,Western Province,-2.15,29.35,20.07,3.93,0.85
2020-12-03,Western Province,-2.15,29.35,19.58,8.83,0.85
2020-12-04,Western Province,-2.15,29.35,19.41,3.05,0.86
2020-12-05,Western Province,-2.15,29.35,19.75,1.36,0.85
2020-12-06,Western Province,-2.15,29.35,20.06,0.71,0.85
2020-12-07,Western Province,-2.15,29.35,20.41,0.5,0.85
2020-12-08,Western Province,-2.15,29.35,20.37,0.62,0.84
2020-12-09,Western Province,-2.15,29.35,19.94,2.46,0.84
2020-12-10,Western Province,-2.15,29.35,20.25,2.99,0.84
2020-12-11,Western Province,-2.15,29.35,19.67,1.7,0.84
2020-12-12,Western Province,-2.15,29.35,19.48,10.02,0.84
2020-12-13,Western Province,-2.15,29.35,19.8,2.96,0.84
2020-12-14,Western Province,-2.15,29.35,19.99,0.74,0.84
2020-12-15,Western Province,-2.15,29.35,20.4,0.52,0.83
2020-12-16,Western Province,-2.15,29.35,20.45,1.37,0.83
2020-12-17,Western Province,-2.15,29.35,19.98,4.0,0.83
2020-12-18,Western Province,-2.15,29.35,18.9,28.68,0.83
2020-12-19,Western Province,-2.15,29.35,17.87,13.77,0.85
2020-12-20,Western Province,-2.15,29.35,19.26,9.0,0.85
2020-12-21,Western Province,-2.15,29.35,19.49,4.61,0.85
2020-12-22,Western Province,-2.15,29.35,20.01,0.46,0.85
2020-12-23,Western Province,-2.15,29.35,20.48,1.8,0.85
2020-12-24,Western Province,-2.15,29.35,20.66,1.97,0.84
2020-12-25,Western Province,-2.15,29.35,20.55,2.32,0.84
2020-12-26,Western Province,-2.15,29.35,20.17,3.23,0.84
2020-12-27,Western Province,-2.15,29.35,20.1,6.9,0.84
2020-12-28,Western Province,-2.15,29.35,20.3,1.06,0.84
2020-12-29,Western Province,-2.15,29.35,20.7,0.41,0.84
2020-12-30,Western Province,-2.15,29.35,20.8,2.18,0.83
2020-12-31,Western Province,-2.15,29.35,20.58,4.64,0.83
2021-01-01,Western Province,-2.15,29.35,18.75,23.44,0.84
2021-01-02,Western Province,-2.15,29.35,18.69,2.42,0.84
2021-01-03,Western Province,-2.15,29.35,18.99,2.71,0.84
2021-01-04,Western Province,-2.15,29.35,19.63,3.7,0.84
2021-01-05,Western Province,-2.15,29.35,19.79,7.79,0.84
2021-01-06,Western Province,-2.15,29.35,19.89,6.46,0.84
2021-01-07,Western Province,-2.15,29.35,20.43,1.28,0.84
2021-01-08,Western Province,-2.15,29.35,20.85,0.96,0.84
2021-01-09,Western Province,-2.15,29.35,19.51,6.74,0.84
2021-01-10,Western Province,-2.15,29.35,18.46,1.88,0.84
2021-01-11,Western Province,-2.15,29.35,20.02,1.75,0.83
2021-01-12,Western Province,-2.15,29.35,19.19,12.48,0.84
2021-01-13,Western Province,-2.15,29.35,18.65,1.53,0.84
2021-01-14,Western Province,-2.15,29.35,19.7,4.01,0.84
2021-01-15,Western Province,-2.15,29.35,19.06,2.91,0.84
2021-01-16,Western Province,-2.15,29.35,18.25,5.38,0.84
2021-01-17,Western Province,-2.15,29.35,19.35,3.59,0.84
2021-01-18,Western Province,-2.15,29.35,19.39,3.07,0.84
2021-01-19,Western Province,-2.15,29.35,19.5,11.22,0.84
2021-01-20,Western Province,-2.15,29.35,18.58,18.33,0.85
2021-01-21,Western Province,-2.15,29.35,19.38,3.15,0.85
2021-01-22,Western Province,-2.15,29.35,20.27,2.09,0.85
2021-01-23,Western Province,-2.15,29.35,19.92,0.71,0.85
2021-01-24,Western Province,-2.15,29.35,20.28,2.63,0.84
2021-01-25,Western Province,-2.15,29.35,19.64,2.9,0.84
2021-01-26,Western Province,-2.15,29.35,19.38,40.35,0.85
2021-01-27,Western Province,-2.15,29.35,20.14,2.13,0.86
2021-01-28,Western Province,-2.15,29.35,20.46,2.39,0.85
2021-01-29,Western Province,-2.15,29.35,20.64,1.23,0.85
2021-01-30,Western Province,-2.15,29.35,20.67,5.89,0.85
2021-01-31,Western Province,-2.15,29.35,20.37,2.05,0.85
2021-02-01,Western Province,-2.15,29.35,20.98,0.14,0.84
2021-02-02,Western Province,-2.15,29.35,20.76,0.29,0.84
2021-02-03,Western Province,-2.15,29.35,20.63,0.27,0.84
2021-02-04,Western Province,-2.15,29.35,19.89,2.48,0.83
2021-02-05,Western Province,-2.15,29.35,19.51,62.89,0.85
2021-02-06,Western Province,-2.15,29.35,20.3,23.43,0.85
2021-02-07,Western Province,-2.15,29.35,19.96,6.33,0.86
2021-02-08,Western Province,-2.15,29.35,20.5,1.91,0.86
2021-02-09,Western Province,-2.15,29.35,21.03,8.52,0.86
2021-02-10,Western Province,-2.15,29.35,20.12,7.76,0.86
2021-02-11,Western Province,-2.15,29.35,19.44,20.07,0.87
2021-02-12,Western Province,-2.15,29.35,19.79,21.14,0.88
2021-02-13,Western Province,-2.15,29.35,19.95,1.5,0.88
2021-02-14,Western Province,-2.15,29.35,20.48,4.55,0.88
2021-02-15,Western Province,-2.15,29.35,21.28,7.19,0.88
2021-02-16,Western Province,-2.15,29.35,20.85,19.78,0.88
2021-02-17,Western Province,-2.15,29.35,20.64,9.22,0.89
2021-02-18,Western Province,-2.15,29.35,20.23,3.08,0.89
2021-02-19,Western Province,-2.15,29.35,20.61,1.61,0.88
2021-02-20,Western Province,-2.15,29.35,20.77,0.99,0.88
2021-02-21,Western Province,-2.15,29.35,19.21,3.03,0.88
2021-02-22,Western Province,-2.15,29.35,19.44,1.34,0.88
2021-02-23,Western Province,-2.15,29.35,19.23,0.94,0.88
2021-02-24,Western Province,-2.15,29.35,19.42,2.73,0.87
2021-02-25,Western Province,-2.15,29.35,20.35,0.09,0.87
2021-02-26,Western Province,-2.15,29.35,20.69,0.74,0.87
2021-02-27,Western Province,-2.15,29.35,20.32,0.4,0.86
2021-02-28,Western Province,-2.15,29.35,20.92,0.25,0.86
2021-03-01,Western Province,-2.15,29.35,21.1,0.31,0.85
2021-03-02,Western Province,-2.15,29.35,20.36,0.85,0.85
2021-03-03,Western Province,-2.15,29.35,21.18,1.43,0.85
2021-03-04,Western Province,-2.15,29.35,20.74,4.17,0.85
2021-03-05,Western Province,-2.15,29.35,19.78,18.12,0.85
2021-03-06,Western Province,-2.15,29.35,20.05,2.24,0.85
2021-03-07,Western Province,-2.15,29.35,19.36,1.64,0.85
2021-03-08,Western Province,-2.15,29.35,20.36,0.53,0.85
2021-03-09,Western Province,-2.15,29.35,20.23,5.66,0.85
2021-03-10,Western Province,-2.15,29.35,20.13,0.39,0.85
2021-03-11,Western Province,-2.15,29.35,20.47,0.02,0.84
2021-03-12,Western Province,-2.15,29.35,20.37,0.05,0.84
2021-03-13,Western Province,-2.15,29.35,20.15,0.06,0.83
2021-03-14,Western Province,-2.15,29.35,19.92,0.18,0.83
2021-03-15,Western Province,-2.15,29.35,19.98,2.01,0.82
2021-03-16,Western Province,-2.15,29.35,19.48,2.49,0.82
2021-03-17,Western Province,-2.15,29.35,18.83,3.02,0.82
2021-03-18,Western Province,-2.15,29.35,19.53,0.41,0.82
2021-03-19,Western Province,-2.15,29.35,19.73,0.89,0.82
2021-03-20,Western Province,-2.15,29.35,19.35,2.3,0.82
2021-03-21,Western Province,-2.15,29.35,18.89,2.36,0.82
2021-03-22,Western Province,-2.15,29.35,18.91,1.47,0.81
2021-03-23,Western Province,-2.15,29.35,19.33,1.08,0.81
2021-03-24,Western Province,-2.15,29.35,19.52,3.03,0.81
2021-03-25,Western Province,-2.15,29.35,20.13,1.33,0.81
2021-03-26,Western Province,-2.15,29.35,20.43,0.87,0.81
2021-03-27,Western Province,-2.15,29.35,19.45,0.18,0.8
2021-03-28,Western Province,-2.15,29.35,20.31,0.21,0.8
2021-03-29,Western Province,-2.15,29.35,20.36,1.74,0.8
2021-03-30,Western Province,-2.15,29.35,19.23,17.11,0.8
2021-03-31,Western Province,-2.15,29.35,19.0,2.29,0.81
2021-04-01,Western Province,-2.15,29.35,19.51,0.82,0.8
2021-04-02,Western Province,-2.15,29.35,19.76,2.11,0.8
2021-04-03,Western Province,-2.15,29.35,19.43,2.31,0.8
2021-04-04,Western Province,-2.15,29.35,19.43,2.73,0.8
2021-04-05,Western Province,-2.15,29.35,20.07,4.15,0.8
2021-04-06,Western Province,-2.15,29.35,19.69,45.47,0.8
2021-04-07,Western Province,-2.15,29.35,19.7,8.49,0.82
2021-04-08,Western Province,-2.15,29.35,19.52,13.39,0.82
2021-04-09,Western Province,-2.15,29.35,19.11,28.77,0.84
2021-04-10,Western Province,-2.15,29.35,20.14,7.76,0.84
2021-04-11,Western Province,-2.15,29.35,19.36,5.72,0.84
2021-04-12,Western Province,-2.15,29.35,19.16,4.94,0.84
2021-04-13,Western Province,-2.15,29.35,19.19,6.42,0.84
2021-04-14,Western Province,-2.15,29.35,19.04,6.23,0.84
2021-04-15,Western Province,-2.15,29.35,19.79,8.13,0.85
2021-04-16,Western Province,-2.15,29.35,20.17,3.51,0.85
2021-04-17,Western Province,-2.15,29.35,19.61,1.52,0.84
2021-04-18,Western Province,-2.15,29.35,19.91,2.25,0.84
2021-04-19,Western Province,-2.15,29.35,19.43,1.86,0.84
2021-04-20,Western Province,-2.15,29.35,18.72,9.39,0.84
2021-04-21,Western Province,-2.15,29.35,19.14,1.37,0.84
2021-04-22,Western Province,-2.15,29.35,19.45,1.6,0.84
2021-04-23,Western Province,-2.15,29.35,19.21,2.93,0.84
2021-04-24,Western Province,-2.15,29.35,19.57,1.3,0.83
2021-04-25,Western Province,-2.15,29.35,19.57,13.37,0.83
2021-04-26,Western Province,-2.15,29.35,19.16,1.08,0.84
2021-04-27,Western Province,-2.15,29.35,20.22,0.84,0.84
2021-04-28,Western Province,-2.15,29.35,19.71,0.81,0.83
2021-04-29,Western Province,-2.15,29.35,19.68,0.58,0.83
2021-04-30,Western Province,-2.15,29.35,19.8,0.68,0.83
2021-05-01,Western Province,-2.15,29.35,20.05,2.31,0.83
2021-05-02,Western Province,-2.15,29.35,19.87,3.6,0.82
2021-05-03,Western Province,-2.15,29.35,19.81,2.37,0.82
2021-05-04,Western Province,-2.15,29.35,19.74,4.38,0.82
2021-05-05,Western Province,-2.15,29.35,19.75,1.66,0.82
2021-05-06,Western Province,-2.15,29.35,19.42,4.54,0.82
2021-05-07,Western Province,-2.15,29.35,19.18,3.24,0.82
2021-05-08,Western Province,-2.15,29.35,19.31,5.81,0.82
2021-05-09,Western Province,-2.15,29.35,18.8,6.56,0.82
2021-05-10,Western Province,-2.15,29.35,18.26,5.0,0.82
2021-05-11,Western Province,-2.15,29.35,18.03,10.46,0.82
2021-05-12,Western Province,-2.15,29.35,18.06,2.25,0.83
2021-05-13,Western Province,-2.15,29.35,19.44,1.47,0.83
2021-05-14,Western Province,-2.15,29.35,19.0,16.58,0.83
2021-05-15,Western Province,-2.15,29.35,19.32,13.1,0.84
2021-05-16,Western Province,-2.15,29.35,19.96,0.7,0.84
2021-05-17,Western Province,-2.15,29.35,20.19,0.31,0.83
2021-05-18,Western Province,-2.15,29.35,20.05,0.91,0.83
2021-05-19,Western Province,-2.15,29.35,19.86,0.51,0.83
2021-05-20,Western Province,-2.15,29.35,19.79,0.33,0.83
2021-05-21,Western Province,-2.15,29.35,20.37,1.36,0.82
2021-05-22,Western Province,-2.15,29.35,20.33,0.39,0.82
2021-05-23,Western Province,-2.15,29.35,19.31,0.42,0.82
2021-05-24,Western Province,-2.15,29.35,18.18,0.67,0.82
2021-05-25,Western Province,-2.15,29.35,18.52,0.09,0.81
2021-05-26,Western Province,-2.15,29.35,18.57,0.03,0.81
2021-05-27,Western Province,-2.15,29.35,19.0,0.18,0.8
2021-05-28,Western Province,-2.15,29.35,18.47,0.03,0.8
2021-05-29,Western Province,-2.15,29.35,19.54,0.17,0.8
2021-05-30,Western Province,-2.15,29.35,19.16,0.13,0.8
2021-05-31,Western Province,-2.15,29.35,19.1,0.18,0.79
2021-06-01,Western Province,-2.15,29.35,19.1,0.35,0.79
2021-06-02,Western Province,-2.15,29.35,18.94,0.06,0.79
2021-06-03,Western Province,-2.15,29.35,19.14,0.23,0.79
2021-06-04,Western Province,-2.15,29.35,18.4,0.11,0.78
2021-06-05,Western Province,-2.15,29.35,19.02,0.04,0.78
2021-06-06,Western Province,-2.15,29.35,18.47,0.11,0.78
2021-06-07,Western Province,-2.15,29.35,18.18,0.04,0.78
2021-06-08,Western Province,-2.15,29.35,17.99,0.03,0.77
2021-06-09,Western Province,-2.15,29.35,17.95,0.01,0.77
2021-06-10,Western Province,-2.15,29.35,18.04,0.35,0.77
2021-06-11,Western Province,-2.15,29.35,18.41,0.17,0.76
2021-06-12,Western Province,-2.15,29.35,18.54,0.11,0.76
2021-06-13,Western Province,-2.15,29.35,18.54,0.08,0.76
2021-06-14,Western Province,-2.15,29.35,18.96,1.44,0.75
2021-06-15,Western Province,-2.15,29.35,19.89,1.28,0.75
2021-06-16,Western Province,-2.15,29.35,18.9,6.61,0.75
2021-06-17,Western Province,-2.15,29.35,18.04,4.42,0.75
2021-06-18,Western Province,-2.15,29.35,17.31,6.91,0.76
2021-06-19,Western Province,-2.15,29.35,17.44,1.12,0.76
2021-06-20,Western Province,-2.15,29.35,18.17,0.04,0.75
2021-06-21,Western Province,-2.15,29.35,17.09,0.01,0.75
2021-06-22,Western Province,-2.15,29.35,17.0,0.01,0.75
2021-06-23,Western Province,-2.15,29.35,17.7,0.0,0.74
2021-06-24,Western Province,-2.15,29.35,18.31,0.0,0.74
2021-06-25,Western Province,-2.15,29.35,18.56,0.02,0.74
2021-06-26,Western Province,-2.15,29.35,18.74,0.04,0.74
2021-06-27,Western Province,-2.15,29.35,18.59,0.0,0.73
2021-06-28,Western Province,-2.15,29.35,17.88,0.06,0.73
2021-06-29,Western Province,-2.15,29.35,17.5,0.06,0.73
2021-06-30,Western Province,-2.15,29.35,17.64,0.05,0.72
2021-07-01,Western Province,-2.15,29.35,18.83,0.07,0.72
2021-07-02,Western Province,-2.15,29.35,18.62,0.07,0.72
2021-07-03,Western Province,-2.15,29.35,19.05,0.01,0.72
2021-07-04,Western Province,-2.15,29.35,18.97,0.01,0.71
2021-07-05,Western Province,-2.15,29.35,18.84,0.05,0.71
2021-07-06,Western Province,-2.15,29.35,18.48,0.07,0.71
2021-07-07,Western Province,-2.15,29.35,18.31,0.02,0.71
2021-07-08,Western Province,-2.15,29.35,17.51,0.24,0.7
2021-07-09,Western Province,-2.15,29.35,17.81,0.45,0.7
2021-07-10,Western Province,-2.15,29.35,17.39,0.72,0.7
2021-07-11,Western Province,-2.15,29.35,17.92,0.43,0.7
2021-07-12,Western Province,-2.15,29.35,18.25,0.14,0.7
2021-07-13,Western Province,-2.15,29.35,18.77,0.97,0.69
2021-07-14,Western Province,-2.15,29.35,17.76,4.07,0.7
2021-07-15,Western Province,-2.15,29.35,18.25,0.57,0.69
2021-07-16,Western Province,-2.15,29.35,18.06,0.16,0.69
2021-07-17,Western Province,-2.15,29.35,17.97,0.08,0.69
2021-07-18,Western Province,-2.15,29.35,17.89,0.1,0.69
2021-07-19,Western Province,-2.15,29.35,18.43,0.0,0.69
2021-07-20,Western Province,-2.15,29.35,19.29,0.0,0.68
2021-07-21,Western Province,-2.15,29.35,19.26,0.0,0.68
2021-07-22,Western Province,-2.15,29.35,18.35,0.0,0.68
2021-07-23,Western Province,-2.15,29.35,19.27,0.0,0.68
2021-07-24,Western Province,-2.15,29.35,17.88,0.0,0.67
2021-07-25,Western Province,-2.15,29.35,17.77,0.03,0.67
2021-07-26,Western Province,-2.15,29.35,17.23,0.01,0.67
2021-07-27,Western Province,-2.15,29.35,17.23,0.01,0.67
2021-07-28,Western Province,-2.15,29.35,18.45,0.02,0.66
2021-07-29,Western Province,-2.15,29.35,19.01,0.02,0.66
2021-07-30,Western Province,-2.15,29.35,18.76,0.01,0.66
2021-07-31,Western Province,-2.15,29.35,17.65,0.0,0.66
2021-08-01,Western Province,-2.15,29.35,17.34,0.08,0.66
2021-08-02,Western Province,-2.15,29.35,18.13,0.05,0.65
2021-08-03,Western Province,-2.15,29.35,19.35,0.02,0.65
2021-08-04,Western Province,-2.15,29.35,19.51,0.6,0.65
2021-08-05,Western Province,-2.15,29.35,19.68,0.91,0.65
2021-08-06,Western Province,-2.15,29.35,19.37,1.83,0.65
2021-08-07,Western Province,-2.15,29.35,19.78,0.82,0.65
2021-08-08,Western Province,-2.15,29.35,19.38,3.0,0.65
2021-08-09,Western Province,-2.15,29.35,19.18,8.33,0.65
2021-08-10,Western Province,-2.15,29.35,18.15,10.03,0.66
2021-08-11,Western Province,-2.15,29.35,18.44,4.94,0.66
2021-08-12,Western Province,-2.15,29.35,19.44,3.78,0.66
2021-08-13,Western Province,-2.15,29.35,19.47,5.25,0.66
2021-08-14,Western Province,-2.15,29.35,19.29,2.26,0.66
2021-08-15,Western Province,-2.15,29.35,18.66,0.13,0.66
2021-08-16,Western Province,-2.15,29.35,18.56,0.03,0.66
2021-08-17,Western Province,-2.15,29.35,19.24,0.13,0.66
2021-08-18,Western Province,-2.15,29.35,20.17,0.49,0.65
2021-08-19,Western Province,-2.15,29.35,20.03,5.63,0.66
2021-08-20,Western Province,-2.15,29.35,19.36,5.21,0.66
2021-08-21,Western Province,-2.15,29.35,19.2,7.87,0.66
2021-08-22,Western Province,-2.15,29.35,19.59,1.66,0.66
2021-08-23,Western Province,-2.15,29.35,20.12,0.27,0.66
2021-08-24,Western Province,-2.15,29.35,19.85,0.0,0.66
2021-08-25,Western Province,-2.15,29.35,20.08,0.0,0.65
2021-08-26,Western Province,-2.15,29.35,20.52,0.0,0.65
2021-08-27,Western Province,-2.15,29.35,21.3,0.0,0.65
2021-08-28,Western Province,-2.15,29.35,21.65,0.0,0.65
2021-08-29,Western Province,-2.15,29.35,21.93,0.65,0.64
2021-08-30,Western Province,-2.15,29.35,20.69,4.65,0.64
2021-08-31,Western Province,-2.15,29.35,20.88,1.61,0.64
2021-09-01,Western Province,-2.15,29.35,20.47,1.1,0.64
2021-09-02,Western Province,-2.15,29.35,20.17,3.27,0.64
2021-09-03,Western Province,-2.15,29.35,19.94,6.77,0.64
2021-09-04,Western Province,-2.15,29.35,19.96,0.84,0.64
2021-09-05,Western Province,-2.15,29.35,20.58,1.67,0.64
2021-09-06,Western Province,-2.15,29.35,20.52,1.75,0.64
2021-09-07,Western Province,-2.15,29.35,20.28,8.28,0.64
2021-09-08,Western Province,-2.15,29.35,20.35,2.02,0.64
2021-09-09,Western Province,-2.15,29.35,20.06,0.91,0.64
2021-09-10,Western Province,-2.15,29.35,20.12,0.25,0.64
2021-09-11,Western Province,-2.15,29.35,19.59,0.22,0.64
2021-09-12,Western Province,-2.15,29.35,20.06,0.14,0.64
2021-09-13,Western Province,-2.15,29.35,20.84,0.37,0.63
2021-09-14,Western Province,-2.15,29.35,21.49,0.07,0.63
2021-09-15,Western Province,-2.15,29.35,22.68,0.46,0.63
2021-09-16,Western Province,-2.15,29.35,20.97,22.09,0.63
2021-09-17,Western Province,-2.15,29.35,18.56,6.9,0.65
2021-09-18,Western Province,-2.15,29.35,17.51,15.19,0.65
2021-09-19,Western Province,-2.15,29.35,19.04,0.56,0.66
2021-09-20,Western Province,-2.15,29.35,20.52,0.04,0.65
2021-09-21,Western Province,-2.15,29.35,21.17,0.06,0.65
2021-09-22,Western Province,-2.15,29.35,20.57,0.74,0.65
2021-09-23,Western Province,-2.15,29.35,19.83,5.47,0.65
2021-09-24,Western Province,-2.15,29.35,19.89,2.85,0.65
2021-09-25,Western Province,-2.15,29.35,18.95,1.26,0.65
2021-09-26,Western Province,-2.15,29.35,19.44,1.18,0.65
2021-09-27,Western Province,-2.15,29.35,20.7,2.05,0.65
2021-09-28,Western Province,-2.15,29.35,20.55,2.63,0.65
2021-09-29,Western Province,-2.15,29.35,21.6,0.94,0.64
2021-09-30,Western Province,-2.15,29.35,21.42,0.84,0.64
2021-10-01,Western Province,-2.15,29.35,21.48,2.35,0.64
2021-10-02,Western Province,-2.15,29.35,21.01,4.72,0.64
2021-10-03,Western Province,-2.15,29.35,18.98,6.63,0.64
2021-10-04,Western Province,-2.15,29.35,20.38,1.46,0.64
2021-10-05,Western Province,-2.15,29.35,21.43,1.57,0.64
2021-10-06,Western Province,-2.15,29.35,21.02,1.52,0.64
2021-10-07,Western Province,-2.15,29.35,21.62,0.39,0.64
2021-10-08,Western Province,-2.15,29.35,22.16,0.15,0.64
2021-10-09,Western Province,-2.15,29.35,22.25,1.47,0.64
2021-10-10,Western Province,-2.15,29.35,21.49,1.45,0.63
2021-10-11,Western Province,-2.15,29.35,20.83,1.52,0.63
2021-10-12,Western Province,-2.15,29.35,20.78,0.61,0.63
2021-10-13,Western Province,-2.15,29.35,20.74,0.36,0.63
2021-10-14,Western Province,-2.15,29.35,21.1,1.01,0.63
2021-10-15,Western Province,-2.15,29.35,21.24,1.11,0.63
2021-10-16,Western Province,-2.15,29.35,21.02,2.79,0.63
2021-10-17,Western Province,-2.15,29.35,20.99,3.84,0.63
2021-10-18,Western Province,-2.15,29.35,21.25,7.13,0.63
2021-10-19,Western Province,-2.15,29.35,20.96,3.2,0.63
2021-10-20,Western Province,-2.15,29.35,19.6,3.78,0.63
2021-10-21,Western Province,-2.15,29.35,19.74,3.84,0.63
2021-10-22,Western Province,-2.15,29.35,20.5,2.05,0.63
2021-10-23,Western Province,-2.15,29.35,20.37,5.48,0.63
2021-10-24,Western Province,-2.15,29.35,22.0,0.45,0.63
2021-10-25,Western Province,-2.15,29.35,21.83,0.66,0.63
2021-10-26,Western Province,-2.15,29.35,21.25,1.23,0.63
2021-10-27,Western Province,-2.15,29.35,20.39,4.47,0.63
2021-10-28,Western Province,-2.15,29.35,19.92,1.05,0.63
2021-10-29,Western Province,-2.15,29.35,20.72,0.8,0.63
2021-10-30,Western Province,-2.15,29.35,20.54,1.79,0.63
2021-10-31,Western Province,-2.15,29.35,20.88,2.68,0.63
2021-11-01,Western Province,-2.15,29.35,19.69,10.69,0.63
2021-11-02,Western Province,-2.15,29.35,20.48,23.69,0.63
2021-11-03,Western Province,-2.15,29.35,19.43,49.65,0.67
2021-11-04,Western Province,-2.15,29.35,20.3,9.06,0.68
2021-11-05,Western Province,-2.15,29.35,19.19,7.92,0.68
2021-11-06,Western Province,-2.15,29.35,20.38,4.76,0.68
2021-11-07,Western Province,-2.15,29.35,20.55,1.07,0.68
2021-11-08,Western Province,-2.15,29.35,21.1,0.14,0.68
2021-11-09,Western Province,-2.15,29.35,20.25,0.03,0.67
2021-11-10,Western Province,-2.15,29.35,21.02,1.63,0.67
2021-11-11,Western Province,-2.15,29.35,20.13,1.76,0.67
2021-11-12,Western Province,-2.15,29.35,21.78,0.98,0.67
2021-11-13,Western Province,-2.15,29.35,20.45,0.92,0.67
2021-11-14,Western Province,-2.15,29.35,21.06,1.1,0.67
2021-11-15,Western Province,-2.15,29.35,20.5,1.85,0.66
2021-11-16,Western Province,-2.15,29.35,20.85,13.78,0.66
2021-11-17,Western Province,-2.15,29.35,19.95,4.12,0.67
2021-11-18,Western Province,-2.15,29.35,20.41,1.31,0.67
2021-11-19,Western Province,-2.15,29.35,20.7,0.62,0.67
2021-11-20,Western Province,-2.15,29.35,21.45,0.57,0.67
2021-11-21,Western Province,-2.15,29.35,20.9,2.81,0.66
2021-11-22,Western Province,-2.15,29.35,20.02,1.64,0.66
2021-11-23,Western Province,-2.15,29.35,20.56,2.16,0.66
2021-11-24,Western Province,-2.15,29.35,21.07,2.23,0.66
2021-11-25,Western Province,-2.15,29.35,20.9,3.75,0.66
2021-11-26,Western Province,-2.15,29.35,19.0,9.29,0.66
2021-11-27,Western Province,-2.15,29.35,19.37,2.84,0.67
2021-11-28,Western Province,-2.15,29.35,19.85,1.44,0.66
2021-11-29,Western Province,-2.15,29.35,19.52,1.27,0.66
2021-11-30,Western Province,-2.15,29.35,19.87,1.68,0.66
2021-12-01,Western Province,-2.15,29.35,20.56,2.53,0.66
2021-12-02,Western Province,-2.15,29.35,20.36,3.44,0.66
2021-12-03,Western Province,-2.15,29.35,19.67,6.21,0.66
2021-12-04,Western Province,-2.15,29.35,19.93,1.22,0.66
2021-12-05,Western Province,-2.15,29.35,19.43,1.85,0.66
2021-12-06,Western Province,-2.15,29.35,20.27,0.86,0.66
2021-12-07,Western Province,-2.15,29.35,19.57,1.58,0.66
2021-12-08,Western Province,-2.15,29.35,19.57,1.51,0.66
2021-12-09,Western Province,-2.15,29.35,20.6,0.92,0.66
2021-12-10,Western Province,-2.15,29.35,20.1,3.33,0.65
2021-12-11,Western Province,-2.15,29.35,20.43,7.54,0.65
2021-12-12,Western Province,-2.15,29.35,20.67,6.07,0.66
2021-12-13,Western Province,-2.15,29.35,19.71,5.62,0.66
2021-12-14,Western Province,-2.15,29.35,20.03,10.28,0.66
2021-12-15,Western Province,-2.15,29.35,20.48,4.77,0.67
2021-12-16,Western Province,-2.15,29.35,20.27,6.39,0.67
2021-12-17,Western Province,-2.15,29.35,20.44,2.81,0.67
2021-12-18,Western Province,-2.15,29.35,20.33,1.54,0.67
2021-12-19,Western Province,-2.15,29.35,20.94,2.34,0.67
2021-12-20,Western Province,-2.15,29.35,20.75,1.59,0.66
2021-12-21,Western Province,-2.15,29.35,20.06,2.4,0.66
2021-12-22,Western Province,-2.15,29.35,20.45,1.94,0.66
2021-12-23,Western Province,-2.15,29.35,20.59,1.94,0.66
2021-12-24,Western Province,-2.15,29.35,20.57,2.97,0.66
2021-12-25,Western Province,-2.15,29.35,20.42,2.94,0.66
2021-12-26,Western Province,-2.15,29.35,19.4,16.47,0.66
2021-12-27,Western Province,-2.15,29.35,19.19,8.36,0.67
2021-12-28,Western Province,-2.15,29.35,19.4,2.59,0.68
2021-12-29,Western Province,-2.15,29.35,20.11,8.75,0.68
2021-12-30,Western Province,-2.15,29.35,19.68,25.95,0.69
2021-12-31,Western Province,-2.15,29.35,19.72,25.67,0.7
2022-01-01,Western Province,-2.15,29.35,19.24,5.83,0.72
2022-01-02,Western Province,-2.15,29.35,20.11,0.39,0.71
2022-01-03,Western Province,-2.15,29.35,20.61,0.94,0.71
2022-01-04,Western Province,-2.15,29.35,20.25,1.35,0.71
2022-01-05,Western Province,-2.15,29.35,20.46,0.12,0.71
2022-01-06,Western Province,-2.15,29.35,20.82,0.01,0.7
2022-01-07,Western Province,-2.15,29.35,21.38,0.09,0.7
2022-01-08,Western Province,-2.15,29.35,21.68,0.22,0.7
2022-01-09,Western Province,-2.15,29.35,21.07,0.11,0.69
2022-01-10,Western Province,-2.15,29.35,21.41,0.02,0.69
2022-01-11,Western Province,-2.15,29.35,21.05,0.67,0.69
2022-01-12,Western Province,-2.15,29.35,21.63,1.59,0.68
2022-01-13,Western Province,-2.15,29.35,21.62,0.8,0.68
2022-01-14,Western Province,-2.15,29.35,21.47,2.55,0.68
2022-01-15,Western Province,-2.15,29.35,19.52,14.89,0.69
2022-01-16,Western Province,-2.15,29.35,18.48,13.36,0.7
2022-01-17,Western Province,-2.15,29.35,18.75,5.69,0.7
2022-01-18,Western Province,-2.15,29.35,18.99,3.16,0.7
2022-01-19,Western Province,-2.15,29.35,18.42,5.92,0.7
2022-01-20,Western Province,-2.15,29.35,19.53,28.97,0.71
2022-01-21,Western Province,-2.15,29.35,19.13,1.07,0.72
2022-01-22,Western Province,-2.15,29.35,19.62,6.16,0.72
2022-01-23,Western Province,-2.15,29.35,19.37,19.14,0.73
2022-01-24,Western Province,-2.15,29.35,18.93,4.18,0.73
2022-01-25,Western Province,-2.15,29.35,20.09,0.73,0.73
2022-01-26,Western Province,-2.15,29.35,21.0,0.45,0.73
2022-01-27,Western Province,-2.15,29.35,20.74,1.01,0.73
2022-01-28,Western Province,-2.15,29.35,20.67,1.6,0.72
2022-01-29,Western Province,-2.15,29.35,20.43,4.18,0.72
2022-01-30,Western Province,-2.15,29.35,20.63,11.77,0.72
2022-01-31,Western Province,-2.15,29.35,19.7,15.2,0.73
2022-02-01,Western Province,-2.15,29.35,19.07,2.55,0.74
2022-02-02,Western Province,-2.15,29.35,19.57,23.0,0.74
2022-02-03,Western Province,-2.15,29.35,19.61,7.01,0.75
2022-02-04,Western Province,-2.15,29.35,20.27,1.1,0.75
2022-02-05,Western Province,-2.15,29.35,18.46,9.83,0.75
2022-02-06,Western Province,-2.15,29.35,19.93,4.15,0.75
2022-02-07,Western Province,-2.15,29.35,19.63,13.45,0.76
2022-02-08,Western Province,-2.15,29.35,20.12,6.24,0.76
2022-02-09,Western Province,-2.15,29.35,19.58,17.8,0.77
2022-02-10,Western Province,-2.15,29.35,19.18,8.9,0.77
2022-02-11,Western Province,-2.15,29.35,19.82,7.43,0.78
2022-02-12,Western Province,-2.15,29.35,19.52,8.39,0.78
2022-02-13,Western Province,-2.15,29.35,20.61,2.63,0.78
2022-02-14,Western Province,-2.15,29.35,19.81,3.88,0.78
2022-02-15,Western Province,-2.15,29.35,19.58,5.49,0.78
2022-02-16,Western Province,-2.15,29.35,19.4,16.76,0.78
2022-02-17,Western Province,-2.15,29.35,19.39,8.75,0.79
2022-02-18,Western Province,-2.15,29.35,19.69,13.7,0.8
2022-02-19,Western Province,-2.15,29.35,19.25,8.58,0.8
2022-02-20,Western Province,-2.15,29.35,20.11,6.77,0.8
2022-02-21,Western Province,-2.15,29.35,20.27,11.38,0.81
2022-02-22,Western Province,-2.15,29.35,20.56,14.21,0.81
2022-02-23,Western Province,-2.15,29.35,20.3,33.41,0.82
2022-02-24,Western Province,-2.15,29.35,20.77,11.14,0.82
2022-02-25,Western Province,-2.15,29.35,20.11,2.06,0.83
2022-02-26,Western Province,-2.15,29.35,19.53,3.44,0.82
2022-02-27,Western Province,-2.15,29.35,19.72,2.68,0.82
2022-02-28,Western Province,-2.15,29.35,20.67,1.62,0.82
2022-03-01,Western Province,-2.15,29.35,20.61,1.11,0.82
2022-03-02,Western Province,-2.15,29.35,20.72,3.15,0.82
2022-03-03,Western Province,-2.15,29.35,21.1,0.77,0.81
2022-03-04,Western Province,-2.15,29.35,20.88,0.4,0.81
2022-03-05,Western Province,-2.15,29.35,21.39,1.29,0.8
2022-03-06,Western Province,-2.15,29.35,21.42,1.09,0.8
2022-03-07,Western Province,-2.15,29.35,21.37,2.94,0.8
2022-03-08,Western Province,-2.15,29.35,21.49,6.98,0.8
2022-03-09,Western Province,-2.15,29.35,21.43,4.91,0.8
2022-03-10,Western Province,-2.15,29.35,21.01,0.42,0.79
2022-03-11,Western Province,-2.15,29.35,21.04,0.25,0.79
2022-03-12,Western Province,-2.15,29.35,20.7,1.07,0.79
2022-03-13,Western Province,-2.15,29.35,21.03,1.27,0.78
2022-03-14,Western Province,-2.15,29.35,21.33,0.31,0.78
2022-03-15,Western Province,-2.15,29.35,21.32,0.58,0.78
2022-03-16,Western Province,-2.15,29.35,21.97,3.14,0.77
2022-03-17,Western Province,-2.15,29.35,19.41,8.03,0.77
2022-03-18,Western Province,-2.15,29.35,19.52,13.17,0.78
2022-03-19,Western Province,-2.15,29.35,20.71,0.08,0.78
2022-03-20,Western Province,-2.15,29.35,20.51,0.79,0.78
2022-03-21,Western Province,-2.15,29.35,20.82,2.81,0.77
2022-03-22,Western Province,-2.15,29.35,20.11,19.22,0.77
2022-03-23,Western Province,-2.15,29.35,19.28,3.65,0.78
2022-03-24,Western Province,-2.15,29.35,19.53,1.7,0.78
2022-03-25,Western Province,-2.15,29.35,20.22,9.83,0.78
2022-03-26,Western Province,-2.15,29.35,19.86,5.05,0.79
2022-03-27,Western Province,-2.15,29.35,20.31,3.85,0.78
2022-03-28,Western Province,-2.15,29.35,20.03,2.82,0.78
2022-03-29,Western Province,-2.15,29.35,20.48,25.23,0.79
2022-03-30,Western Province,-2.15,29.35,19.22,16.14,0.8
2022-03-31,Western Province,-2.15,29.35,19.8,9.86,0.81
2022-04-01,Western Province,-2.15,29.35,19.9,0.26,0.8
2022-04-02,Western Province,-2.15,29.35,19.44,5.54,0.8
2022-04-03,Western Province,-2.15,29.35,20.12,2.68,0.8
2022-04-04,Western Province,-2.15,29.35,20.95,0.23,0.8
2022-04-05,Western Province,-2.15,29.35,20.79,1.35,0.8
2022-04-06,Western Province,-2.15,29.35,20.6,8.0,0.8
2022-04-07,Western Province,-2.15,29.35,19.76,11.47,0.8
2022-04-08,Western Province,-2.15,29.35,19.99,1.38,0.8
2022-04-09,Western Province,-2.15,29.35,19.83,4.17,0.8
2022-04-10,Western Province,-2.15,29.35,19.83,2.42,0.8
2022-04-11,Western Province,-2.15,29.35,19.59,0.9,0.79
2022-04-12,Western Province,-2.15,29.35,19.37,0.86,0.79
2022-04-13,Western Province,-2.15,29.35,19.79,3.04,0.79
2022-04-14,Western Province,-2.15,29.35,19.71,11.7,0.79
2022-04-15,Western Province,-2.15,29.35,19.01,4.32,0.8
2022-04-16,Western Province,-2.15,29.35,19.71,1.33,0.79
2022-04-17,Western Province,-2.15,29.35,19.86,0.73,0.79
2022-04-18,Western Province,-2.15,29.35,19.9,2.79,0.79
2022-04-19,Western Province,-2.15,29.35,20.04,9.38,0.79
2022-04-20,Western Province,-2.15,29.35,19.27,2.13,0.79
2022-04-21,Western Province,-2.15,29.35,19.89,6.75,0.79
2022-04-22,Western Province,-2.15,29.35,19.81,18.84,0.8
2022-04-23,Western Province,-2.15,29.35,20.19,14.76,0.8
2022-04-24,Western Province,-2.15,29.35,20.0,37.06,0.82
2022-04-25,Western Province,-2.15,29.35,19.49,5.08,0.83
2022-04-26,Western Province,-2.15,29.35,19.72,3.23,0.83
2022-04-27,Western Province,-2.15,29.35,19.9,3.83,0.83
2022-04-28,Western Province,-2.15,29.35,19.41,8.55,0.82
2022-04-29,Western Province,-2.15,29.35,18.62,7.69,0.83
2022-04-30,Western Province,-2.15,29.35,19.29,0.66,0.83
2022-05-01,Western Province,-2.15,29.35,19.41,3.31,0.82
2022-05-02,Western Province,-2.15,29.35,19.39,2.17,0.82
2022-05-03,Western Province,-2.15,29.35,19.54,1.39,0.82
2022-05-04,Western Province,-2.15,29.35,19.09,0.63,0.82
2022-05-05,Western Province,-2.15,29.35,19.0,0.75,0.82
2022-05-06,Western Province,-2.15,29.35,19.4,0.56,0.81
2022-05-07,Western Province,-2.15,29.35,19.75,1.01,0.81
2022-05-08,Western Province,-2.15,29.35,19.7,0.85,0.81
2022-05-09,Western Province,-2.15,29.35,19.85,0.33,0.8
2022-05-10,Western Province,-2.15,29.35,19.99,0.3,0.8
2022-05-11,Western Province,-2.15,29.35,20.08,1.52,0.8
2022-05-12,Western Province,-2.15,29.35,19.69,5.16,0.8
2022-05-13,Western Province,-2.15,29.35,19.48,3.11,0.8
2022-05-14,Western Province,-2.15,29.35,19.53,7.01,0.8
2022-05-15,Western Province,-2.15,29.35,19.42,2.31,0.8
2022-05-16,Western Province,-2.15,29.35,19.13,2.42,0.8
2022-05-17,Western Province,-2.15,29.35,18.77,8.07,0.8
2022-05-18,Western Province,-2.15,29.35,18.92,3.93,0.8
2022-05-19,Western Province,-2.15,29.35,19.02,0.3,0.8
2022-05-20,Western Province,-2.15,29.35,19.06,2.92,0.79
2022-05-21,Western Province,-2.15,29.35,19.26,0.09,0.79
2022-05-22,Western Province,-2.15,29.35,20.33,0.24,0.79
2022-05-23,Western Province,-2.15,29.35,18.94,1.41,0.79
2022-05-24,Western Province,-2.15,29.35,18.67,0.31,0.79
2022-05-25,Western Province,-2.15,29.35,19.19,0.49,0.78
2022-05-26,Western Province,-2.15,29.35,19.16,8.45,0.78
2022-05-27,Western Province,-2.15,29.35,19.31,8.61,0.79
2022-05-28,Western Province,-2.15,29.35,17.94,21.19,0.79
2022-05-29,Western Province,-2.15,29.35,17.6,9.09,0.8
2022-05-30,Western Province,-2.15,29.35,17.81,1.73,0.8
2022-05-31,Western Province,-2.15,29.35,18.8,1.01,0.8
2022-06-01,Western Province,-2.15,29.35,18.49,1.69,0.8
2022-06-02,Western Province,-2.15,29.35,18.02,1.64,0.8
2022-06-03,Western Province,-2.15,29.35,17.23,0.45,0.8
2022-06-04,Western Province,-2.15,29.35,17.41,0.1,0.79
2022-06-05,Western Province,-2.15,29.35,17.88,0.03,0.79
2022-06-06,Western Province,-2.15,29.35,17.89,0.16,0.79
2022-06-07,Western Province,-2.15,29.35,17.63,0.43,0.78
2022-06-08,Western Province,-2.15,29.35,17.7,0.58,0.78
2022-06-09,Western Province,-2.15,29.35,17.16,1.01,0.78
2022-06-10,Western Province,-2.15,29.35,18.18,0.27,0.78
2022-06-11,Western Province,-2.15,29.35,18.33,0.11,0.77
2022-06-12,Western Province,-2.15,29.35,18.37,0.65,0.77
2022-06-13,Western Province,-2.15,29.35,18.36,0.15,0.77
2022-06-14,Western Province,-2.15,29.35,19.1,0.1,0.76
2022-06-15,Western Province,-2.15,29.35,19.28,0.13,0.76
2022-06-16,Western Province,-2.15,29.35,18.93,0.26,0.76
2022-06-17,Western Province,-2.15,29.35,18.9,0.42,0.76
2022-06-18,Western Province,-2.15,29.35,18.4,0.84,0.75
2022-06-19,Western Province,-2.15,29.35,18.36,0.96,0.75
2022-06-20,Western Province,-2.15,29.35,18.12,0.69,0.75
2022-06-21,Western Province,-2.15,29.35,17.59,0.08,0.75
2022-06-22,Western Province,-2.15,29.35,18.41,0.11,0.74
2022-06-23,Western Province,-2.15,29.35,18.61,0.25,0.74
2022-06-24,Western Province,-2.15,29.35,17.49,0.2,0.74
2022-06-25,Western Province,-2.15,29.35,17.95,0.07,0.74
2022-06-26,Western Province,-2.15,29.35,17.37,0.16,0.73
2022-06-27,Western Province,-2.15,29.35,17.14,0.03,0.73
2022-06-28,Western Province,-2.15,29.35,16.77,0.02,0.73
2022-06-29,Western Province,-2.15,29.35,16.71,0.0,0.73
2022-06-30,Western Province,-2.15,29.35,17.51,0.0,0.72
2022-07-01,Western Province,-2.15,29.35,17.6,0.0,0.72
2022-07-02,Western Province,-2.15,29.35,17.5,0.0,0.72
2022-07-03,Western Province,-2.15,29.35,17.28,0.0,0.72
2022-07-04,Western Province,-2.15,29.35,17.39,0.0,0.71
2022-07-05,Western Province,-2.15,29.35,17.99,0.0,0.71
2022-07-06,Western Province,-2.15,29.35,18.82,0.13,0.71
2022-07-07,Western Province,-2.15,29.35,19.06,0.01,0.71
2022-07-08,Western Province,-2.15,29.35,18.04,0.0,0.7
2022-07-09,Western Province,-2.15,29.35,17.63,0.13,0.7
2022-07-10,Western Province,-2.15,29.35,17.35,0.0,0.7
2022-07-11,Western Province,-2.15,29.35,17.82,0.0,0.7
2022-07-12,Western Province,-2.15,29.35,17.78,0.0,0.69
2022-07-13,Western Province,-2.15,29.35,17.71,0.0,0.69
2022-07-14,Western Province,-2.15,29.35,18.24,0.0,0.69
2022-07-15,Western Province,-2.15,29.35,18.53,0.07,0.69
2022-07-16,Western Province,-2.15,29.35,18.52,0.22,0.68
2022-07-17,Western Province,-2.15,29.35,18.31,0.06,0.68
2022-07-18,Western Province,-2.15,29.35,17.78,0.01,0.68
2022-07-19,Western Province,-2.15,29.35,17.75,0.07,0.68
2022-07-20,Western Province,-2.15,29.35,17.94,0.03,0.67
2022-07-21,Western Province,-2.15,29.35,17.7,0.0,0.67
2022-07-22,Western Province,-2.15,29.35,17.78,0.0,0.67
2022-07-23,Western Province,-2.15,29.35,18.13,0.01,0.67
2022-07-24,Western Province,-2.15,29.35,18.77,0.04,0.67
2022-07-25,Western Province,-2.15,29.35,19.03,0.43,0.66
2022-07-26,Western Province,-2.15,29.35,18.34,0.42,0.66
2022-07-27,Western Province,-2.15,29.35,19.34,0.34,0.66
2022-07-28,Western Province,-2.15,29.35,18.95,1.77,0.66
2022-07-29,Western Province,-2.15,29.35,18.77,9.68,0.66
2022-07-30,Western Province,-2.15,29.35,18.25,6.64,0.67
2022-07-31,Western Province,-2.15,29.35,19.03,7.82,0.67
2022-08-01,Western Province,-2.15,29.35,17.92,16.96,0.68
2022-08-02,Western Province,-2.15,29.35,18.15,5.77,0.68
2022-08-03,Western Province,-2.15,29.35,18.32,3.56,0.68
2022-08-04,Western Province,-2.15,29.35,18.11,0.55,0.68
2022-08-05,Western Province,-2.15,29.35,18.92,0.0,0.68
2022-08-06,Western Province,-2.15,29.35,19.29,0.0,0.68
2022-08-07,Western Province,-2.15,29.35,19.62,0.0,0.67
2022-08-08,Western Province,-2.15,29.35,19.23,0.0,0.67
2022-08-09,Western Province,-2.15,29.35,19.8,0.0,0.67
2022-08-10,Western Province,-2.15,29.35,20.06,0.0,0.67
2022-08-11,Western Province,-2.15,29.35,19.76,0.01,0.66
2022-08-12,Western Province,-2.15,29.35,19.63,0.01,0.66
2022-08-13,Western Province,-2.15,29.35,20.36,0.02,0.66
2022-08-14,Western Province,-2.15,29.35,19.91,11.01,0.66
2022-08-15,Western Province,-2.15,29.35,19.56,6.91,0.67
2022-08-16,Western Province,-2.15,29.35,19.6,6.55,0.67
2022-08-17,Western Province,-2.15,29.35,18.27,5.96,0.67
2022-08-18,Western Province,-2.15,29.35,18.19,4.23,0.67
2022-08-19,Western Province,-2.15,29.35,19.49,0.71,0.67
2022-08-20,Western Province,-2.15,29.35,20.3,1.96,0.67
2022-08-21,Western Province,-2.15,29.35,20.36,0.7,0.67
2022-08-22,Western Province,-2.15,29.35,19.17,0.96,0.67
2022-08-23,Western Province,-2.15,29.35,19.31,0.29,0.66
2022-08-24,Western Province,-2.15,29.35,19.14,0.09,0.66
2022-08-25,Western Province,-2.15,29.35,19.63,0.0,0.66
2022-08-26,Western Province,-2.15,29.35,20.41,0.15,0.66
2022-08-27,Western Province,-2.15,29.35,19.78,0.38,0.65
2022-08-28,Western Province,-2.15,29.35,19.61,1.29,0.65
2022-08-29,Western Province,-2.15,29.35,18.68,10.84,0.66
2022-08-30,Western Province,-2.15,29.35,18.62,22.61,0.67
2022-08-31,Western Province,-2.15,29.35,19.13,11.97,0.68
2022-09-01,Western Province,-2.15,29.35,18.22,4.6,0.68
2022-09-02,Western Province,-2.15,29.35,19.01,1.09,0.68
2022-09-03,Western Province,-2.15,29.35,19.34,0.29,0.68
2022-09-04,Western Province,-2.15,29.35,20.28,0.69,0.68
2022-09-05,Western Province,-2.15,29.35,20.69,0.33,0.67
2022-09-06,Western Province,-2.15,29.35,20.27,0.76,0.67
2022-09-07,Western Province,-2.15,29.35,18.25,2.36,0.67
2022-09-08,Western Province,-2.15,29.35,19.67,12.35,0.68
2022-09-09,Western Province,-2.15,29.35,19.18,35.77,0.69
2022-09-10,Western Province,-2.15,29.35,19.45,17.14,0.7
2022-09-11,Western Province,-2.15,29.35,19.79,13.87,0.71
2022-09-12,Western Province,-2.15,29.35,20.31,15.54,0.71
2022-09-13,Western Province,-2.15,29.35,20.6,3.39,0.72
2022-09-14,Western Province,-2.15,29.35,19.03,6.2,0.72
2022-09-15,Western Province,-2.15,29.35,18.98,2.62,0.72
2022-09-16,Western Province,-2.15,29.35,19.19,0.64,0.72
2022-09-17,Western Province,-2.15,29.35,20.61,0.33,0.72
2022-09-18,Western Province,-2.15,29.35,20.35,5.01,0.72
2022-09-19,Western Province,-2.15,29.35,20.15,6.98,0.72
2022-09-20,Western Province,-2.15,29.35,20.62,1.4,0.72
2022-09-21,Western Province,-2.15,29.35,20.97,1.56,0.72
2022-09-22,Western Province,-2.15,29.35,20.7,2.13,0.71
2022-09-23,Western Province,-2.15,29.35,20.79,1.06,0.71
2022-09-24,Western Province,-2.15,29.35,20.29,0.71,0.71
2022-09-25,Western Province,-2.15,29.35,19.69,2.68,0.71
2022-09-26,Western Province,-2.15,29.35,19.98,0.99,0.71
2022-09-27,Western Province,-2.15,29.35,20.33,1.1,0.7
2022-09-28,Western Province,-2.15,29.35,19.94,0.48,0.7
2022-09-29,Western Province,-2.15,29.35,20.83,0.23,0.7
2022-09-30,Western Province,-2.15,29.35,20.47,0.84,0.7
2022-10-01,Western Province,-2.15,29.35,19.95,1.32,0.69
2022-10-02,Western Province,-2.15,29.35,19.89,3.05,0.69
2022-10-03,Western Province,-2.15,29.35,19.69,0.53,0.69
2022-10-04,Western Province,-2.15,29.35,21.04,0.47,0.69
2022-10-05,Western Province,-2.15,29.35,19.83,2.25,0.69
2022-10-06,Western Province,-2.15,29.35,20.43,1.6,0.69
2022-10-07,Western Province,-2.15,29.35,20.56,1.12,0.69
2022-10-08,Western Province,-2.15,29.35,20.16,0.2,0.68
2022-10-09,Western Province,-2.15,29.35,19.35,0.56,0.68
2022-10-10,Western Province,-2.15,29.35,19.83,0.54,0.68
2022-10-11,Western Province,-2.15,29.35,20.34,0.38,0.68
2022-10-12,Western Province,-2.15,29.35,20.63,0.53,0.67
2022-10-13,Western Province,-2.15,29.35,20.93,0.39,0.67
2022-10-14,Western Province,-2.15,29.35,21.33,0.14,0.67
2022-10-15,Western Province,-2.15,29.35,21.79,0.17,0.67
2022-10-16,Western Province,-2.15,29.35,20.39,3.03,0.66
2022-10-17,Western Province,-2.15,29.35,19.79,3.36,0.66
2022-10-18,Western Province,-2.15,29.35,18.87,1.2,0.66
2022-10-19,Western Province,-2.15,29.35,19.36,2.93,0.66
2022-10-20,Western Province,-2.15,29.35,19.24,7.03,0.67
2022-10-21,Western Province,-2.15,29.35,18.8,5.71,0.67
2022-10-22,Western Province,-2.15,29.35,20.5,0.18,0.67
2022-10-23,Western Province,-2.15,29.35,21.23,0.11,0.67
2022-10-24,Western Province,-2.15,29.35,21.38,0.2,0.66
2022-10-25,Western Province,-2.15,29.35,21.66,0.85,0.66
2022-10-26,Western Province,-2.15,29.35,21.33,1.1,0.66
2022-10-27,Western Province,-2.15,29.35,21.59,1.25,0.66
2022-10-28,Western Province,-2.15,29.35,21.72,0.77,0.66
2022-10-29,Western Province,-2.15,29.35,20.88,1.35,0.65
2022-10-30,Western Province,-2.15,29.35,20.16,2.39,0.65
2022-10-31,Western Province,-2.15,29.35,21.34,0.82,0.65
2022-11-01,Western Province,-2.15,29.35,21.15,0.95,0.65
2022-11-02,Western Province,-2.15,29.35,20.56,1.49,0.65
2022-11-03,Western Province,-2.15,29.35,19.75,2.9,0.65
2022-11-04,Western Province,-2.15,29.35,19.42,4.28,0.65
2022-11-05,Western Province,-2.15,29.35,19.67,7.84,0.65
2022-11-06,Western Province,-2.15,29.35,20.14,3.88,0.66
2022-11-07,Western Province,-2.15,29.35,19.35,7.41,0.66
2022-11-08,Western Province,-2.15,29.35,18.9,1.24,0.66
2022-11-09,Western Province,-2.15,29.35,19.45,2.88,0.66
2022-11-10,Western Province,-2.15,29.35,19.16,2.83,0.66
2022-11-11,Western Province,-2.15,29.35,19.97,1.59,0.66
2022-11-12,Western Province,-2.15,29.35,19.39,18.54,0.66
2022-11-13,Western Province,-2.15,29.35,17.81,4.82,0.67
2022-11-14,Western Province,-2.15,29.35,20.31,1.52,0.67
2022-11-15,Western Province,-2.15,29.35,19.46,8.43,0.67
2022-11-16,Western Province,-2.15,29.35,18.57,19.29,0.69
2022-11-17,Western Province,-2.15,29.35,19.44,6.22,0.69
2022-11-18,Western Province,-2.15,29.35,17.65,16.5,0.7
2022-11-19,Western Province,-2.15,29.35,19.44,3.21,0.7
2022-11-20,Western Province,-2.15,29.35,18.19,8.28,0.7
2022-11-21,Western Province,-2.15,29.35,19.0,5.6,0.7
2022-11-22,Western Province,-2.15,29.35,19.39,7.26,0.71
2022-11-23,Western Province,-2.15,29.35,19.67,1.38,0.71
2022-11-24,Western Province,-2.15,29.35,20.01,0.81,0.71
2022-11-25,Western Province,-2.15,29.35,18.76,1.12,0.7
2022-11-26,Western Province,-2.15,29.35,18.64,1.37,0.7
2022-11-27,Western Province,-2.15,29.35,19.6,0.52,0.7
2022-11-28,Western Province,-2.15,29.35,19.5,1.05,0.7
2022-11-29,Western Province,-2.15,29.35,19.13,5.04,0.7
2022-11-30,Western Province,-2.15,29.35,18.91,8.96,0.7
2022-12-01,Western Province,-2.15,29.35,19.62,8.66,0.71
2022-12-02,Western Province,-2.15,29.35,19.81,1.18,0.71
2022-12-03,Western Province,-2.15,29.35,20.35,0.25,0.71
2022-12-04,Western Province,-2.15,29.35,20.5,0.65,0.7
2022-12-05,Western Province,-2.15,29.35,19.61,6.11,0.7
2022-12-06,Western Province,-2.15,29.35,20.41,0.56,0.7
2022-12-07,Western Province,-2.15,29.35,20.49,0.59,0.7
2022-12-08,Western Province,-2.15,29.35,18.84,2.14,0.7
2022-12-09,Western Province,-2.15,29.35,19.54,1.27,0.7
2022-12-10,Western Province,-2.15,29.35,19.56,8.26,0.7
2022-12-11,Western Province,-2.15,29.35,20.14,4.85,0.7
2022-12-12,Western Province,-2.15,29.35,19.58,1.4,0.7
2022-12-13,Western Province,-2.15,29.35,19.21,2.7,0.7
2022-12-14,Western Province,-2.15,29.35,19.74,1.49,0.7
2022-12-15,Western Province,-2.15,29.35,19.66,2.08,0.69
2022-12-16,Western Province,-2.15,29.35,19.88,1.28,0.69
2022-12-17,Western Province,-2.15,29.35,20.87,0.6,0.69
2022-12-18,Western Province,-2.15,29.35,20.79,1.96,0.69
2022-12-19,Western Province,-2.15,29.35,19.9,5.83,0.69
2022-12-20,Western Province,-2.15,29.35,19.05,4.33,0.69
2022-12-21,Western Province,-2.15,29.35,18.95,1.53,0.69
2022-12-22,Western Province,-2.15,29.35,19.86,0.52,0.69
2022-12-23,Western Province,-2.15,29.35,18.92,4.45,0.69
2022-12-24,Western Province,-2.15,29.35,19.69,7.36,0.69
2022-12-25,Western Province,-2.15,29.35,19.6,1.74,0.69
2022-12-26,Western Province,-2.15,29.35,19.29,4.95,0.69
2022-12-27,Western Province,-2.15,29.35,19.03,8.48,0.7
2022-12-28,Western Province,-2.15,29.35,19.71,4.07,0.7
2022-12-29,Western Province,-2.15,29.35,19.84,1.58,0.7
2022-12-30,Western Province,-2.15,29.35,19.69,1.2,0.7
2022-12-31,Western Province,-2.15,29.35,19.75,0.83,0.7
2023-01-01,Western Province,-2.15,29.35,19.82,0.12,0.69
2023-01-02,Western Province,-2.15,29.35,19.82,0.03,0.69
2023-01-03,Western Province,-2.15,29.35,19.72,0.16,0.69
2023-01-04,Western Province,-2.15,29.35,19.64,0.23,0.68
2023-01-05,Western Province,-2.15,29.35,20.05,0.12,0.68
2023-01-06,Western Province,-2.15,29.35,21.0,0.09,0.68
2023-01-07,Western Province,-2.15,29.35,20.9,0.21,0.67
2023-01-08,Western Province,-2.15,29.35,20.61,1.27,0.67
2023-01-09,Western Province,-2.15,29.35,20.69,1.23,0.67
2023-01-10,Western Province,-2.15,29.35,20.04,3.48,0.67
2023-01-11,Western Province,-2.15,29.35,19.42,4.45,0.67
2023-01-12,Western Province,-2.15,29.35,19.96,1.31,0.67
2023-01-13,Western Province,-2.15,29.35,20.06,1.2,0.67
2023-01-14,Western Province,-2.15,29.35,20.01,1.26,0.66
2023-01-15,Western Province,-2.15,29.35,20.0,1.25,0.66
2023-01-16,Western Province,-2.15,29.35,19.99,0.61,0.66
2023-01-17,Western Province,-2.15,29.35,20.44,0.42,0.66
2023-01-18,Western Province,-2.15,29.35,20.81,0.96,0.66
2023-01-19,Western Province,-2.15,29.35,20.84,1.12,0.66
2023-01-20,Western Province,-2.15,29.35,21.09,0.36,0.65
2023-01-21,Western Province,-2.15,29.35,20.9,0.48,0.65
2023-01-22,Western Province,-2.15,29.35,20.57,0.22,0.65
2023-01-23,Western Province,-2.15,29.35,20.65,0.42,0.65
2023-01-24,Western Province,-2.15,29.35,20.13,0.8,0.65
2023-01-25,Western Province,-2.15,29.35,19.41,0.74,0.65
2023-01-26,Western Province,-2.15,29.35,20.53,2.8,0.64
2023-01-27,Western Province,-2.15,29.35,20.53,1.25,0.64
2023-01-28,Western Province,-2.15,29.35,21.01,1.14,0.64
2023-01-29,Western Province,-2.15,29.35,21.47,0.42,0.64
2023-01-30,Western Province,-2.15,29.35,20.95,1.0,0.64
2023-01-31,Western Province,-2.15,29.35,21.19,0.23,0.64
2023-02-01,Western Province,-2.15,29.35,22.02,0.72,0.63
2023-02-02,Western Province,-2.15,29.35,20.98,0.93,0.63
2023-02-03,Western Province,-2.15,29.35,20.74,0.79,0.63
2023-02-04,Western Province,-2.15,29.35,20.85,0.92,0.63
2023-02-05,Western Province,-2.15,29.35,20.79,1.23,0.63
2023-02-06,Western Province,-2.15,29.35,20.75,2.71,0.63
2023-02-07,Western Province,-2.15,29.35,20.58,1.2,0.63
2023-02-08,Western Province,-2.15,29.35,21.31,1.17,0.63
2023-02-09,Western Province,-2.15,29.35,21.78,0.44,0.62
2023-02-10,Western Province,-2.15,29.35,21.55,0.9,0.62
2023-02-11,Western Province,-2.15,29.35,21.96,0.89,0.62
2023-02-12,Western Province,-2.15,29.35,22.78,1.12,0.62
2023-02-13,Western Province,-2.15,29.35,22.72,0.08,0.62
2023-02-14,Western Province,-2.15,29.35,22.97,0.27,0.61
2023-02-15,Western Province,-2.15,29.35,22.62,0.39,0.61
2023-02-16,Western Province,-2.15,29.35,21.34,0.27,0.61
2023-02-17,Western Province,-2.15,29.35,21.4,0.71,0.61
2023-02-18,Western Province,-2.15,29.35,21.41,0.74,0.61
2023-02-19,Western Province,-2.15,29.35,22.54,0.03,0.61
2023-02-20,Western Province,-2.15,29.35,23.37,0.01,0.6
2023-02-21,Western Province,-2.15,29.35,21.74,0.93,0.6
2023-02-22,Western Province,-2.15,29.35,20.54,7.34,0.6
2023-02-23,Western Province,-2.15,29.35,20.7,2.13,0.61
2023-02-24,Western Province,-2.15,29.35,21.14,0.65,0.61
2023-02-25,Western Province,-2.15,29.35,22.25,0.19,0.6
2023-02-26,Western Province,-2.15,29.35,21.77,1.81,0.6
2023-02-27,Western Province,-2.15,29.35,20.64,8.52,0.6
2023-02-28,Western Province,-2.15,29.35,19.92,2.72,0.61
2023-03-01,Western Province,-2.15,29.35,19.81,2.14,0.61
2023-03-02,Western Province,-2.15,29.35,20.85,1.38,0.61
2023-03-03,Western Province,-2.15,29.35,19.58,4.87,0.61
2023-03-04,Western Province,-2.15,29.35,21.35,0.3,0.61
2023-03-05,Western Province,-2.15,29.35,21.15,1.11,0.61
2023-03-06,Western Province,-2.15,29.35,22.01,0.29,0.61
2023-03-07,Western Province,-2.15,29.35,23.01,0.01,0.6
2023-03-08,Western Province,-2.15,29.35,23.91,0.14,0.6
2023-03-09,Western Province,-2.15,29.35,22.81,0.59,0.6
2023-03-10,Western Province,-2.15,29.35,20.97,7.39,0.6
2023-03-11,Western Province,-2.15,29.35,19.92,2.72,0.6
2023-03-12,Western Province,-2.15,29.35,20.77,1.49,0.6
2023-03-13,Western Province,-2.15,29.35,20.29,3.13,0.6
2023-03-14,Western Province,-2.15,29.35,20.08,3.97,0.61
2023-03-15,Western Province,-2.15,29.35,19.18,3.02,0.61
2023-03-16,Western Province,-2.15,29.35,20.03,0.69,0.61
2023-03-17,Western Province,-2.15,29.35,19.31,6.63,0.61
2023-03-18,Western Province,-2.15,29.35,19.47,4.39,0.61
2023-03-19,Western Province,-2.15,29.35,19.15,3.02,0.61
2023-03-20,Western Province,-2.15,29.35,19.11,9.73,0.61
2023-03-21,Western Province,-2.15,29.35,17.9,5.27,0.62
2023-03-22,Western Province,-2.15,29.35,19.58,0.5,0.62
2023-03-23,Western Province,-2.15,29.35,19.9,5.27,0.62
2023-03-24,Western Province,-2.15,29.35,18.48,9.95,0.63
2023-03-25,Western Province,-2.15,29.35,18.48,1.6,0.63
2023-03-26,Western Province,-2.15,29.35,19.94,10.05,0.63
2023-03-27,Western Province,-2.15,29.35,19.67,5.3,0.63
2023-03-28,Western Province,-2.15,29.35,19.89,4.45,0.63
2023-03-29,Western Province,-2.15,29.35,20.25,8.73,0.64
2023-03-30,Western Province,-2.15,29.35,20.66,9.57,0.64
2023-03-31,Western Province,-2.15,29.35,20.37,28.09,0.65
2023-04-01,Western Province,-2.15,29.35,18.42,4.57,0.66
2023-04-02,Western Province,-2.15,29.35,20.63,1.09,0.66
2023-04-03,Western Province,-2.15,29.35,19.78,9.52,0.66
2023-04-04,Western Province,-2.15,29.35,20.12,21.11,0.66
2023-04-05,Western Province,-2.15,29.35,19.78,5.39,0.68
2023-04-06,Western Province,-2.15,29.35,20.36,1.1,0.67
2023-04-07,Western Province,-2.15,29.35,21.25,1.19,0.67
2023-04-08,Western Province,-2.15,29.35,20.6,1.7,0.67
2023-04-09,Western Province,-2.15,29.35,19.29,1.28,0.67
2023-04-10,Western Province,-2.15,29.35,20.67,2.58,0.67
2023-04-11,Western Province,-2.15,29.35,20.87,2.55,0.67
2023-04-12,Western Province,-2.15,29.35,20.37,16.1,0.67
2023-04-13,Western Province,-2.15,29.35,20.86,0.85,0.67
2023-04-14,Western Province,-2.15,29.35,20.29,2.03,0.67
2023-04-15,Western Province,-2.15,29.35,20.59,2.47,0.67
2023-04-16,Western Province,-2.15,29.35,19.53,22.51,0.68
2023-04-17,Western Province,-2.15,29.35,19.68,2.37,0.68
2023-04-18,Western Province,-2.15,29.35,18.74,18.7,0.69
2023-04-19,Western Province,-2.15,29.35,19.54,1.87,0.7
2023-04-20,Western Province,-2.15,29.35,20.32,3.01,0.69
2023-04-21,Western Province,-2.15,29.35,20.31,3.24,0.69
2023-04-22,Western Province,-2.15,29.35,20.5,9.3,0.69
2023-04-23,Western Province,-2.15,29.35,19.96,4.16,0.7
2023-04-24,Western Province,-2.15,29.35,20.14,3.09,0.7
2023-04-25,Western Province,-2.15,29.35,20.34,4.02,0.69
2023-04-26,Western Province,-2.15,29.35,20.14,11.78,0.7
2023-04-27,Western Province,-2.15,29.35,19.75,2.91,0.7
2023-04-28,Western Province,-2.15,29.35,19.52,14.04,0.7
2023-04-29,Western Province,-2.15,29.35,19.52,6.49,0.71
2023-04-30,Western Province,-2.15,29.35,19.51,5.64,0.71
2023-05-01,Western Province,-2.15,29.35,19.53,49.72,0.73
2023-05-02,Western Province,-2.15,29.35,19.92,10.59,0.74
2023-05-03,Western Province,-2.15,29.35,19.46,35.36,0.75
2023-05-04,Western Province,-2.15,29.35,19.85,17.11,0.77
2023-05-05,Western Province,-2.15,29.35,20.02,6.94,0.77
2023-05-06,Western Province,-2.15,29.35,20.13,1.19,0.77
2023-05-07,Western Province,-2.15,29.35,20.32,0.56,0.76
2023-05-08,Western Province,-2.15,29.35,20.4,0.29,0.76
2023-05-09,Western Province,-2.15,29.35,19.5,1.41,0.76
2023-05-10,Western Province,-2.15,29.35,19.03,2.49,0.76
2023-05-11,Western Province,-2.15,29.35,19.64,0.82,0.76
2023-05-12,Western Province,-2.15,29.35,19.67,1.01,0.75
2023-05-13,Western Province,-2.15,29.35,20.39,0.64,0.75
2023-05-14,Western Province,-2.15,29.35,20.61,0.3,0.75
2023-05-15,Western Province,-2.15,29.35,20.72,0.15,0.74
2023-05-16,Western Province,-2.15,29.35,21.0,0.26,0.74
2023-05-17,Western Province,-2.15,29.35,20.29,1.55,0.74
2023-05-18,Western Province,-2.15,29.35,20.71,1.75,0.74
2023-05-19,Western Province,-2.15,29.35,20.6,0.73,0.73
2023-05-20,Western Province,-2.15,29.35,20.6,0.39,0.73
2023-05-21,Western Province,-2.15,29.35,20.72,0.26,0.73
2023-05-22,Western Province,-2.15,29.35,20.67,0.12,0.72
2023-05-23,Western Province,-2.15,29.35,20.37,1.32,0.72
2023-05-24,Western Province,-2.15,29.35,20.27,1.8,0.72
2023-05-25,Western Province,-2.15,29.35,20.5,2.38,0.72
2023-05-26,Western Province,-2.15,29.35,20.2,1.0,0.71
2023-05-27,Western Province,-2.15,29.35,19.62,0.6,0.71
2023-05-28,Western Province,-2.15,29.35,19.75,1.23,0.71
2023-05-29,Western Province,-2.15,29.35,19.34,0.27,0.71
2023-05-30,Western Province,-2.15,29.35,19.33,0.39,0.7
2023-05-31,Western Province,-2.15,29.35,19.22,0.22,0.7
2023-06-01,Western Province,-2.15,29.35,19.81,0.06,0.7
2023-06-02,Western Province,-2.15,29.35,20.03,0.39,0.69
2023-06-03,Western Province,-2.15,29.35,19.97,0.16,0.69
2023-06-04,Western Province,-2.15,29.35,20.15,0.14,0.69
2023-06-05,Western Province,-2.15,29.35,20.14,0.09,0.69
2023-06-06,Western Province,-2.15,29.35,20.03,0.05,0.68
2023-06-07,Western Province,-2.15,29.35,19.83,0.02,0.68
2023-06-08,Western Province,-2.15,29.35,19.45,0.0,0.68
2023-06-09,Western Province,-2.15,29.35,19.58,0.02,0.67
2023-06-10,Western Province,-2.15,29.35,20.07,0.24,0.67
2023-06-11,Western Province,-2.15,29.35,20.02,0.07,0.67
2023-06-12,Western Province,-2.15,29.35,21.13,0.17,0.67
2023-06-13,Western Province,-2.15,29.35,18.65,7.44,0.67
2023-06-14,Western Province,-2.15,29.35,19.49,0.84,0.67
2023-06-15,Western Province,-2.15,29.35,20.25,0.29,0.67
2023-06-16,Western Province,-2.15,29.35,19.6,0.24,0.67
2023-06-17,Western Province,-2.15,29.35,19.98,0.42,0.66
2023-06-18,Western Province,-2.15,29.35,19.89,0.21,0.66
2023-06-19,Western Province,-2.15,29.35,19.68,0.26,0.66
2023-06-20,Western Province,-2.15,29.35,20.13,0.58,0.66
2023-06-21,Western Province,-2.15,29.35,19.64,0.82,0.66
2023-06-22,Western Province,-2.15,29.35,19.36,1.52,0.66
2023-06-23,Western Province,-2.15,29.35,19.22,3.67,0.65
2023-06-24,Western Province,-2.15,29.35,18.82,4.14,0.66
2023-06-25,Western Province,-2.15,29.35,18.95,0.51,0.66
2023-06-26,Western Province,-2.15,29.35,19.68,0.74,0.65
2023-06-27,Western Province,-2.15,29.35,19.89,0.27,0.65
2023-06-28,Western Province,-2.15,29.35,20.44,0.15,0.65
2023-06-29,Western Province,-2.15,29.35,20.55,0.22,0.65
2023-06-30,Western Province,-2.15,29.35,20.19,0.06,0.65
2023-07-01,Western Province,-2.15,29.35,19.39,0.0,0.64
2023-07-02,Western Province,-2.15,29.35,18.95,0.04,0.64
2023-07-03,Western Province,-2.15,29.35,19.21,0.01,0.64
2023-07-04,Western Province,-2.15,29.35,18.77,0.0,0.64
2023-07-05,Western Province,-2.15,29.35,19.85,0.82,0.64
2023-07-06,Western Province,-2.15,29.35,18.34,1.95,0.63
2023-07-07,Western Province,-2.15,29.35,18.31,0.17,0.63
2023-07-08,Western Province,-2.15,29.35,18.45,0.15,0.63
2023-07-09,Western Province,-2.15,29.35,19.97,0.06,0.63
2023-07-10,Western Province,-2.15,29.35,20.72,0.1,0.63
2023-07-11,Western Province,-2.15,29.35,20.58,0.04,0.63
2023-07-12,Western Province,-2.15,29.35,20.25,0.08,0.62
2023-07-13,Western Province,-2.15,29.35,18.98,0.16,0.62
2023-07-14,Western Province,-2.15,29.35,19.24,0.04,0.62
2023-07-15,Western Province,-2.15,29.35,19.42,0.0,0.62
2023-07-16,Western Province,-2.15,29.35,19.7,0.0,0.62
2023-07-17,Western Province,-2.15,29.35,19.34,0.0,0.61
2023-07-18,Western Province,-2.15,29.35,19.32,0.0,0.61
2023-07-19,Western Province,-2.15,29.35,21.06,0.0,0.61
2023-07-20,Western Province,-2.15,29.35,21.4,0.0,0.61
2023-07-21,Western Province,-2.15,29.35,20.94,0.0,0.61
2023-07-22,Western Province,-2.15,29.35,20.09,0.0,0.61
2023-07-23,Western Province,-2.15,29.35,20.52,0.0,0.6
2023-07-24,Western Province,-2.15,29.35,21.01,0.0,0.6
2023-07-25,Western Province,-2.15,29.35,21.53,0.0,0.6
2023-07-26,Western Province,-2.15,29.35,20.48,0.0,0.6
2023-07-27,Western Province,-2.15,29.35,19.42,0.0,0.6
2023-07-28,Western Province,-2.15,29.35,20.49,0.0,0.6
2023-07-29,Western Province,-2.15,29.35,21.75,0.02,0.59
2023-07-30,Western Province,-2.15,29.35,22.31,0.01,0.59
2023-07-31,Western Province,-2.15,29.35,22.12,0.13,0.59
2023-08-01,Western Province,-2.15,29.35,21.51,0.02,0.59
2023-08-02,Western Province,-2.15,29.35,20.46,0.02,0.59
2023-08-03,Western Province,-2.15,29.35,19.71,0.25,0.59
2023-08-04,Western Province,-2.15,29.35,19.36,0.17,0.59
2023-08-05,Western Province,-2.15,29.35,20.06,0.04,0.58
2023-08-06,Western Province,-2.15,29.35,19.96,0.07,0.58
2023-08-07,Western Province,-2.15,29.35,20.1,0.07,0.58
2023-08-08,Western Province,-2.15,29.35,20.3,0.02,0.58
2023-08-09,Western Province,-2.15,29.35,20.58,0.0,0.58
2023-08-10,Western Province,-2.15,29.35,21.18,0.0,0.58
2023-08-11,Western Province,-2.15,29.35,21.49,0.0,0.58
2023-08-12,Western Province,-2.15,29.35,21.47,0.0,0.58
2023-08-13,Western Province,-2.15,29.35,21.71,0.0,0.57
2023-08-14,Western Province,-2.15,29.35,21.43,0.01,0.57
2023-08-15,Western Province,-2.15,29.35,21.04,0.0,0.57
2023-08-16,Western Province,-2.15,29.35,22.14,0.0,0.57
2023-08-17,Western Province,-2.15,29.35,22.38,0.0,0.57
2023-08-18,Western Province,-2.15,29.35,22.26,0.0,0.57
2023-08-19,Western Province,-2.15,29.35,22.86,0.1,0.57
2023-08-20,Western Province,-2.15,29.35,22.43,0.12,0.57
2023-08-21,Western Province,-2.15,29.35,23.15,0.0,0.57
2023-08-22,Western Province,-2.15,29.35,23.52,0.01,0.56
2023-08-23,Western Province,-2.15,29.35,23.41,0.0,0.56
2023-08-24,Western Province,-2.15,29.35,23.13,0.05,0.56
2023-08-25,Western Province,-2.15,29.35,23.32,0.26,0.56
2023-08-26,Western Province,-2.15,29.35,23.54,0.2,0.56
2023-08-27,Western Province,-2.15,29.35,23.28,0.04,0.56
2023-08-28,Western Province,-2.15,29.35,22.03,0.0,0.56
2023-08-29,Western Province,-2.15,29.35,20.93,0.12,0.56
2023-08-30,Western Province,-2.15,29.35,21.18,0.51,0.56
2023-08-31,Western Province,-2.15,29.35,22.03,0.33,0.55
2023-09-01,Western Province,-2.15,29.35,22.45,0.23,0.55
2023-09-02,Western Province,-2.15,29.35,22.7,0.62,0.55
2023-09-03,Western Province,-2.15,29.35,23.27,0.54,0.55
2023-09-04,Western Province,-2.15,29.35,22.7,0.73,0.55
2023-09-05,Western Province,-2.15,29.35,22.45,0.98,0.55
2023-09-06,Western Province,-2.15,29.35,20.54,1.04,0.55
2023-09-07,Western Province,-2.15,29.35,19.29,1.64,0.55
2023-09-08,Western Province,-2.15,29.35,20.79,0.67,0.55
2023-09-09,Western Province,-2.15,29.35,20.98,4.57,0.55
2023-09-10,Western Province,-2.15,29.35,19.45,3.05,0.55
2023-09-11,Western Province,-2.15,29.35,19.8,2.11,0.56
2023-09-12,Western Province,-2.15,29.35,21.09,2.15,0.56
2023-09-13,Western Province,-2.15,29.35,22.05,2.47,0.56
2023-09-14,Western Province,-2.15,29.35,21.88,1.18,0.56
2023-09-15,Western Province,-2.15,29.35,22.15,0.53,0.56
2023-09-16,Western Province,-2.15,29.35,19.63,1.28,0.55
2023-09-17,Western Province,-2.15,29.35,21.62,1.09,0.55
2023-09-18,Western Province,-2.15,29.35,21.98,1.26,0.55
2023-09-19,Western Province,-2.15,29.35,20.78,2.01,0.55
2023-09-20,Western Province,-2.15,29.35,22.1,0.39,0.55
2023-09-21,Western Province,-2.15,29.35,21.57,0.7,0.55
2023-09-22,Western Province,-2.15,29.35,21.97,0.48,0.55
2023-09-23,Western Province,-2.15,29.35,22.02,5.14,0.55
2023-09-24,Western Province,-2.15,29.35,22.71,2.5,0.55
2023-09-25,Western Province,-2.15,29.35,22.95,5.04,0.56
2023-09-26,Western Province,-2.15,29.35,22.25,6.3,0.56
2023-09-27,Western Province,-2.15,29.35,21.39,3.68,0.56
2023-09-28,Western Province,-2.15,29.35,21.3,1.04,0.56
2023-09-29,Western Province,-2.15,29.35,21.56,0.69,0.56
2023-09-30,Western Province,-2.15,29.35,23.12,0.29,0.56
2023-10-01,Western Province,-2.15,29.35,23.81,0.48,0.56
2023-10-02,Western Province,-2.15,29.35,22.56,1.61,0.56
2023-10-03,Western Province,-2.15,29.35,22.27,0.0,0.56
2023-10-04,Western Province,-2.15,29.35,21.82,0.01,0.55
2023-10-05,Western Province,-2.15,29.35,21.78,0.09,0.55
2023-10-06,Western Province,-2.15,29.35,22.27,0.01,0.55
2023-10-07,Western Province,-2.15,29.35,21.99,0.05,0.55
2023-10-08,Western Province,-2.15,29.35,23.5,0.84,0.55
2023-10-09,Western Province,-2.15,29.35,23.06,1.87,0.55
2023-10-10,Western Province,-2.15,29.35,22.44,1.12,0.55
2023-10-11,Western Province,-2.15,29.35,21.12,6.26,0.55
2023-10-12,Western Province,-2.15,29.35,21.81,2.31,0.55
2023-10-13,Western Province,-2.15,29.35,22.12,1.35,0.55
2023-10-14,Western Province,-2.15,29.35,23.54,0.85,0.55
2023-10-15,Western Province,-2.15,29.35,22.15,16.23,0.56
2023-10-16,Western Province,-2.15,29.35,20.18,1.18,0.56
2023-10-17,Western Province,-2.15,29.35,21.8,4.81,0.56
2023-10-18,Western Province,-2.15,29.35,21.84,1.75,0.57
2023-10-19,Western Province,-2.15,29.35,20.61,2.13,0.57
2023-10-20,Western Province,-2.15,29.35,20.78,0.96,0.57
2023-10-21,Western Province,-2.15,29.35,21.53,0.48,0.56
2023-10-22,Western Province,-2.15,29.35,22.39,0.33,0.56
2023-10-23,Western Province,-2.15,29.35,22.83,2.52,0.56
2023-10-24,Western Province,-2.15,29.35,23.07,0.87,0.56
2023-10-25,Western Province,-2.15,29.35,21.24,2.17,0.56
2023-10-26,Western Province,-2.15,29.35,22.08,1.02,0.56
2023-10-27,Western Province,-2.15,29.35,21.32,2.21,0.56
2023-10-28,Western Province,-2.15,29.35,22.2,1.32,0.56
2023-10-29,Western Province,-2.15,29.35,20.43,10.48,0.56
2023-10-30,Western Province,-2.15,29.35,21.65,1.12,0.57
2023-10-31,Western Province,-2.15,29.35,21.49,1.21,0.57
2023-11-01,Western Province,-2.15,29.35,22.33,1.68,0.57
2023-11-02,Western Province,-2.15,29.35,19.9,5.27,0.57
2023-11-03,Western Province,-2.15,29.35,19.43,13.09,0.58
2023-11-04,Western Province,-2.15,29.35,19.56,6.68,0.58
2023-11-05,Western Province,-2.15,29.35,20.33,3.11,0.58
2023-11-06,Western Province,-2.15,29.35,20.71,8.21,0.59
2023-11-07,Western Province,-2.15,29.35,20.63,0.88,0.59
2023-11-08,Western Province,-2.15,29.35,21.44,0.69,0.58
2023-11-09,Western Province,-2.15,29.35,21.29,3.31,0.58
2023-11-10,Western Province,-2.15,29.35,21.73,1.17,0.58
2023-11-11,Western Province,-2.15,29.35,20.3,2.89,0.58
2023-11-12,Western Province,-2.15,29.35,20.77,4.03,0.58
2023-11-13,Western Province,-2.15,29.35,20.27,9.98,0.59
2023-11-14,Western Province,-2.15,29.35,20.49,5.15,0.59
2023-11-15,Western Province,-2.15,29.35,20.2,2.36,0.59
2023-11-16,Western Province,-2.15,29.35,20.66,5.29,0.59
2023-11-17,Western Province,-2.15,29.35,19.78,1.46,0.6
2023-11-18,Western Province,-2.15,29.35,20.77,1.31,0.6
2023-11-19,Western Province,-2.15,29.35,21.21,1.07,0.59
2023-11-20,Western Province,-2.15,29.35,20.75,2.97,0.59
2023-11-21,Western Province,-2.15,29.35,20.91,1.63,0.59
2023-11-22,Western Province,-2.15,29.35,20.22,3.23,0.59
2023-11-23,Western Province,-2.15,29.35,19.68,1.8,0.59
2023-11-24,Western Province,-2.15,29.35,20.08,2.2,0.59
2023-11-25,Western Province,-2.15,29.35,19.97,9.84,0.59
2023-11-26,Western Province,-2.15,29.35,19.48,4.71,0.6
2023-11-27,Western Province,-2.15,29.35,19.68,16.25,0.6
2023-11-28,Western Province,-2.15,29.35,20.54,10.43,0.61
2023-11-29,Western Province,-2.15,29.35,19.62,42.48,0.63
2023-11-30,Western Province,-2.15,29.35,19.9,16.08,0.65
2023-12-01,Western Province,-2.15,29.35,19.35,10.54,0.66
2023-12-02,Western Province,-2.15,29.35,20.66,4.3,0.66
2023-12-03,Western Province,-2.15,29.35,20.34,10.6,0.66
2023-12-04,Western Province,-2.15,29.35,20.24,11.18,0.67
2023-12-05,Western Province,-2.15,29.35,20.17,15.05,0.68
2023-12-06,Western Province,-2.15,29.35,20.45,3.25,0.68
2023-12-07,Western Province,-2.15,29.35,20.54,0.68,0.68
2023-12-08,Western Province,-2.15,29.35,20.67,1.01,0.67
2023-12-09,Western Province,-2.15,29.35,20.3,2.27,0.67
2023-12-10,Western Province,-2.15,29.35,19.34,1.7,0.67
2023-12-11,Western Province,-2.15,29.35,20.37,1.78,0.67
2023-12-12,Western Province,-2.15,29.35,20.74,0.7,0.67
2023-12-13,Western Province,-2.15,29.35,20.84,0.93,0.67
2023-12-14,Western Province,-2.15,29.35,20.67,0.38,0.67
2023-12-15,Western Province,-2.15,29.35,21.47,0.16,0.66
2023-12-16,Western Province,-2.15,29.35,21.23,0.44,0.66
2023-12-17,Western Province,-2.15,29.35,21.43,0.6,0.66
2023-12-18,Western Province,-2.15,29.35,22.06,0.51,0.66
2023-12-19,Western Province,-2.15,29.35,21.21,1.44,0.66
2023-12-20,Western Province,-2.15,29.35,21.44,1.47,0.65
2023-12-21,Western Province,-2.15,29.35,21.55,2.44,0.65
2023-12-22,Western Province,-2.15,29.35,21.76,2.89,0.65
2023-12-23,Western Province,-2.15,29.35,22.16,1.27,0.65
2023-12-24,Western Province,-2.15,29.35,22.14,0.97,0.65
2023-12-25,Western Province,-2.15,29.35,22.08,2.39,0.65
2023-12-26,Western Province,-2.15,29.35,20.36,18.32,0.65
2023-12-27,Western Province,-2.15,29.35,18.77,8.8,0.66
2023-12-28,Western Province,-2.15,29.35,21.6,0.62,0.66
2023-12-29,Western Province,-2.15,29.35,21.35,1.21,0.66
2023-12-30,Western Province,-2.15,29.35,19.65,10.47,0.66
2023-12-31,Western Province,-2.15,29.35,19.26,3.42,0.67
2024-01-01,Western Province,-2.15,29.35,20.82,0.48,0.66
2024-01-02,Western Province,-2.15,29.35,19.89,2.1,0.66
2024-01-03,Western Province,-2.15,29.35,18.99,1.53,0.66
2024-01-04,Western Province,-2.15,29.35,20.05,0.91,0.66
2024-01-05,Western Province,-2.15,29.35,19.66,2.63,0.66
2024-01-06,Western Province,-2.15,29.35,19.59,0.55,0.66
2024-01-07,Western Province,-2.15,29.35,20.58,0.64,0.66
2024-01-08,Western Province,-2.15,29.35,21.3,0.36,0.66
2024-01-09,Western Province,-2.15,29.35,20.86,0.62,0.66
2024-01-10,Western Province,-2.15,29.35,19.66,2.96,0.65
2024-01-11,Western Province,-2.15,29.35,19.37,47.68,0.67
2024-01-12,Western Province,-2.15,29.35,19.4,56.85,0.71
2024-01-13,Western Province,-2.15,29.35,19.34,17.13,0.72
2024-01-14,Western Province,-2.15,29.35,20.32,7.72,0.72
2024-01-15,Western Province,-2.15,29.35,20.04,3.01,0.72
2024-01-16,Western Province,-2.15,29.35,19.85,1.13,0.72
2024-01-17,Western Province,-2.15,29.35,19.88,2.69,0.72
2024-01-18,Western Province,-2.15,29.35,19.78,3.18,0.72
2024-01-19,Western Province,-2.15,29.35,20.0,3.55,0.72
2024-01-20,Western Province,-2.15,29.35,20.65,1.92,0.72
2024-01-21,Western Province,-2.15,29.35,19.55,0.56,0.72
2024-01-22,Western Province,-2.15,29.35,21.04,1.84,0.72
2024-01-23,Western Province,-2.15,29.35,21.29,4.12,0.71
2024-01-24,Western Province,-2.15,29.35,19.86,2.88,0.71
2024-01-25,Western Province,-2.15,29.35,20.61,1.71,0.71
2024-01-26,Western Province,-2.15,29.35,20.8,1.48,0.71
2024-01-27,Western Province,-2.15,29.35,21.55,1.01,0.71
2024-01-28,Western Province,-2.15,29.35,21.76,1.13,0.71
2024-01-29,Western Province,-2.15,29.35,21.4,1.17,0.7
2024-01-30,Western Province,-2.15,29.35,20.6,8.52,0.71
2024-01-31,Western Province,-2.15,29.35,20.86,7.19,0.71
2024-02-01,Western Province,-2.15,29.35,19.73,2.26,0.71
2024-02-02,Western Province,-2.15,29.35,20.61,6.29,0.71
2024-02-03,Western Province,-2.15,29.35,20.61,4.32,0.71
2024-02-04,Western Province,-2.15,29.35,21.35,1.59,0.71
2024-02-05,Western Province,-2.15,29.35,21.65,1.23,0.71
2024-02-06,Western Province,-2.15,29.35,20.73,0.76,0.71
2024-02-07,Western Province,-2.15,29.35,21.51,0.25,0.7
2024-02-08,Western Province,-2.15,29.35,21.43,0.12,0.7
2024-02-09,Western Province,-2.15,29.35,21.76,0.88,0.7
2024-02-10,Western Province,-2.15,29.35,22.17,2.32,0.69
2024-02-11,Western Province,-2.15,29.35,21.85,0.92,0.69
2024-02-12,Western Province,-2.15,29.35,21.95,0.28,0.69
2024-02-13,Western Province,-2.15,29.35,21.65,0.99,0.69
2024-02-14,Western Province,-2.15,29.35,20.8,9.37,0.69
2024-02-15,Western Province,-2.15,29.35,20.74,3.36,0.69
2024-02-16,Western Province,-2.15,29.35,21.19,0.16,0.69
2024-02-17,Western Province,-2.15,29.35,21.63,1.69,0.69
2024-02-18,Western Province,-2.15,29.35,22.67,1.56,0.69
2024-02-19,Western Province,-2.15,29.35,22.76,1.93,0.68
2024-02-20,Western Province,-2.15,29.35,22.7,1.38,0.68
2024-02-21,Western Province,-2.15,29.35,22.24,0.5,0.68
2024-02-22,Western Province,-2.15,29.35,22.77,0.12,0.68
2024-02-23,Western Province,-2.15,29.35,23.18,0.28,0.67
2024-02-24,Western Province,-2.15,29.35,22.12,0.21,0.67
2024-02-25,Western Province,-2.15,29.35,21.13,4.68,0.67
2024-02-26,Western Province,-2.15,29.35,20.51,6.87,0.67
2024-02-27,Western Province,-2.15,29.35,19.89,4.99,0.67
2024-02-28,Western Province,-2.15,29.35,20.39,16.03,0.68
2024-02-29,Western Province,-2.15,29.35,20.87,1.38,0.68
2024-03-01,Western Province,-2.15,29.35,20.84,15.56,0.68
2024-03-02,Western Province,-2.15,29.35,20.31,7.5,0.69
2024-03-03,Western Province,-2.15,29.35,21.03,3.64,0.69
2024-03-04,Western Province,-2.15,29.35,20.43,11.04,0.7
2024-03-05,Western Province,-2.15,29.35,20.27,3.84,0.7
2024-03-06,Western Province,-2.15,29.35,20.09,1.22,0.7
2024-03-07,Western Province,-2.15,29.35,20.92,0.91,0.7
2024-03-08,Western Province,-2.15,29.35,21.01,1.69,0.69
2024-03-09,Western Province,-2.15,29.35,20.7,5.7,0.69
2024-03-10,Western Province,-2.15,29.35,21.31,11.53,0.69
2024-03-11,Western Province,-2.15,29.35,21.91,1.47,0.7
2024-03-12,Western Province,-2.15,29.35,22.16,0.06,0.69
2024-03-13,Western Province,-2.15,29.35,21.99,0.01,0.69
2024-03-14,Western Province,-2.15,29.35,21.46,0.03,0.69
2024-03-15,Western Province,-2.15,29.35,21.34,0.01,0.68
2024-03-16,Western Province,-2.15,29.35,21.42,0.06,0.68
2024-03-17,Western Province,-2.15,29.35,21.98,0.04,0.68
2024-03-18,Western Province,-2.15,29.35,22.29,0.04,0.67
2024-03-19,Western Province,-2.15,29.35,22.19,0.09,0.67
2024-03-20,Western Province,-2.15,29.35,21.82,0.6,0.67
2024-03-21,Western Province,-2.15,29.35,20.95,0.62,0.67
2024-03-22,Western Province,-2.15,29.35,20.8,0.47,0.66
2024-03-23,Western Province,-2.15,29.35,21.49,0.65,0.66
2024-03-24,Western Province,-2.15,29.35,21.45,1.11,0.66
2024-03-25,Western Province,-2.15,29.35,21.59,0.37,0.66
2024-03-26,Western Province,-2.15,29.35,20.45,1.62,0.66
2024-03-27,Western Province,-2.15,29.35,21.13,2.77,0.66
2024-03-28,Western Province,-2.15,29.35,21.95,6.66,0.66
2024-03-29,Western Province,-2.15,29.35,21.87,3.41,0.66
2024-03-30,Western Province,-2.15,29.35,21.88,16.31,0.67
2024-03-31,Western Province,-2.15,29.35,20.26,36.27,0.68
2024-04-01,Western Province,-2.15,29.35,21.18,3.53,0.69
2024-04-02,Western Province,-2.15,29.35,19.78,7.34,0.69
2024-04-03,Western Province,-2.15,29.35,19.27,2.04,0.69
2024-04-04,Western Province,-2.15,29.35,19.9,2.29,0.69
2024-04-05,Western Province,-2.15,29.35,20.7,0.51,0.69
2024-04-06,Western Province,-2.15,29.35,20.76,2.85,0.69
2024-04-07,Western Province,-2.15,29.35,20.84,5.58,0.69
2024-04-08,Western Province,-2.15,29.35,20.8,1.66,0.69
2024-04-09,Western Province,-2.15,29.35,20.1,3.05,0.69
2024-04-10,Western Province,-2.15,29.35,20.71,0.52,0.69
2024-04-11,Western Province,-2.15,29.35,20.91,2.62,0.69
2024-04-12,Western Province,-2.15,29.35,21.77,4.6,0.69
2024-04-13,Western Province,-2.15,29.35,21.17,14.65,0.69
2024-04-14,Western Province,-2.15,29.35,19.69,13.71,0.7
2024-04-15,Western Province,-2.15,29.35,20.28,17.13,0.71
2024-04-16,Western Province,-2.15,29.35,20.84,0.71,0.71
2024-04-17,Western Province,-2.15,29.35,21.1,0.34,0.71
2024-04-18,Western Province,-2.15,29.35,20.9,0.51,0.7
2024-04-19,Western Province,-2.15,29.35,20.58,0.56,0.7
2024-04-20,Western Province,-2.15,29.35,20.25,2.05,0.7
2024-04-21,Western Province,-2.15,29.35,20.94,4.5,0.7
2024-04-22,Western Province,-2.15,29.35,20.41,3.09,0.7
2024-04-23,Western Province,-2.15,29.35,20.79,3.75,0.7
2024-04-24,Western Province,-2.15,29.35,20.7,7.0,0.7
2024-04-25,Western Province,-2.15,29.35,19.75,3.8,0.7
2024-04-26,Western Province,-2.15,29.35,19.4,11.75,0.71
2024-04-27,Western Province,-2.15,29.35,21.12,2.87,0.71
2024-04-28,Western Province,-2.15,29.35,19.91,13.4,0.71
2024-04-29,Western Province,-2.15,29.35,20.93,11.99,0.72
2024-04-30,Western Province,-2.15,29.35,20.83,16.67,0.72
2024-05-01,Western Province,-2.15,29.35,21.06,13.7,0.73
2024-05-02,Western Province,-2.15,29.35,20.44,11.34,0.74
2024-05-03,Western Province,-2.15,29.35,20.24,11.31,0.74
2024-05-04,Western Province,-2.15,29.35,19.35,6.09,0.75
2024-05-05,Western Province,-2.15,29.35,20.62,0.34,0.74
2024-05-06,Western Province,-2.15,29.35,20.54,0.87,0.74
2024-05-07,Western Province,-2.15,29.35,20.84,0.44,0.74
2024-05-08,Western Province,-2.15,29.35,20.82,1.47,0.74
2024-05-09,Western Province,-2.15,29.35,20.66,2.57,0.73
2024-05-10,Western Province,-2.15,29.35,20.13,3.65,0.73
2024-05-11,Western Province,-2.15,29.35,20.8,1.37,0.73
2024-05-12,Western Province,-2.15,29.35,20.87,0.27,0.73
2024-05-13,Western Province,-2.15,29.35,21.01,0.05,0.72
2024-05-14,Western Province,-2.15,29.35,20.8,0.08,0.72
2024-05-15,Western Province,-2.15,29.35,20.83,0.08,0.72
2024-05-16,Western Province,-2.15,29.35,21.1,0.35,0.71
2024-05-17,Western Province,-2.15,29.35,20.98,1.11,0.71
2024-05-18,Western Province,-2.15,29.35,21.0,0.66,0.71
2024-05-19,Western Province,-2.15,29.35,20.82,0.62,0.71
2024-05-20,Western Province,-2.15,29.35,20.39,2.81,0.71
2024-05-21,Western Province,-2.15,29.35,19.65,0.63,0.7
2024-05-22,Western Province,-2.15,29.35,20.22,0.36,0.7
2024-05-23,Western Province,-2.15,29.35,20.2,0.05,0.7
2024-05-24,Western Province,-2.15,29.35,20.14,0.09,0.7
2024-05-25,Western Province,-2.15,29.35,20.65,0.01,0.69
2024-05-26,Western Province,-2.15,29.35,20.89,0.16,0.69
2024-05-27,Western Province,-2.15,29.35,20.77,0.59,0.69
2024-05-28,Western Province,-2.15,29.35,20.72,0.05,0.68
2024-05-29,Western Province,-2.15,29.35,21.21,0.13,0.68
2024-05-30,Western Province,-2.15,29.35,21.07,0.78,0.68
2024-05-31,Western Province,-2.15,29.35,21.45,0.09,0.68
2024-06-01,Western Province,-2.15,29.35,20.84,0.06,0.68
2024-06-02,Western Province,-2.15,29.35,21.41,0.04,0.67
2024-06-03,Western Province,-2.15,29.35,21.17,0.04,0.67
2024-06-04,Western Province,-2.15,29.35,21.16,0.01,0.67
2024-06-05,Western Province,-2.15,29.35,21.15,0.01,0.66
2024-06-06,Western Province,-2.15,29.35,21.12,0.03,0.66
2024-06-07,Western Province,-2.15,29.35,21.43,0.02,0.66
2024-06-08,Western Province,-2.15,29.35,20.84,0.0,0.66
2024-06-09,Western Province,-2.15,29.35,19.72,0.02,0.65
2024-06-10,Western Province,-2.15,29.35,18.72,0.15,0.65
2024-06-11,Western Province,-2.15,29.35,18.57,0.06,0.65
2024-06-12,Western Province,-2.15,29.35,18.97,0.02,0.65
2024-06-13,Western Province,-2.15,29.35,20.3,0.0,0.65
2024-06-14,Western Province,-2.15,29.35,20.88,0.04,0.64
2024-06-15,Western Province,-2.15,29.35,21.08,1.47,0.64
2024-06-16,Western Province,-2.15,29.35,19.26,7.41,0.64
2024-06-17,Western Province,-2.15,29.35,19.67,0.53,0.64
2024-06-18,Western Province,-2.15,29.35,20.08,0.0,0.64
2024-06-19,Western Province,-2.15,29.35,20.44,0.04,0.64
2024-06-20,Western Province,-2.15,29.35,19.9,0.44,0.64
2024-06-21,Western Province,-2.15,29.35,19.68,0.74,0.64
2024-06-22,Western Province,-2.15,29.35,19.74,0.37,0.63
2024-06-23,Western Province,-2.15,29.35,20.31,0.32,0.63
2024-06-24,Western Province,-2.15,29.35,19.56,0.12,0.63
2024-06-25,Western Province,-2.15,29.35,18.67,0.0,0.63
2024-06-26,Western Province,-2.15,29.35,18.63,0.0,0.63
2024-06-27,Western Province,-2.15,29.35,18.93,0.0,0.62
2024-06-28,Western Province,-2.15,29.35,18.87,0.0,0.62
2024-06-29,Western Province,-2.15,29.35,20.14,0.0,0.62
2024-06-30,Western Province,-2.15,29.35,20.13,0.0,0.62
2024-07-01,Western Province,-2.15,29.35,19.96,0.0,0.62
2024-07-02,Western Province,-2.15,29.35,20.32,0.0,0.61
2024-07-03,Western Province,-2.15,29.35,20.94,0.0,0.61
2024-07-04,Western Province,-2.15,29.35,21.3,0.0,0.61
2024-07-05,Western Province,-2.15,29.35,21.71,0.09,0.61
2024-07-06,Western Province,-2.15,29.35,21.16,0.22,0.61
2024-07-07,Western Province,-2.15,29.35,20.97,0.56,0.61
2024-07-08,Western Province,-2.15,29.35,20.51,3.01,0.61
2024-07-09,Western Province,-2.15,29.35,20.53,4.67,0.61
2024-07-10,Western Province,-2.15,29.35,21.06,0.2,0.61
2024-07-11,Western Province,-2.15,29.35,20.25,0.09,0.61
2024-07-12,Western Province,-2.15,29.35,20.71,0.01,0.6
2024-07-13,Western Province,-2.15,29.35,20.95,0.17,0.6
2024-07-14,Western Province,-2.15,29.35,21.48,0.04,0.6
2024-07-15,Western Province,-2.15,29.35,21.87,0.01,0.6
2024-07-16,Western Province,-2.15,29.35,20.91,0.16,0.6
2024-07-17,Western Province,-2.15,29.35,21.11,0.29,0.6
2024-07-18,Western Province,-2.15,29.35,22.05,0.04,0.6
2024-07-19,Western Province,-2.15,29.35,21.23,0.09,0.59
2024-07-20,Western Province,-2.15,29.35,20.68,0.16,0.59
2024-07-21,Western Province,-2.15,29.35,21.16,0.15,0.59
2024-07-22,Western Province,-2.15,29.35,20.39,0.4,0.59
2024-07-23,Western Province,-2.15,29.35,19.9,0.0,0.59
2024-07-24,Western Province,-2.15,29.35,20.94,0.0,0.59
2024-07-25,Western Province,-2.15,29.35,21.88,0.51,0.59
2024-07-26,Western Province,-2.15,29.35,21.74,0.38,0.59
2024-07-27,Western Province,-2.15,29.35,22.11,0.07,0.58
2024-07-28,Western Province,-2.15,29.35,22.72,0.07,0.58
2024-07-29,Western Province,-2.15,29.35,21.9,0.9,0.58
2024-07-30,Western Province,-2.15,29.35,22.04,0.2,0.58
2024-07-31,Western Province,-2.15,29.35,21.35,0.02,0.58
2024-08-01,Western Province,-2.15,29.35,20.97,0.0,0.58
2024-08-02,Western Province,-2.15,29.35,21.13,0.0,0.58
2024-08-03,Western Province,-2.15,29.35,21.7,0.0,0.58
2024-08-04,Western Province,-2.15,29.35,21.99,0.03,0.57
2024-08-05,Western Province,-2.15,29.35,22.18,0.0,0.57
2024-08-06,Western Province,-2.15,29.35,22.21,0.0,0.57
2024-08-07,Western Province,-2.15,29.35,22.15,0.0,0.57
2024-08-08,Western Province,-2.15,29.35,22.77,0.01,0.57
2024-08-09,Western Province,-2.15,29.35,22.65,1.1,0.57
2024-08-10,Western Province,-2.15,29.35,21.98,1.44,0.57
2024-08-11,Western Province,-2.15,29.35,22.55,0.46,0.57
2024-08-12,Western Province,-2.15,29.35,22.8,0.47,0.57
2024-08-13,Western Province,-2.15,29.35,22.45,0.5,0.57
2024-08-14,Western Province,-2.15,29.35,21.3,1.94,0.56
2024-08-15,Western Province,-2.15,29.35,20.82,3.38,0.56
2024-08-16,Western Province,-2.15,29.35,21.22,1.94,0.57
2024-08-17,Western Province,-2.15,29.35,21.61,0.99,0.57
2024-08-18,Western Province,-2.15,29.35,21.31,0.09,0.56
2024-08-19,Western Province,-2.15,29.35,22.12,0.01,0.56
2024-08-20,Western Province,-2.15,29.35,22.47,0.08,0.56
2024-08-21,Western Province,-2.15,29.35,20.77,0.1,0.56
2024-08-22,Western Province,-2.15,29.35,20.61,0.1,0.56
2024-08-23,Western Province,-2.15,29.35,21.87,0.03,0.56
2024-08-24,Western Province,-2.15,29.35,21.49,0.25,0.56
2024-08-25,Western Province,-2.15,29.35,21.65,0.17,0.56
2024-08-26,Western Province,-2.15,29.35,21.41,0.6,0.56
2024-08-27,Western Province,-2.15,29.35,21.63,0.63,0.56
2024-08-28,Western Province,-2.15,29.35,22.03,0.51,0.56
2024-08-29,Western Province,-2.15,29.35,22.74,0.89,0.55
2024-08-30,Western Province,-2.15,29.35,21.51,0.45,0.55
2024-08-31,Western Province,-2.15,29.35,22.24,0.47,0.55
2024-09-01,Western Province,-2.15,29.35,21.34,1.07,0.55
2024-09-02,Western Province,-2.15,29.35,21.02,0.56,0.55
2024-09-03,Western Province,-2.15,29.35,21.93,0.17,0.55
2024-09-04,Western Province,-2.15,29.35,22.32,0.1,0.55
2024-09-05,Western Province,-2.15,29.35,22.07,0.23,0.55
2024-09-06,Western Province,-2.15,29.35,21.91,0.32,0.55
2024-09-07,Western Province,-2.15,29.35,22.23,0.2,0.55
2024-09-08,Western Province,-2.15,29.35,22.61,0.07,0.55
2024-09-09,Western Province,-2.15,29.35,23.48,0.08,0.55
2024-09-10,Western Province,-2.15,29.35,23.41,0.14,0.55
2024-09-11,Western Province,-2.15,29.35,23.48,0.08,0.54
2024-09-12,Western Province,-2.15,29.35,23.73,0.0,0.54
2024-09-13,Western Province,-2.15,29.35,23.8,0.0,0.54
2024-09-14,Western Province,-2.15,29.35,23.23,0.0,0.54
2024-09-15,Western Province,-2.15,29.35,22.88,0.0,0.54
2024-09-16,Western Province,-2.15,29.35,24.11,0.0,0.54
2024-09-17,Western Province,-2.15,29.35,22.99,0.11,0.54
2024-09-18,Western Province,-2.15,29.35,23.19,0.63,0.54
2024-09-19,Western Province,-2.15,29.35,22.74,1.73,0.54
2024-09-20,Western Province,-2.15,29.35,20.93,8.25,0.54
2024-09-21,Western Province,-2.15,29.35,22.17,1.67,0.54
2024-09-22,Western Province,-2.15,29.35,21.63,3.49,0.54
2024-09-23,Western Province,-2.15,29.35,22.41,0.31,0.55
2024-09-24,Western Province,-2.15,29.35,22.2,0.0,0.54
2024-09-25,Western Province,-2.15,29.35,22.48,0.51,0.54
2024-09-26,Western Province,-2.15,29.35,23.1,0.2,0.54
2024-09-27,Western Province,-2.15,29.35,24.58,0.18,0.54
2024-09-28,Western Province,-2.15,29.35,23.92,1.33,0.54
2024-09-29,Western Province,-2.15,29.35,20.54,9.34,0.54
2024-09-30,Western Province,-2.15,29.35,20.6,15.99,0.55
2024-10-01,Western Province,-2.15,29.35,21.51,12.7,0.56
2024-10-02,Western Province,-2.15,29.35,21.0,21.87,0.58
2024-10-03,Western Province,-2.15,29.35,21.11,2.06,0.58
2024-10-04,Western Province,-2.15,29.35,20.7,0.01,0.58
2024-10-05,Western Province,-2.15,29.35,20.85,0.3,0.58
2024-10-06,Western Province,-2.15,29.35,21.5,6.96,0.57
2024-10-07,Western Province,-2.15,29.35,19.9,9.54,0.58
2024-10-08,Western Province,-2.15,29.35,19.9,2.78,0.59
2024-10-09,Western Province,-2.15,29.35,20.73,1.4,0.59
2024-10-10,Western Province,-2.15,29.35,20.47,2.89,0.58
2024-10-11,Western Province,-2.15,29.35,18.63,9.88,0.59
2024-10-12,Western Province,-2.15,29.35,19.46,2.24,0.59
2024-10-13,Western Province,-2.15,29.35,21.18,0.53,0.59
2024-10-14,Western Province,-2.15,29.35,22.67,0.56,0.59
2024-10-15,Western Province,-2.15,29.35,21.48,2.16,0.59
2024-10-16,Western Province,-2.15,29.35,21.75,1.81,0.59
2024-10-17,Western Province,-2.15,29.35,19.99,6.45,0.59
2024-10-18,Western Province,-2.15,29.35,21.22,5.92,0.59
2024-10-19,Western Province,-2.15,29.35,20.45,21.15,0.6
2024-10-20,Western Province,-2.15,29.35,19.88,35.04,0.62
2024-10-21,Western Province,-2.15,29.35,20.02,60.01,0.65
2024-10-22,Western Province,-2.15,29.35,20.69,17.92,0.67
2024-10-23,Western Province,-2.15,29.35,21.6,1.44,0.68
2024-10-24,Western Province,-2.15,29.35,21.75,2.61,0.67
2024-10-25,Western Province,-2.15,29.35,21.37,1.99,0.67
2024-10-26,Western Province,-2.15,29.35,20.95,9.52,0.67
2024-10-27,Western Province,-2.15,29.35,20.57,1.62,0.68
2024-10-28,Western Province,-2.15,29.35,21.61,1.33,0.68
2024-10-29,Western Province,-2.15,29.35,21.92,0.87,0.67
2024-10-30,Western Province,-2.15,29.35,22.37,0.96,0.67
2024-10-31,Western Province,-2.15,29.35,22.03,2.05,0.67
2024-11-01,Western Province,-2.15,29.35,21.08,2.79,0.67
2024-11-02,Western Province,-2.15,29.35,19.84,5.12,0.67
2024-11-03,Western Province,-2.15,29.35,20.99,2.61,0.67
2024-11-04,Western Province,-2.15,29.35,21.35,0.53,0.67
2024-11-05,Western Province,-2.15,29.35,20.63,1.67,0.67
2024-11-06,Western Province,-2.15,29.35,20.53,3.05,0.67
2024-11-07,Western Province,-2.15,29.35,19.28,18.29,0.67
2024-11-08,Western Province,-2.15,29.35,19.16,2.13,0.68
2024-11-09,Western Province,-2.15,29.35,20.71,0.8,0.68
2024-11-10,Western Province,-2.15,29.35,20.63,1.39,0.67
2024-11-11,Western Province,-2.15,29.35,20.12,3.62,0.67
2024-11-12,Western Province,-2.15,29.35,20.0,2.92,0.67
2024-11-13,Western Province,-2.15,29.35,21.05,0.91,0.67
2024-11-14,Western Province,-2.15,29.35,20.22,1.95,0.67
2024-11-15,Western Province,-2.15,29.35,20.46,3.07,0.67
2024-11-16,Western Province,-2.15,29.35,19.72,19.9,0.68
2024-11-17,Western Province,-2.15,29.35,19.44,3.55,0.68
2024-11-18,Western Province,-2.15,29.35,20.28,0.89,0.68
2024-11-19,Western Province,-2.15,29.35,21.71,0.74,0.68
2024-11-20,Western Province,-2.15,29.35,21.44,2.72,0.68
2024-11-21,Western Province,-2.15,29.35,20.36,14.01,0.68
2024-11-22,Western Province,-2.15,29.35,20.69,16.3,0.69
2024-11-23,Western Province,-2.15,29.35,19.19,9.95,0.7
2024-11-24,Western Province,-2.15,29.35,20.13,14.51,0.7
2024-11-25,Western Province,-2.15,29.35,19.74,13.69,0.71
2024-11-26,Western Province,-2.15,29.35,19.07,9.7,0.72
2024-11-27,Western Province,-2.15,29.35,19.31,8.74,0.72
2024-11-28,Western Province,-2.15,29.35,20.0,16.36,0.73
2024-11-29,Western Province,-2.15,29.35,19.47,11.85,0.74
2024-11-30,Western Province,-2.15,29.35,19.67,27.33,0.74
2024-12-01,Western Province,-2.15,29.35,18.35,32.6,0.76
2024-12-02,Western Province,-2.15,29.35,18.52,2.61,0.77
2024-12-03,Western Province,-2.15,29.35,18.99,19.45,0.77
2024-12-04,Western Province,-2.15,29.35,18.96,14.1,0.79
2024-12-05,Western Province,-2.15,29.35,19.62,1.9,0.79
2024-12-06,Western Province,-2.15,29.35,19.54,7.2,0.79
2024-12-07,Western Province,-2.15,29.35,19.63,5.05,0.79
2024-12-08,Western Province,-2.15,29.35,20.11,0.29,0.78
2024-12-09,Western Province,-2.15,29.35,20.2,1.18,0.78
2024-12-10,Western Province,-2.15,29.35,20.58,1.55,0.78
2024-12-11,Western Province,-2.15,29.35,20.14,8.82,0.78
2024-12-12,Western Province,-2.15,29.35,20.72,5.47,0.78
2024-12-13,Western Province,-2.15,29.35,20.05,7.7,0.78
2024-12-14,Western Province,-2.15,29.35,20.79,1.55,0.78
2024-12-15,Western Province,-2.15,29.35,20.77,3.54,0.78
2024-12-16,Western Province,-2.15,29.35,20.55,3.44,0.78
2024-12-17,Western Province,-2.15,29.35,20.94,3.42,0.78
2024-12-18,Western Province,-2.15,29.35,20.81,4.39,0.78
2024-12-19,Western Province,-2.15,29.35,19.76,8.47,0.78
2024-12-20,Western Province,-2.15,29.35,19.2,2.94,0.78
2024-12-21,Western Province,-2.15,29.35,19.75,3.77,0.78
2024-12-22,Western Province,-2.15,29.35,20.54,1.99,0.78
2024-12-23,Western Province,-2.15,29.35,20.12,3.17,0.78
2024-12-24,Western Province,-2.15,29.35,20.46,11.94,0.78
2024-12-25,Western Province,-2.15,29.35,20.61,8.96,0.78
2024-12-26,Western Province,-2.15,29.35,20.63,3.34,0.78
2024-12-27,Western Province,-2.15,29.35,20.66,0.8,0.78
2024-12-28,Western Province,-2.15,29.35,20.1,0.09,0.78
2024-12-29,Western Province,-2.15,29.35,21.02,0.18,0.78
2024-12-30,Western Province,-2.15,29.35,20.95,0.02,0.77
2024-12-31,Western Province,-2.15,29.35,21.16,0.09,0.77
2025-01-01,Western Province,-2.15,29.35,20.79,0.07,0.76
2025-01-02,Western Province,-2.15,29.35,19.75,2.24,0.76
2025-01-03,Western Province,-2.15,29.35,20.68,2.01,0.76
2025-01-04,Western Province,-2.15,29.35,20.93,1.87,0.75
2025-01-05,Western Province,-2.15,29.35,20.52,1.17,0.75
2025-01-06,Western Province,-2.15,29.35,20.9,0.09,0.75
2025-01-07,Western Province,-2.15,29.35,20.96,0.29,0.75
2025-01-08,Western Province,-2.15,29.35,21.19,0.13,0.74
2025-01-09,Western Province,-2.15,29.35,21.11,0.62,0.74
2025-01-10,Western Province,-2.15,29.35,20.73,1.69,0.74
2025-01-11,Western Province,-2.15,29.35,20.52,0.99,0.73
2025-01-12,Western Province,-2.15,29.35,20.95,0.13,0.73
2025-01-13,Western Province,-2.15,29.35,21.2,0.58,0.73
2025-01-14,Western Province,-2.15,29.35,21.02,0.58,0.72
2025-01-15,Western Province,-2.15,29.35,21.21,0.03,0.72
2025-01-16,Western Province,-2.15,29.35,20.63,0.31,0.72
2025-01-17,Western Province,-2.15,29.35,21.03,0.26,0.71
2025-01-18,Western Province,-2.15,29.35,21.24,0.71,0.71
2025-01-19,Western Province,-2.15,29.35,21.13,2.11,0.71
2025-01-20,Western Province,-2.15,29.35,20.6,3.57,0.71
2025-01-21,Western Province,-2.15,29.35,20.43,1.88,0.71
2025-01-22,Western Province,-2.15,29.35,19.88,3.75,0.71
2025-01-23,Western Province,-2.15,29.35,18.69,4.87,0.71
2025-01-24,Western Province,-2.15,29.35,19.48,4.16,0.71
2025-01-25,Western Province,-2.15,29.35,18.84,3.81,0.71
2025-01-26,Western Province,-2.15,29.35,17.97,1.58,0.71
2025-01-27,Western Province,-2.15,29.35,18.46,0.26,0.71
2025-01-28,Western Province,-2.15,29.35,18.85,0.24,0.71
2025-01-29,Western Province,-2.15,29.35,19.82,1.41,0.71
2025-01-30,Western Province,-2.15,29.35,19.59,3.73,0.71
2025-01-31,Western Province,-2.15,29.35,20.58,2.12,0.7
2025-02-01,Western Province,-2.15,29.35,20.64,5.71,0.7
2025-02-02,Western Province,-2.15,29.35,20.17,6.07,0.71
2025-02-03,Western Province,-2.15,29.35,20.5,3.43,0.71
2025-02-04,Western Province,-2.15,29.35,21.33,2.0,0.7
2025-02-05,Western Province,-2.15,29.35,21.96,4.11,0.7
2025-02-06,Western Province,-2.15,29.35,22.15,1.32,0.7
2025-02-07,Western Province,-2.15,29.35,21.54,1.73,0.7
2025-02-08,Western Province,-2.15,29.35,20.64,5.1,0.7
2025-02-09,Western Province,-2.15,29.35,21.6,2.83,0.7
2025-02-10,Western Province,-2.15,29.35,22.22,0.79,0.7
2025-02-11,Western Province,-2.15,29.35,22.16,8.8,0.7
2025-02-12,Western Province,-2.15,29.35,21.52,3.59,0.7
2025-02-13,Western Province,-2.15,29.35,22.22,0.33,0.7
2025-02-14,Western Province,-2.15,29.35,21.09,0.69,0.69
2025-02-15,Western Province,-2.15,29.35,22.01,1.41,0.69
2025-02-16,Western Province,-2.15,29.35,22.0,2.63,0.69
2025-02-17,Western Province,-2.15,29.35,21.46,3.46,0.69
2025-02-18,Western Province,-2.15,29.35,21.6,0.88,0.69
2025-02-19,Western Province,-2.15,29.35,22.42,0.06,0.68
2025-02-20,Western Province,-2.15,29.35,22.66,0.04,0.68
2025-02-21,Western Province,-2.15,29.35,22.86,0.36,0.67
2025-02-22,Western Province,-2.15,29.35,22.42,1.39,0.67
2025-02-23,Western Province,-2.15,29.35,22.35,0.7,0.67
2025-02-24,Western Province,-2.15,29.35,22.98,0.15,0.67
2025-02-25,Western Province,-2.15,29.35,23.17,0.08,0.66
2025-02-26,Western Province,-2.15,29.35,23.46,0.0,0.66
2025-02-27,Western Province,-2.15,29.35,23.49,0.0,0.66
2025-02-28,Western Province,-2.15,29.35,23.71,0.0,0.65
2025-03-01,Western Province,-2.15,29.35,23.51,0.0,0.65
2025-03-02,Western Province,-2.15,29.35,23.22,0.37,0.65
2025-03-03,Western Province,-2.15,29.35,23.16,2.06,0.64
2025-03-04,Western Province,-2.15,29.35,22.53,1.11,0.64
2025-03-05,Western Province,-2.15,29.35,22.54,0.6,0.64
2025-03-06,Western Province,-2.15,29.35,23.67,0.13,0.64
2025-03-07,Western Province,-2.15,29.35,23.98,1.28,0.64
2025-03-08,Western Province,-2.15,29.35,22.23,4.14,0.64
2025-03-09,Western Province,-2.15,29.35,21.25,2.3,0.64
2025-03-10,Western Province,-2.15,29.35,20.41,5.96,0.64
2025-03-11,Western Province,-2.15,29.35,20.23,0.86,0.64
2025-03-12,Western Province,-2.15,29.35,20.51,2.5,0.64
2025-03-13,Western Province,-2.15,29.35,21.72,1.65,0.64
2025-03-14,Western Province,-2.15,29.35,22.38,0.83,0.64
2025-03-15,Western Province,-2.15,29.35,21.8,3.89,0.63
2025-03-16,Western Province,-2.15,29.35,20.09,2.51,0.63
2025-03-17,Western Province,-2.15,29.35,21.26,1.88,0.63
2025-03-18,Western Province,-2.15,29.35,21.42,3.26,0.63
2025-03-19,Western Province,-2.15,29.35,19.2,15.07,0.64
2025-03-20,Western Province,-2.15,29.35,20.6,3.19,0.64
2025-03-21,Western Province,-2.15,29.35,21.79,0.95,0.64
2025-03-22,Western Province,-2.15,29.35,21.55,1.14,0.64
2025-03-23,Western Province,-2.15,29.35,21.03,2.75,0.64
2025-03-24,Western Province,-2.15,29.35,21.01,1.37,0.64
2025-03-25,Western Province,-2.15,29.35,21.33,0.78,0.64
2025-03-26,Western Province,-2.15,29.35,22.24,0.91,0.64
2025-03-27,Western Province,-2.15,29.35,20.21,5.75,0.64
2025-03-28,Western Province,-2.15,29.35,19.17,5.6,0.64
2025-03-29,Western Province,-2.15,29.35,20.51,1.74,0.64
2025-03-30,Western Province,-2.15,29.35,20.04,2.35,0.64
2025-03-31,Western Province,-2.15,29.35,21.08,3.75,0.64
2025-04-01,Western Province,-2.15,29.35,20.57,2.47,0.64
2025-04-02,Western Province,-2.15,29.35,21.62,0.73,0.64
2025-04-03,Western Province,-2.15,29.35,21.58,0.57,0.64
2025-04-04,Western Province,-2.15,29.35,21.0,0.9,0.63
2025-04-05,Western Province,-2.15,29.35,21.06,5.72,0.63
2025-04-06,Western Province,-2.15,29.35,21.23,5.07,0.64
2025-04-07,Western Province,-2.15,29.35,20.0,1.19,0.64
2025-04-08,Western Province,-2.15,29.35,20.98,2.43,0.64
2025-04-09,Western Province,-2.15,29.35,21.93,0.46,0.63
2025-04-10,Western Province,-2.15,29.35,22.02,0.72,0.63
2025-04-11,Western Province,-2.15,29.35,20.86,12.59,0.63
2025-04-12,Western Province,-2.15,29.35,20.77,10.81,0.65
2025-04-13,Western Province,-2.15,29.35,19.54,3.58,0.65
2025-04-14,Western Province,-2.15,29.35,19.69,4.53,0.65
2025-04-15,Western Province,-2.15,29.35,20.46,6.44,0.65
2025-04-16,Western Province,-2.15,29.35,20.06,6.64,0.65
2025-04-17,Western Province,-2.15,29.35,21.14,1.29,0.65
2025-04-18,Western Province,-2.15,29.35,20.05,18.19,0.65
2025-04-19,Western Province,-2.15,29.35,19.52,18.61,0.67
2025-04-20,Western Province,-2.15,29.35,18.95,0.74,0.67
2025-04-21,Western Province,-2.15,29.35,20.99,1.94,0.67
2025-04-22,Western Province,-2.15,29.35,20.52,3.12,0.67
2025-04-23,Western Province,-2.15,29.35,20.3,4.65,0.67
2025-04-24,Western Province,-2.15,29.35,19.91,3.11,0.67
2025-04-25,Western Province,-2.15,29.35,20.09,10.86,0.67
2025-04-26,Western Province,-2.15,29.35,20.38,0.61,0.67
2025-04-27,Western Province,-2.15,29.35,20.49,0.25,0.67
2025-04-28,Western Province,-2.15,29.35,20.57,0.17,0.67
2025-04-29,Western Province,-2.15,29.35,20.91,0.86,0.66
2025-04-30,Western Province,-2.15,29.35,20.89,1.07,0.66
2025-05-01,Western Province,-2.15,29.35,21.65,0.83,0.66
2025-05-02,Western Province,-2.15,29.35,20.95,2.61,0.66
2025-05-03,Western Province,-2.15,29.35,20.12,8.13,0.66
2025-05-04,Western Province,-2.15,29.35,19.42,3.4,0.66
2025-05-05,Western Province,-2.15,29.35,19.51,4.36,0.66
2025-05-06,Western Province,-2.15,29.35,19.68,6.66,0.66
2025-05-07,Western Province,-2.15,29.35,19.46,8.2,0.67
2025-05-08,Western Province,-2.15,29.35,19.5,6.27,0.67
2025-05-09,Western Province,-2.15,29.35,19.89,4.12,0.67
2025-05-10,Western Province,-2.15,29.35,19.72,2.34,0.67
2025-05-11,Western Province,-2.15,29.35,20.29,6.39,0.67
2025-05-12,Western Province,-2.15,29.35,19.18,9.68,0.68
2025-05-13,Western Province,-2.15,29.35,19.42,4.18,0.68
2025-05-14,Western Province,-2.15,29.35,19.28,2.1,0.68
2025-05-15,Western Province,-2.15,29.35,19.12,1.51,0.67
2025-05-16,Western Province,-2.15,29.35,19.64,0.41,0.67
2025-05-17,Western Province,-2.15,29.35,20.12,0.22,0.67
2025-05-18,Western Province,-2.15,29.35,19.88,0.12,0.67
2025-05-19,Western Province,-2.15,29.35,20.26,0.55,0.66
2025-05-20,Western Province,-2.15,29.35,19.45,1.32,0.66
2025-05-21,Western Province,-2.15,29.35,20.05,1.43,0.66
2025-05-22,Western Province,-2.15,29.35,20.3,2.24,0.66
2025-05-23,Western Province,-2.15,29.35,20.12,1.77,0.66
2025-05-24,Western Province,-2.15,29.35,19.92,0.59,0.66
2025-05-25,Western Province,-2.15,29.35,19.03,2.27,0.66
2025-05-26,Western Province,-2.15,29.35,19.47,0.22,0.66
2025-05-27,Western Province,-2.15,29.35,20.12,0.42,0.65
2025-05-28,Western Province,-2.15,29.35,20.19,0.68,0.65
2025-05-29,Western Province,-2.15,29.35,20.04,0.42,0.65
2025-05-30,Western Province,-2.15,29.35,19.38,1.05,0.65
2025-05-31,Western Province,-2.15,29.35,19.5,0.4,0.65
2025-06-01,Western Province,-2.15,29.35,19.82,0.0,0.65
2025-06-02,Western Province,-2.15,29.35,19.98,0.09,0.64
2025-06-03,Western Province,-2.15,29.35,20.24,0.72,0.64
2025-06-04,Western Province,-2.15,29.35,18.84,1.53,0.64
2025-06-05,Western Province,-2.15,29.35,19.07,2.22,0.64
2025-06-06,Western Province,-2.15,29.35,19.0,2.14,0.64
2025-06-07,Western Province,-2.15,29.35,19.54,1.24,0.64
2025-06-08,Western Province,-2.15,29.35,19.75,1.86,0.64
2025-06-09,Western Province,-2.15,29.35,20.19,0.22,0.64
2025-06-10,Western Province,-2.15,29.35,20.24,0.05,0.64
2025-06-11,Western Province,-2.15,29.35,20.24,0.0,0.63
2025-06-12,Western Province,-2.15,29.35,20.43,0.0,0.63
2025-06-13,Western Province,-2.15,29.35,19.71,0.0,0.63
2025-06-14,Western Province,-2.15,29.35,20.19,0.0,0.63
2025-06-15,Western Province,-2.15,29.35,19.59,0.02,0.62
2025-06-16,Western Province,-2.15,29.35,19.39,0.0,0.62
2025-06-17,Western Province,-2.15,29.35,19.27,0.36,0.62
2025-06-18,Western Province,-2.15,29.35,18.92,11.73,0.62
2025-06-19,Western Province,-2.15,29.35,18.68,8.21,0.63
2025-06-20,Western Province,-2.15,29.35,18.44,3.25,0.63
2025-06-21,Western Province,-2.15,29.35,19.62,2.5,0.63
2025-06-22,Western Province,-2.15,29.35,20.23,4.0,0.63
2025-06-23,Western Province,-2.15,29.35,20.07,1.74,0.63
2025-06-24,Western Province,-2.15,29.35,19.95,1.2,0.63
2025-06-25,Western Province,-2.15,29.35,20.97,0.02,0.63
2025-06-26,Western Province,-2.15,29.35,20.89,0.05,0.63
2025-06-27,Western Province,-2.15,29.35,21.38,0.05,0.63
2025-06-28,Western Province,-2.15,29.35,21.59,0.18,0.62
2025-06-29,Western Province,-2.15,29.35,20.34,0.31,0.62
2025-06-30,Western Province,-2.15,29.35,19.7,0.18,0.62
2025-07-01,Western Province,-2.15,29.35,19.41,0.17,0.62
2025-07-02,Western Province,-2.15,29.35,20.42,0.01,0.62
2025-07-03,Western Province,-2.15,29.35,20.68,0.16,0.61
2025-07-04,Western Province,-2.15,29.35,21.17,0.06,0.61
2025-07-05,Western Province,-2.15,29.35,20.81,0.09,0.61
2025-07-06,Western Province,-2.15,29.35,20.06,0.2,0.61
2025-07-07,Western Province,-2.15,29.35,19.9,0.57,0.61
2025-07-08,Western Province,-2.15,29.35,20.44,0.16,0.61
2025-07-09,Western Province,-2.15,29.35,18.98,0.07,0.61
2025-07-10,Western Province,-2.15,29.35,18.11,0.02,0.61
2025-07-11,Western Province,-2.15,29.35,19.3,0.09,0.6
2025-07-12,Western Province,-2.15,29.35,20.51,0.17,0.6
2025-07-13,Western Province,-2.15,29.35,20.53,0.11,0.6
2025-07-14,Western Province,-2.15,29.35,19.78,0.18,0.6
2025-07-15,Western Province,-2.15,29.35,19.88,0.27,0.6
2025-07-16,Western Province,-2.15,29.35,20.13,0.32,0.6
2025-07-17,Western Province,-2.15,29.35,20.88,0.41,0.6
2025-07-18,Western Province,-2.15,29.35,21.01,0.16,0.6
2025-07-19,Western Province,-2.15,29.35,21.52,0.08,0.59
2025-07-20,Western Province,-2.15,29.35,20.94,0.01,0.59
2025-07-21,Western Province,-2.15,29.35,20.61,0.02,0.59
2025-07-22,Western Province,-2.15,29.35,21.02,0.0,0.59
2025-07-23,Western Province,-2.15,29.35,21.29,0.0,0.59
2025-07-24,Western Province,-2.15,29.35,21.48,0.0,0.59
2025-07-25,Western Province,-2.15,29.35,21.57,0.0,0.59
2025-07-26,Western Province,-2.15,29.35,20.93,0.0,0.58
2025-07-27,Western Province,-2.15,29.35,19.88,0.0,0.58
2025-07-28,Western Province,-2.15,29.35,20.2,0.0,0.58
2025-07-29,Western Province,-2.15,29.35,19.34,0.0,0.58
2025-07-30,Western Province,-2.15,29.35,19.12,0.0,0.58
2025-07-31,Western Province,-2.15,29.35,20.02,0.0,0.58
2025-08-01,Western Province,-2.15,29.35,21.14,0.0,0.58
2025-08-02,Western Province,-2.15,29.35,21.32,0.0,0.58
2025-08-03,Western Province,-2.15,29.35,20.88,0.0,0.57
2025-08-04,Western Province,-2.15,29.35,20.25,0.0,0.57
2025-08-05,Western Province,-2.15,29.35,21.24,0.03,0.57
2025-08-06,Western Province,-2.15,29.35,20.88,0.04,0.57
2025-08-07,Western Province,-2.15,29.35,21.05,0.22,0.57
2025-08-08,Western Province,-2.15,29.35,20.88,0.37,0.57
2025-08-09,Western Province,-2.15,29.35,21.27,13.24,0.57
2025-08-10,Western Province,-2.15,29.35,20.12,14.44,0.58
2025-08-11,Western Province,-2.15,29.35,19.6,28.82,0.59
2025-08-12,Western Province,-2.15,29.35,19.05,21.56,0.62
2025-08-13,Western Province,-2.15,29.35,20.0,2.29,0.62
2025-08-14,Western Province,-2.15,29.35,20.76,1.34,0.62
2025-08-15,Western Province,-2.15,29.35,20.58,4.54,0.62
2025-08-16,Western Province,-2.15,29.35,19.11,22.9,0.63
2025-08-17,Western Province,-2.15,29.35,19.11,11.26,0.64
2025-08-18,Western Province,-2.15,29.35,18.53,31.04,0.66
2025-08-19,Western Province,-2.15,29.35,18.99,0.78,0.66
2025-08-20,Western Province,-2.15,29.35,20.18,0.0,0.66
2025-08-21,Western Province,-2.15,29.35,20.19,0.0,0.66
2025-08-22,Western Province,-2.15,29.35,20.4,0.0,0.65
2025-08-23,Western Province,-2.15,29.35,19.86,0.0,0.65
2025-08-24,Western Province,-2.15,29.35,20.45,0.0,0.65
2025-08-25,Western Province,-2.15,29.35,20.84,0.03,0.65
2025-08-26,Western Province,-2.15,29.35,20.92,0.08,0.64
2025-08-27,Western Province,-2.15,29.35,21.21,0.0,0.64
2025-08-28,Western Province,-2.15,29.35,21.53,0.01,0.64
2025-08-29,Western Province,-2.15,29.35,21.46,0.0,0.64
2025-08-30,Western Province,-2.15,29.35,19.74,0.0,0.63
2025-08-31,Western Province,-2.15,29.35,19.75,0.0,0.63
2025-09-01,Western Province,-2.15,29.35,20.76,0.0,0.63
2025-09-02,Western Province,-2.15,29.35,21.86,0.0,0.63
2025-09-03,Western Province,-2.15,29.35,20.91,0.0,0.62
2025-09-04,Western Province,-2.15,29.35,21.76,0.01,0.62
2025-09-05,Western Province,-2.15,29.35,21.5,0.0,0.62
2025-09-06,Western Province,-2.15,29.35,22.51,0.0,0.62
2025-09-07,Western Province,-2.15,29.35,22.53,0.0,0.62
2025-09-08,Western Province,-2.15,29.35,21.76,1.1,0.61
2025-09-09,Western Province,-2.15,29.35,21.88,1.4,0.61
2025-09-10,Western Province,-2.15,29.35,21.9,1.84,0.61
2025-09-11,Western Province,-2.15,29.35,20.93,3.72,0.61
2025-09-12,Western Province,-2.15,29.35,21.34,1.26,0.61
2025-09-13,Western Province,-2.15,29.35,22.14,0.38,0.61
2025-09-14,Western Province,-2.15,29.35,21.93,1.54,0.61
2025-09-15,Western Province,-2.15,29.35,21.85,1.21,0.61
2025-09-16,Western Province,-2.15,29.35,21.62,0.79,0.61
2025-09-17,Western Province,-2.15,29.35,21.03,4.0,0.61
2025-09-18,Western Province,-2.15,29.35,21.09,4.6,0.61
2025-09-19,Western Province,-2.15,29.35,21.74,2.21,0.61
2025-09-20,Western Province,-2.15,29.35,22.09,0.02,0.61
2025-09-21,Western Province,-2.15,29.35,21.16,0.01,0.61
2025-09-22,Western Province,-2.15,29.35,22.04,0.13,0.6
2025-09-23,Western Province,-2.15,29.35,22.23,0.23,0.6
2025-09-24,Western Province,-2.15,29.35,22.43,0.17,0.6
2025-09-25,Western Province,-2.15,29.35,21.26,0.26,0.6
2025-09-26,Western Province,-2.15,29.35,22.26,0.17,0.6
2025-09-27,Western Province,-2.15,29.35,22.07,0.64,0.6
2025-09-28,Western Province,-2.15,29.35,22.02,0.15,0.59
2025-09-29,Western Province,-2.15,29.35,23.03,0.07,0.59
2025-09-30,Western Province,-2.15,29.35,22.41,0.13,0.59
2025-10-01,Western Province,-2.15,29.35,22.23,0.08,0.59
2025-10-02,Western Province,-2.15,29.35,20.83,0.06,0.59
2025-10-03,Western Province,-2.15,29.35,21.72,4.58,0.59
2025-10-04,Western Province,-2.15,29.35,19.92,5.51,0.59
2025-10-05,Western Province,-2.15,29.35,20.98,3.06,0.59
2025-10-06,Western Province,-2.15,29.35,20.92,2.44,0.59
2025-10-07,Western Province,-2.15,29.35,20.2,3.66,0.59
2025-10-08,Western Province,-2.15,29.35,20.55,3.98,0.6
2025-10-09,Western Province,-2.15,29.35,20.37,1.13,0.6
2025-10-10,Western Province,-2.15,29.35,20.82,1.02,0.59
2025-10-11,Western Province,-2.15,29.35,21.77,0.39,0.59
2025-10-12,Western Province,-2.15,29.35,22.56,0.57,0.59
2025-10-13,Western Province,-2.15,29.35,22.0,1.31,0.59
2025-10-14,Western Province,-2.15,29.35,21.38,1.87,0.59
2025-10-15,Western Province,-2.15,29.35,22.42,3.01,0.59
2025-10-16,Western Province,-2.15,29.35,22.46,1.6,0.59
2025-10-17,Western Province,-2.15,29.35,21.93,13.23,0.59
2025-10-18,Western Province,-2.15,29.35,21.37,2.26,0.6
2025-10-19,Western Province,-2.15,29.35,21.57,0.65,0.6
2025-10-20,Western Province,-2.15,29.35,21.93,0.81,0.59
2025-10-21,Western Province,-2.15,29.35,21.2,2.61,0.59
2025-10-22,Western Province,-2.15,29.35,20.13,9.58,0.6
2025-10-23,Western Province,-2.15,29.35,20.33,5.97,0.6
2025-10-24,Western Province,-2.15,29.35,20.78,6.35,0.6
2025-10-25,Western Province,-2.15,29.35,21.79,4.46,0.61
2025-10-26,Western Province,-2.15,29.35,21.39,1.23,0.6
2025-10-27,Western Province,-2.15,29.35,22.06,0.4,0.6
2025-10-28,Western Province,-2.15,29.35,22.23,0.64,0.6
2025-10-29,Western Province,-2.15,29.35,21.76,0.64,0.6
2025-10-30,Western Province,-2.15,29.35,22.0,0.88,0.6
2025-10-31,Western Province,-2.15,29.35,21.24,2.75,0.6
2025-11-01,Western Province,-2.15,29.35,21.59,0.54,0.6
2025-11-02,Western Province,-2.15,29.35,21.78,0.86,0.6
2025-11-03,Western Province,-2.15,29.35,21.35,0.72,0.59
2025-11-04,Western Province,-2.15,29.35,21.11,0.64,0.59
2025-11-05,Western Province,-2.15,29.35,22.43,0.4,0.59
2025-11-06,Western Province,-2.15,29.35,22.02,0.26,0.59
2025-11-07,Western Province,-2.15,29.35,20.85,1.74,0.59
2025-11-08,Western Province,-2.15,29.35,20.86,1.22,0.59
2025-11-09,Western Province,-2.15,29.35,20.87,5.77,0.59
2025-11-10,Western Province,-2.15,29.35,20.31,2.88,0.59
2025-11-11,Western Province,-2.15,29.35,20.96,2.58,0.59
2025-11-12,Western Province,-2.15,29.35,21.73,1.0,0.59
2025-11-13,Western Province,-2.15,29.35,21.42,0.78,0.59
2025-11-14,Western Province,-2.15,29.35,21.43,6.49,0.59
2025-11-15,Western Province,-2.15,29.35,20.21,2.48,0.59
2025-11-16,Western Province,-2.15,29.35,21.5,0.82,0.59
2025-11-17,Western Province,-2.15,29.35,21.13,1.42,0.59
2025-11-18,Western Province,-2.15,29.35,21.78,0.77,0.59
2025-11-19,Western Province,-2.15,29.35,22.0,5.64,0.59
2025-11-20,Western Province,-2.15,29.35,21.25,4.21,0.59
2025-11-21,Western Province,-2.15,29.35,20.2,2.75,0.59
2025-11-22,Western Province,-2.15,29.35,20.7,15.73,0.6
2025-11-23,Western Province,-2.15,29.35,21.37,0.66,0.6
2025-11-24,Western Province,-2.15,29.35,21.87,1.35,0.6
2025-11-25,Western Province,-2.15,29.35,21.42,1.12,0.6
2025-11-26,Western Province,-2.15,29.35,21.14,0.74,0.6
2025-11-27,Western Province,-2.15,29.35,20.91,0.76,0.6
2025-11-28,Western Province,-2.15,29.35,22.28,0.3,0.6
2025-11-29,Western Province,-2.15,29.35,22.67,1.37,0.59
2025-11-30,Western Province,-2.15,29.35,22.75,0.7,0.59
2025-12-01,Western Province,-2.15,29.35,22.2,1.32,0.59
2025-12-02,Western Province,-2.15,29.35,22.4,0.74,0.59
2025-12-03,Western Province,-2.15,29.35,22.73,0.79,0.59
2025-12-04,Western Province,-2.15,29.35,23.15,0.99,0.59
2025-12-05,Western Province,-2.15,29.35,22.2,1.21,0.59
2025-12-06,Western Province,-2.15,29.35,21.69,0.45,0.58
2025-12-07,Western Province,-2.15,29.35,21.95,0.4,0.58
2025-12-08,Western Province,-2.15,29.35,22.2,0.55,0.58
2025-12-09,Western Province,-2.15,29.35,22.53,0.29,0.58
2025-12-10,Western Province,-2.15,29.35,21.86,1.07,0.58
2025-12-11,Western Province,-2.15,29.35,21.69,0.68,0.58
2025-12-12,Western Province,-2.15,29.35,21.56,1.81,0.58
2025-12-13,Western Province,-2.15,29.35,21.6,0.88,0.58
2025-12-14,Western Province,-2.15,29.35,21.84,0.85,0.58
2025-12-15,Western Province,-2.15,29.35,22.16,1.48,0.58
2025-12-16,Western Province,-2.15,29.35,21.66,2.4,0.57
2025-12-17,Western Province,-2.15,29.35,21.85,5.82,0.57
2025-12-18,Western Province,-2.15,29.35,21.42,2.28,0.58
2025-12-19,Western Province,-2.15,29.35,21.07,4.8,0.58
2025-12-20,Western Province,-2.15,29.35,21.44,8.66,0.58
2025-12-21,Western Province,-2.15,29.35,22.11,2.51,0.58
2025-12-22,Western Province,-2.15,29.35,21.39,6.19,0.58
2025-12-23,Western Province,-2.15,29.35,21.24,1.81,0.59
2025-12-24,Western Province,-2.15,29.35,21.7,1.32,0.59
2025-12-25,Western Province,-2.15,29.35,22.27,2.43,0.59
2025-12-26,Western Province,-2.15,29.35,22.55,1.33,0.58
2025-12-27,Western Province,-2.15,29.35,20.4,15.88,0.59
2025-12-28,Western Province,-2.15,29.35,18.64,47.26,0.61
2025-12-29,Western Province,-2.15,29.35,19.15,7.9,0.63
2025-12-30,Western Province,-2.15,29.35,18.64,6.36,0.63
2025-12-31,Western Province,-2.15,29.35,19.7,9.47,0.64
2026-01-01,Western Province,-2.15,29.35,21.33,17.65,0.65
2026-01-02,Western Province,-2.15,29.35,21.69,1.79,0.65
2026-01-03,Western Province,-2.15,29.35,21.92,3.37,0.65
2026-01-04,Western Province,-2.15,29.35,21.46,15.82,0.65
2026-01-05,Western Province,-2.15,29.35,20.99,30.57,0.66
2026-01-06,Western Province,-2.15,29.35,20.71,15.18,0.67
2026-01-07,Western Province,-2.15,29.35,20.76,11.74,0.68
2026-01-08,Western Province,-2.15,29.35,20.39,4.29,0.68
2026-01-09,Western Province,-2.15,29.35,20.76,1.03,0.68
2026-01-10,Western Province,-2.15,29.35,20.14,2.26,0.68
2026-01-11,Western Province,-2.15,29.35,20.05,2.65,0.68
2026-01-12,Western Province,-2.15,29.35,20.85,2.17,0.68
2026-01-13,Western Province,-2.15,29.35,20.53,4.81,0.68
2026-01-14,Western Province,-2.15,29.35,21.63,0.12,0.67
2026-01-15,Western Province,-2.15,29.35,21.9,0.04,0.67
2026-01-16,Western Province,-2.15,29.35,22.28,0.0,0.67
2026-01-17,Western Province,-2.15,29.35,21.76,0.71,0.66
2026-01-18,Western Province,-2.15,29.35,21.49,1.18,0.66
2026-01-19,Western Province,-2.15,29.35,21.53,1.67,0.66
2026-01-20,Western Province,-2.15,29.35,21.57,0.47,0.66
2026-01-21,Western Province,-2.15,29.35,22.51,0.52,0.65
2026-01-22,Western Province,-2.15,29.35,21.96,2.38,0.65
2026-01-23,Western Province,-2.15,29.35,22.64,0.3,0.65
2026-01-24,Western Province,-2.15,29.35,23.07,0.09,0.65
2026-01-25,Western Province,-2.15,29.35,23.87,0.87,0.64
2026-01-26,Western Province,-2.15,29.35,22.73,0.98,0.64
2026-01-27,Western Province,-2.15,29.35,22.65,3.5,0.64
2026-01-28,Western Province,-2.15,29.35,21.55,17.26,0.64
2026-01-29,Western Province,-2.15,29.35,21.36,29.82,0.66
2026-01-30,Western Province,-2.15,29.35,21.37,2.95,0.66
2026-01-31,Western Province,-2.15,29.35,20.84,4.01,0.66
2026-02-01,Western Province,-2.15,29.35,20.02,3.9,0.66
2026-02-02,Western Province,-2.15,29.35,20.45,1.3,0.66
2026-02-03,Western Province,-2.15,29.35,20.22,1.56,0.66
2026-02-04,Western Province,-2.15,29.35,21.8,0.39,0.66
2026-02-05,Western Province,-2.15,29.35,21.67,1.31,0.66
2026-02-06,Western Province,-2.15,29.35,20.41,3.86,0.66
2026-02-07,Western Province,-2.15,29.35,20.25,3.26,0.66
2026-02-08,Western Province,-2.15,29.35,20.26,2.11,0.66
2026-02-09,Western Province,-2.15,29.35,19.84,7.87,0.66
2026-02-10,Western Province,-2.15,29.35,19.08,6.83,0.66
2026-02-11,Western Province,-2.15,29.35,20.41,1.4,0.66
2026-02-12,Western Province,-2.15,29.35,21.5,1.14,0.66
2026-02-13,Western Province,-2.15,29.35,20.98,3.05,0.66
2026-02-14,Western Province,-2.15,29.35,20.43,3.59,0.66
2026-02-15,Western Province,-2.15,29.35,20.98,1.23,0.66
2026-02-16,Western Province,-2.15,29.35,20.4,3.42,0.66
2026-02-17,Western Province,-2.15,29.35,19.96,4.63,0.66
2026-02-18,Western Province,-2.15,29.35,20.12,5.65,0.66
2026-02-19,Western Province,-2.15,29.35,18.83,7.19,0.66
2026-02-20,Western Province,-2.15,29.35,20.05,5.09,0.66
2026-02-21,Western Province,-2.15,29.35,20.52,22.34,0.67
2026-02-22,Western Province,-2.15,29.35,19.0,4.82,0.68
2026-02-23,Western Province,-2.15,29.35,18.92,0.77,0.68
2026-02-24,Western Province,-2.15,29.35,20.39,0.3,0.68
2026-02-25,Western Province,-2.15,29.35,20.69,2.07,0.67
2026-02-26,Western Province,-2.15,29.35,20.79,9.22,0.68
2026-02-27,Western Province,-2.15,29.35,21.37,1.01,0.68
2026-02-28,Western Province,-2.15,29.35,20.84,3.69,0.67
2026-03-01,Western Province,-2.15,29.35,20.58,2.12,0.67
2026-03-02,Western Province,-2.15,29.35,20.57,2.23,0.67
2026-03-03,Western Province,-2.15,29.35,20.75,5.01,0.67
2026-03-04,Western Province,-2.15,29.35,19.31,11.93,0.68
2026-03-05,Western Province,-2.15,29.35,20.38,7.46,0.68
2026-03-06,Western Province,-2.15,29.35,20.52,14.44,0.69
2026-03-07,Western Province,-2.15,29.35,20.8,1.01,0.69
2026-03-08,Western Province,-2.15,29.35,20.57,1.77,0.69
2026-03-09,Western Province,-2.15,29.35,21.1,2.22,0.69
2026-03-10,Western Province,-2.15,29.35,21.13,4.32,0.69
2026-03-11,Western Province,-2.15,29.35,20.4,4.79,0.69
2026-03-12,Western Province,-2.15,29.35,20.78,3.95,0.69
2026-03-13,Western Province,-2.15,29.35,21.28,7.85,0.69
2026-03-14,Western Province,-2.15,29.35,21.16,2.37,0.69
2026-03-15,Western Province,-2.15,29.35,21.97,8.15,0.69
2026-03-16,Western Province,-2.15,29.35,21.99,0.58,0.69
2026-03-17,Western Province,-2.15,29.35,22.65,2.41,0.69
2026-03-18,Western Province,-2.15,29.35,21.6,13.51,0.69
2026-03-19,Western Province,-2.15,29.35,20.13,19.58,0.71
2026-03-20,Western Province,-2.15,29.35,20.2,1.35,0.71
2026-03-21,Western Province,-2.15,29.35,19.84,4.44,0.71
2026-03-22,Western Province,-2.15,29.35,19.89,14.32,0.71
2026-03-23,Western Province,-2.15,29.35,20.01,8.63,0.72
2026-03-24,Western Province,-2.15,29.35,20.14,18.66,0.72
2026-03-25,Western Province,-2.15,29.35,19.12,6.83,0.73
2026-03-26,Western Province,-2.15,29.35,19.54,1.93,0.73
2026-03-27,Western Province,-2.15,29.35,19.51,0.83,0.73
2026-03-28,Western Province,-2.15,29.35,19.46,2.88,0.72
2026-03-29,Western Province,-2.15,29.35,20.6,1.69,0.72
2026-03-30,Western Province,-2.15,29.35,21.06,0.9,0.72
2026-03-31,Western Province,-2.15,29.35,20.65,0.56,0.72
2026-04-01,Western Province,-2.15,29.35,20.36,0.38,0.71
2026-04-02,Western Province,-2.15,29.35,20.65,0.26,0.71
2026-04-03,Western Province,-2.15,29.35,21.46,0.86,0.71
2026-04-04,Western Province,-2.15,29.35,21.46,1.36,0.7
2026-04-05,Western Province,-2.15,29.35,20.73,2.58,0.7
2026-04-06,Western Province,-2.15,29.35,20.61,0.24,0.7
2026-04-07,Western Province,-2.15,29.35,20.12,1.17,0.7
2026-04-08,Western Province,-2.15,29.35,20.31,0.52,0.7
2026-04-09,Western Province,-2.15,29.35,20.32,0.48,0.69
2026-04-10,Western Province,-2.15,29.35,19.72,1.47,0.69
2026-04-11,Western Province,-2.15,29.35,20.47,1.48,0.69
2026-04-12,Western Province,-2.15,29.35,20.1,2.38,0.69
2026-04-13,Western Province,-2.15,29.35,20.06,2.06,0.69
2026-04-14,Western Province,-2.15,29.35,19.49,1.34,0.68
2026-04-15,Western Province,-2.15,29.35,20.11,2.81,0.68
2026-04-16,Western Province,-2.15,29.35,20.32,2.22,0.68
2026-04-17,Western Province,-2.15,29.35,20.4,14.87,0.69
2026-04-18,Western Province,-2.15,29.35,19.58,3.23,0.69
2026-04-19,Western Province,-2.15,29.35,20.35,0.76,0.69
2026-04-20,Western Province,-2.15,29.35,20.47,3.12,0.69
2026-04-21,Western Province,-2.15,29.35,20.2,2.54,0.69
2026-04-22,Western Province,-2.15,29.35,20.85,0.17,0.68
2026-04-23,Western Province,-2.15,29.35,20.38,1.24,0.68
2026-04-24,Western Province,-2.15,29.35,20.21,0.25,0.68
2026-04-25,Western Province,-2.15,29.35,19.98,0.7,0.68
2026-04-26,Western Province,-2.15,29.35,19.86,2.21,0.68
2026-04-27,Western Province,-2.15,29.35,19.91,3.86,0.67
2026-04-28,Western Province,-2.15,29.35,19.67,10.24,0.68
2026-04-29,Western Province,-2.15,29.35,19.59,3.13,0.68
2026-04-30,Western Province,-2.15,29.35,20.34,6.63,0.68
2026-05-01,Western Province,-2.15,29.35,18.86,8.31,0.69
2026-05-02,Western Province,-2.15,29.35,19.22,12.95,0.69
2026-05-03,Western Province,-2.15,29.35,19.82,0.76,0.69
2026-05-04,Western Province,-2.15,29.35,20.14,0.8,0.69
2026-05-05,Western Province,-2.15,29.35,20.35,8.58,0.69
2026-05-06,Western Province,-2.15,29.35,21.31,5.21,0.69
2026-05-07,Western Province,-2.15,29.35,19.95,7.0,0.69
2026-05-08,Western Province,-2.15,29.35,20.1,3.37,0.7
2026-05-09,Western Province,-2.15,29.35,20.09,2.25,0.7
2026-05-10,Western Province,-2.15,29.35,19.93,16.36,0.71
2026-05-11,Western Province,-2.15,29.35,19.88,0.09,0.71
2026-05-12,Western Province,-2.15,29.35,19.88,0.0,0.7
2026-05-13,Western Province,-2.15,29.35,21.26,0.02,0.7
2026-05-14,Western Province,-2.15,29.35,20.44,0.65,0.69
2026-05-15,Western Province,-2.15,29.35,20.35,0.34,0.69
2026-05-16,Western Province,-2.15,29.35,20.05,0.95,0.69
2026-05-17,Western Province,-2.15,29.35,20.07,0.66,0.69
2026-05-18,Western Province,-2.15,29.35,19.73,1.06,0.68
2026-05-19,Western Province,-2.15,29.35,19.86,1.33,0.68
2026-05-20,Western Province,-2.15,29.35,19.95,1.15,0.68
2026-05-21,Western Province,-2.15,29.35,19.81,1.46,0.68
2026-05-22,Western Province,-2.15,29.35,20.61,0.72,0.68
2026-05-23,Western Province,-2.15,29.35,20.49,4.88,0.68
2026-05-24,Western Province,-2.15,29.35,20.05,2.34,0.68
2026-05-25,Western Province,-2.15,29.35,20.29,0.85,0.67
2026-05-26,Western Province,-2.15,29.35,20.02,0.26,0.67
2026-05-27,Western Province,-2.15,29.35,20.15,0.22,0.67
2026-05-28,Western Province,-2.15,29.35,19.96,0.23,0.67
2026-05-29,Western Province,-2.15,29.35,20.33,0.12,0.66
2026-05-30,Western Province,-2.15,29.35,20.13,0.1,0.66
2026-05-31,Western Province,-2.15,29.35,20.33,0.13,0.66
2026-06-01,Western Province,-2.15,29.35,19.61,0.15,0.66
2026-06-02,Western Province,-2.15,29.35,19.76,0.1,0.65
2026-06-03,Western Province,-2.15,29.35,20.47,0.12,0.65
2026-06-04,Western Province,-2.15,29.35,20.75,0.07,0.65
2026-06-05,Western Province,-2.15,29.35,20.79,0.45,0.65
2026-06-06,Western Province,-2.15,29.35,20.45,0.48,0.65
2026-06-07,Western Province,-2.15,29.35,20.96,0.32,0.64
2026-06-08,Western Province,-2.15,29.35,21.09,0.14,0.64
2026-06-09,Western Province,-2.15,29.35,21.32,0.19,0.64
2026-06-10,Western Province,-2.15,29.35,21.27,0.01,0.64
2026-06-11,Western Province,-2.15,29.35,21.13,0.0,0.64
2026-06-12,Western Province,-2.15,29.35,20.97,0.0,0.63
2026-06-13,Western Province,-2.15,29.35,21.04,0.0,0.63
2026-06-14,Western Province,-2.15,29.35,21.07,0.0,0.63
2026-06-15,Western Province,-2.15,29.35,20.9,0.0,0.63
2026-06-16,Western Province,-2.15,29.35,20.2,0.0,0.63
2026-06-17,Western Province,-2.15,29.35,20.16,0.0,0.62
2026-06-18,Western Province,-2.15,29.35,20.46,0.0,0.62
2026-06-19,Western Province,-2.15,29.35,20.81,0.0,0.62
2026-06-20,Western Province,-2.15,29.35,20.59,0.0,0.62
2026-06-21,Western Province,-2.15,29.35,20.07,0.0,0.62
2026-06-22,Western Province,-2.15,29.35,20.43,0.0,0.61
2026-06-23,Western Province,-2.15,29.35,20.36,0.0,0.61
2026-06-24,Western Province,-2.15,29.35,20.81,0.0,0.61
2026-06-25,Western Province,-2.15,29.35,20.65,0.27,0.61
2026-06-26,Western Province,-2.15,29.35,20.62,0.04,0.61
2026-06-27,Western Province,-2.15,29.35,20.34,0.0,0.61
2026-06-28,Western Province,-2.15,29.35,21.32,0.05,0.6
2026-06-29,Western Province,-2.15,29.35,21.79,0.08,0.6
2026-06-30,Western Province,-2.15,29.35,21.54,0.17,0.6
2026-07-01,Western Province,-2.15,29.35,21.3,1.94,0.6
2026-07-02,Western Province,-2.15,29.35,21.04,1.46,0.6
2026-07-03,Western Province,-2.15,29.35,21.86,0.3,0.6
2026-07-04,Western Province,-2.15,29.35,22.13,0.43,0.6
2026-07-05,Western Province,-2.15,29.35,20.99,0.08,0.6
2026-07-06,Western Province,-2.15,29.35,20.5,0.02,0.59
2026-07-07,Western Province,-2.15,29.35,20.53,0.01,0.59
2026-07-08,Western Province,-2.15,29.35,20.35,0.03,0.59
2026-07-09,Western Province,-2.15,29.35,21.54,0.0,0.59
2026-07-10,Western Province,-2.15,29.35,21.39,0.37,0.59
2026-07-11,Western Province,-2.15,29.35,20.06,3.81,0.59
2026-07-12,Western Province,-2.15,29.35,19.34,13.94,0.6
2026-07-13,Western Province,-2.15,29.35,19.62,1.48,0.6
2026-07-14,Western Province,-2.15,29.35,20.27,0.59,0.6
2026-07-15,Western Province,-2.15,29.35,20.44,0.3,0.6
2026-07-16,Western Province,-2.15,29.35,21.11,0.21,0.6
2026-07-17,Western Province,-2.15,29.35,21.34,0.4,0.59
2026-07-18,Western Province,-2.15,29.35,21.03,0.43,0.59
2026-07-19,Western Province,-2.15,29.35,21.44,0.0,0.59
2026-07-20,Western Province,-2.15,29.35,22.23,0.06,0.59
2026-07-21,Western Province,-2.15,29.35,22.33,0.4,0.59
2026-07-22,Western Province,-2.15,29.35,22.24,0.04,0.59
2026-07-23,Western Province,-2.15,29.35,22.21,0.04,0.59
2026-07-24,Western Province,-2.15,29.35,22.36,0.01,0.58
2026-07-25,Western Province,-2.15,29.35,22.56,0.0,0.58
2026-07-26,Western Province,-2.15,29.35,21.69,0.01,0.58
2026-07-27,Western Province,-2.15,29.35,21.45,0.01,0.58
2026-07-28,Western Province,-2.15,29.35,22.45,0.19,0.58
2026-07-29,Western Province,-2.15,29.35,22.15,0.02,0.58
2026-07-30,Western Province,-2.15,29.35,21.86,0.02,0.57
2026-07-31,Western Province,-2.15,29.35,22.13,0.06,0.57
2026-08-01,Western Province,-2.15,29.35,20.23,0.95,0.63
2026-08-02,Western Province,-2.15,29.35,19.16,1.72,0.63
2026-08-03,Western Province,-2.15,29.35,19.45,0.87,0.63
2026-08-04,Western Province,-2.15,29.35,19.49,0.45,0.63
2026-08-05,Western Province,-2.15,29.35,19.63,0.28,0.63
2026-08-06,Western Province,-2.15,29.35,20.02,0.59,0.62
2026-08-07,Western Province,-2.15,29.35,20.03,0.38,0.62
2026-08-08,Western Province,-2.15,29.35,19.75,0.03,0.62
2026-08-09,Western Province,-2.15,29.35,19.83,0.01,0.62
2026-08-10,Western Province,-2.15,29.35,20.37,0.0,0.61
2026-08-11,Western Province,-2.15,29.35,20.59,0.01,0.61
2026-08-12,Western Province,-2.15,29.35,20.46,0.0,0.61
2026-08-13,Western Province,-2.15,29.35,19.7,0.0,0.61
2026-08-14,Western Province,-2.15,29.35,19.08,0.0,0.6
2026-08-15,Western Province,-2.15,29.35,20.1,0.0,0.6
2026-08-16,Western Province,-2.15,29.35,20.77,0.01,0.6
2026-08-17,Western Province,-2.15,29.35,20.73,0.39,0.59
2026-08-18,Western Province,-2.15,29.35,20.18,0.9,0.59
2026-08-19,Western Province,-2.15,29.35,20.03,0.57,0.59
2026-08-20,Western Province,-2.15,29.35,20.0,0.83,0.59
2026-08-21,Western Province,-2.15,29.35,20.2,0.23,0.59
2026-08-22,Western Province,-2.15,29.35,20.89,0.45,0.59
2026-08-23,Western Province,-2.15,29.35,20.61,0.53,0.58
2026-08-24,Western Province,-2.15,29.35,20.06,2.84,0.58
2026-08-25,Western Province,-2.15,29.35,20.59,0.86,0.58
2026-08-26,Western Province,-2.15,29.35,20.84,0.46,0.58
2026-08-27,Western Province,-2.15,29.35,20.67,0.01,0.58
2026-08-28,Western Province,-2.15,29.35,20.28,0.0,0.57
2026-08-29,Western Province,-2.15,29.35,20.0,0.01,0.57
2026-08-30,Western Province,-2.15,29.35,20.29,0.02,0.57
2026-08-31,Western Province,-2.15,29.35,-999.0,-999.0,-999.0
2026-09-01,Western Province,-2.15,29.35,-999.0,-999.0,-999.0
2026-09-02,Western Province,-2.15,29.35,-999.0,-999.0,-999.0
2020-01-01,Northern Province,-1.65,29.85,18.5,3.79,0.94
2020-01-02,Northern Province,-1.65,29.85,18.6,2.54,0.94
2020-01-03,Northern Province,-1.65,29.85,18.33,1.03,0.94
2020-01-04,Northern Province,-1.65,29.85,18.06,18.08,0.94
2020-01-05,Northern Province,-1.65,29.85,17.59,3.2,0.94
2020-01-06,Northern Province,-1.65,29.85,17.57,1.67,0.94
2020-01-07,Northern Province,-1.65,29.85,17.37,1.04,0.94
2020-01-08,Northern Province,-1.65,29.85,16.22,2.67,0.94
2020-01-09,Northern Province,-1.65,29.85,17.72,2.51,0.93
2020-01-10,Northern Province,-1.65,29.85,16.86,1.55,0.93
2020-01-11,Northern Province,-1.65,29.85,16.75,1.33,0.93
2020-01-12,Northern Province,-1.65,29.85,17.95,2.63,0.93
2020-01-13,Northern Province,-1.65,29.85,17.01,11.87,0.93
2020-01-14,Northern Province,-1.65,29.85,18.13,0.23,0.93
2020-01-15,Northern Province,-1.65,29.85,18.47,0.66,0.93
2020-01-16,Northern Province,-1.65,29.85,19.36,0.25,0.93
2020-01-17,Northern Province,-1.65,29.85,17.79,8.02,0.93
2020-01-18,Northern Province,-1.65,29.85,17.78,2.47,0.93
2020-01-19,Northern Province,-1.65,29.85,17.52,2.66,0.93
2020-01-20,Northern Province,-1.65,29.85,17.38,0.61,0.92
2020-01-21,Northern Province,-1.65,29.85,18.11,0.09,0.92
2020-01-22,Northern Province,-1.65,29.85,18.34,0.14,0.92
2020-01-23,Northern Province,-1.65,29.85,17.93,6.56,0.92
2020-01-24,Northern Province,-1.65,29.85,17.51,8.9,0.92
2020-01-25,Northern Province,-1.65,29.85,18.01,3.16,0.92
2020-01-26,Northern Province,-1.65,29.85,16.96,6.3,0.92
2020-01-27,Northern Province,-1.65,29.85,17.68,6.89,0.92
2020-01-28,Northern Province,-1.65,29.85,17.13,45.02,0.92
2020-01-29,Northern Province,-1.65,29.85,16.45,6.58,0.94
2020-01-30,Northern Province,-1.65,29.85,16.78,7.64,0.94
2020-01-31,Northern Province,-1.65,29.85,16.81,5.85,0.94
2020-02-01,Northern Province,-1.65,29.85,16.04,18.75,0.95
2020-02-02,Northern Province,-1.65,29.85,17.16,7.02,0.95
2020-02-03,Northern Province,-1.65,29.85,18.28,32.13,0.95
2020-02-04,Northern Province,-1.65,29.85,17.6,23.05,0.96
2020-02-05,Northern Province,-1.65,29.85,17.52,8.29,0.96
2020-02-06,Northern Province,-1.65,29.85,16.86,4.16,0.96
2020-02-07,Northern Province,-1.65,29.85,18.26,1.03,0.96
2020-02-08,Northern Province,-1.65,29.85,18.63,0.08,0.96
2020-02-09,Northern Province,-1.65,29.85,18.71,0.0,0.96
2020-02-10,Northern Province,-1.65,29.85,18.86,0.0,0.95
2020-02-11,Northern Province,-1.65,29.85,19.32,0.01,0.95
2020-02-12,Northern Province,-1.65,29.85,19.73,0.09,0.94
2020-02-13,Northern Province,-1.65,29.85,17.57,2.41,0.94
2020-02-14,Northern Province,-1.65,29.85,17.67,1.1,0.94
2020-02-15,Northern Province,-1.65,29.85,18.65,1.12,0.94
2020-02-16,Northern Province,-1.65,29.85,17.95,0.3,0.94
2020-02-17,Northern Province,-1.65,29.85,18.78,0.39,0.93
2020-02-18,Northern Province,-1.65,29.85,18.94,0.59,0.93
2020-02-19,Northern Province,-1.65,29.85,18.17,5.01,0.93
2020-02-20,Northern Province,-1.65,29.85,18.4,4.44,0.93
2020-02-21,Northern Province,-1.65,29.85,18.29,5.67,0.93
2020-02-22,Northern Province,-1.65,29.85,18.95,1.21,0.93
2020-02-23,Northern Province,-1.65,29.85,18.9,0.64,0.93
2020-02-24,Northern Province,-1.65,29.85,18.84,4.6,0.92
2020-02-25,Northern Province,-1.65,29.85,18.95,30.38,0.93
2020-02-26,Northern Province,-1.65,29.85,18.92,12.97,0.94
2020-02-27,Northern Province,-1.65,29.85,17.77,28.83,0.94
2020-02-28,Northern Province,-1.65,29.85,17.53,9.57,0.95
2020-02-29,Northern Province,-1.65,29.85,18.7,11.12,0.95
2020-03-01,Northern Province,-1.65,29.85,19.26,38.87,0.95
2020-03-02,Northern Province,-1.65,29.85,17.73,34.71,0.96
2020-03-03,Northern Province,-1.65,29.85,17.94,1.42,0.97
2020-03-04,Northern Province,-1.65,29.85,18.46,0.54,0.96
2020-03-05,Northern Province,-1.65,29.85,18.87,6.46,0.96
2020-03-06,Northern Province,-1.65,29.85,18.9,7.05,0.96
2020-03-07,Northern Province,-1.65,29.85,18.58,0.8,0.96
2020-03-08,Northern Province,-1.65,29.85,18.99,6.89,0.96
2020-03-09,Northern Province,-1.65,29.85,19.08,19.86,0.96
2020-03-10,Northern Province,-1.65,29.85,18.86,7.34,0.96
2020-03-11,Northern Province,-1.65,29.85,18.42,3.98,0.96
2020-03-12,Northern Province,-1.65,29.85,18.89,2.83,0.96
2020-03-13,Northern Province,-1.65,29.85,17.84,3.99,0.96
2020-03-14,Northern Province,-1.65,29.85,18.4,0.85,0.96
2020-03-15,Northern Province,-1.65,29.85,19.25,9.29,0.96
2020-03-16,Northern Province,-1.65,29.85,19.56,6.21,0.96
2020-03-17,Northern Province,-1.65,29.85,18.83,3.87,0.96
2020-03-18,Northern Province,-1.65,29.85,17.56,6.5,0.96
2020-03-19,Northern Province,-1.65,29.85,17.48,3.04,0.96
2020-03-20,Northern Province,-1.65,29.85,17.83,5.8,0.96
2020-03-21,Northern Province,-1.65,29.85,17.28,18.23,0.96
2020-03-22,Northern Province,-1.65,29.85,17.66,20.19,0.96
2020-03-23,Northern Province,-1.65,29.85,17.45,20.4,0.96
2020-03-24,Northern Province,-1.65,29.85,16.52,5.75,0.97
2020-03-25,Northern Province,-1.65,29.85,17.05,46.16,0.97
2020-03-26,Northern Province,-1.65,29.85,17.69,6.03,0.98
2020-03-27,Northern Province,-1.65,29.85,17.8,32.64,0.98
2020-03-28,Northern Province,-1.65,29.85,17.37,13.52,0.99
2020-03-29,Northern Province,-1.65,29.85,17.64,7.79,0.98
2020-03-30,Northern Province,-1.65,29.85,17.72,2.98,0.98
2020-03-31,Northern Province,-1.65,29.85,17.2,4.33,0.98
2020-04-01,Northern Province,-1.65,29.85,17.55,2.04,0.98
2020-04-02,Northern Province,-1.65,29.85,17.91,6.95,0.98
2020-04-03,Northern Province,-1.65,29.85,18.55,3.37,0.98
2020-04-04,Northern Province,-1.65,29.85,17.63,3.05,0.97
2020-04-05,Northern Province,-1.65,29.85,18.4,3.28,0.97
2020-04-06,Northern Province,-1.65,29.85,18.32,1.56,0.97
2020-04-07,Northern Province,-1.65,29.85,19.18,2.89,0.97
2020-04-08,Northern Province,-1.65,29.85,18.25,1.55,0.97
2020-04-09,Northern Province,-1.65,29.85,17.68,1.98,0.96
2020-04-10,Northern Province,-1.65,29.85,17.3,1.91,0.96
2020-04-11,Northern Province,-1.65,29.85,17.54,1.62,0.96
2020-04-12,Northern Province,-1.65,29.85,18.02,3.07,0.96
2020-04-13,Northern Province,-1.65,29.85,18.45,6.19,0.96
2020-04-14,Northern Province,-1.65,29.85,18.45,5.28,0.96
2020-04-15,Northern Province,-1.65,29.85,18.83,2.48,0.96
2020-04-16,Northern Province,-1.65,29.85,18.6,7.15,0.96
2020-04-17,Northern Province,-1.65,29.85,17.69,19.06,0.96
2020-04-18,Northern Province,-1.65,29.85,17.36,32.16,0.96
2020-04-19,Northern Province,-1.65,29.85,16.52,25.38,0.98
2020-04-20,Northern Province,-1.65,29.85,18.32,27.62,0.98
2020-04-21,Northern Province,-1.65,29.85,17.03,16.01,0.98
2020-04-22,Northern Province,-1.65,29.85,18.05,46.9,0.98
2020-04-23,Northern Province,-1.65,29.85,18.29,9.79,0.99
2020-04-24,Northern Province,-1.65,29.85,18.38,8.92,0.99
2020-04-25,Northern Province,-1.65,29.85,17.75,10.05,0.99
2020-04-26,Northern Province,-1.65,29.85,18.0,5.61,0.99
2020-04-27,Northern Province,-1.65,29.85,16.86,30.85,0.99
2020-04-28,Northern Province,-1.65,29.85,16.33,5.52,0.99
2020-04-29,Northern Province,-1.65,29.85,15.83,15.39,0.99
2020-04-30,Northern Province,-1.65,29.85,16.66,6.77,0.99
2020-05-01,Northern Province,-1.65,29.85,17.37,4.71,0.99
2020-05-02,Northern Province,-1.65,29.85,17.51,17.77,0.99
2020-05-03,Northern Province,-1.65,29.85,17.75,16.32,0.99
2020-05-04,Northern Province,-1.65,29.85,18.07,0.02,0.99
2020-05-05,Northern Province,-1.65,29.85,17.74,5.36,0.98
2020-05-06,Northern Province,-1.65,29.85,17.53,20.69,0.99
2020-05-07,Northern Province,-1.65,29.85,17.72,10.65,0.99
2020-05-08,Northern Province,-1.65,29.85,17.55,6.79,0.98
2020-05-09,Northern Province,-1.65,29.85,17.57,18.78,0.99
2020-05-10,Northern Province,-1.65,29.85,16.36,8.41,0.99
2020-05-11,Northern Province,-1.65,29.85,16.11,6.11,0.98
2020-05-12,Northern Province,-1.65,29.85,16.82,3.69,0.98
2020-05-13,Northern Province,-1.65,29.85,17.71,6.25,0.98
2020-05-14,Northern Province,-1.65,29.85,18.04,11.59,0.98
2020-05-15,Northern Province,-1.65,29.85,18.11,3.15,0.98
2020-05-16,Northern Province,-1.65,29.85,17.48,8.93,0.98
2020-05-17,Northern Province,-1.65,29.85,17.46,8.06,0.98
2020-05-18,Northern Province,-1.65,29.85,17.49,1.37,0.98
2020-05-19,Northern Province,-1.65,29.85,17.01,0.46,0.98
2020-05-20,Northern Province,-1.65,29.85,16.75,4.93,0.98
2020-05-21,Northern Province,-1.65,29.85,17.31,0.48,0.97
2020-05-22,Northern Province,-1.65,29.85,16.89,0.0,0.97
2020-05-23,Northern Province,-1.65,29.85,16.23,0.0,0.97
2020-05-24,Northern Province,-1.65,29.85,16.48,0.0,0.97
2020-05-25,Northern Province,-1.65,29.85,16.68,0.0,0.96
2020-05-26,Northern Province,-1.65,29.85,17.67,0.01,0.96
2020-05-27,Northern Province,-1.65,29.85,17.95,0.07,0.96
2020-05-28,Northern Province,-1.65,29.85,17.84,0.11,0.95
2020-05-29,Northern Province,-1.65,29.85,17.74,0.24,0.95
2020-05-30,Northern Province,-1.65,29.85,17.38,0.28,0.95
2020-05-31,Northern Province,-1.65,29.85,16.84,0.0,0.95
2020-06-01,Northern Province,-1.65,29.85,16.64,0.0,0.94
2020-06-02,Northern Province,-1.65,29.85,16.94,0.0,0.94
2020-06-03,Northern Province,-1.65,29.85,16.94,0.0,0.94
2020-06-04,Northern Province,-1.65,29.85,16.92,0.02,0.94
2020-06-05,Northern Province,-1.65,29.85,15.78,1.1,0.93
2020-06-06,Northern Province,-1.65,29.85,16.72,0.2,0.93
2020-06-07,Northern Province,-1.65,29.85,17.05,0.26,0.93
2020-06-08,Northern Province,-1.65,29.85,16.87,1.69,0.93
2020-06-09,Northern Province,-1.65,29.85,16.91,3.88,0.93
2020-06-10,Northern Province,-1.65,29.85,15.35,5.2,0.93
2020-06-11,Northern Province,-1.65,29.85,16.02,5.75,0.93
2020-06-12,Northern Province,-1.65,29.85,16.51,14.64,0.93
2020-06-13,Northern Province,-1.65,29.85,15.69,24.73,0.94
2020-06-14,Northern Province,-1.65,29.85,16.13,5.65,0.95
2020-06-15,Northern Province,-1.65,29.85,15.6,0.71,0.95
2020-06-16,Northern Province,-1.65,29.85,15.97,0.19,0.94
2020-06-17,Northern Province,-1.65,29.85,15.82,0.06,0.94
2020-06-18,Northern Province,-1.65,29.85,15.52,0.03,0.94
2020-06-19,Northern Province,-1.65,29.85,15.31,0.1,0.94
2020-06-20,Northern Province,-1.65,29.85,16.24,5.2,0.94
2020-06-21,Northern Province,-1.65,29.85,15.67,13.98,0.94
2020-06-22,Northern Province,-1.65,29.85,16.46,3.82,0.94
2020-06-23,Northern Province,-1.65,29.85,16.38,5.27,0.94
2020-06-24,Northern Province,-1.65,29.85,15.9,2.06,0.94
2020-06-25,Northern Province,-1.65,29.85,15.71,0.59,0.94
2020-06-26,Northern Province,-1.65,29.85,15.6,0.32,0.94
2020-06-27,Northern Province,-1.65,29.85,15.7,0.91,0.94
2020-06-28,Northern Province,-1.65,29.85,16.12,0.79,0.93
2020-06-29,Northern Province,-1.65,29.85,16.16,0.08,0.93
2020-06-30,Northern Province,-1.65,29.85,15.83,0.0,0.93
2020-07-01,Northern Province,-1.65,29.85,16.07,0.0,0.93
2020-07-02,Northern Province,-1.65,29.85,16.2,0.0,0.92
2020-07-03,Northern Province,-1.65,29.85,16.13,0.0,0.92
2020-07-04,Northern Province,-1.65,29.85,15.95,0.0,0.92
2020-07-05,Northern Province,-1.65,29.85,15.81,0.11,0.92
2020-07-06,Northern Province,-1.65,29.85,15.62,0.21,0.92
2020-07-07,Northern Province,-1.65,29.85,15.95,0.13,0.91
2020-07-08,Northern Province,-1.65,29.85,15.51,0.03,0.91
2020-07-09,Northern Province,-1.65,29.85,15.4,0.03,0.91
2020-07-10,Northern Province,-1.65,29.85,15.1,13.63,0.91
2020-07-11,Northern Province,-1.65,29.85,15.81,6.01,0.91
2020-07-12,Northern Province,-1.65,29.85,16.56,10.35,0.91
2020-07-13,Northern Province,-1.65,29.85,15.61,21.19,0.92
2020-07-14,Northern Province,-1.65,29.85,15.3,8.51,0.93
2020-07-15,Northern Province,-1.65,29.85,15.57,0.4,0.93
2020-07-16,Northern Province,-1.65,29.85,15.53,0.58,0.93
2020-07-17,Northern Province,-1.65,29.85,14.59,0.11,0.92
2020-07-18,Northern Province,-1.65,29.85,13.09,0.15,0.92
2020-07-19,Northern Province,-1.65,29.85,13.58,0.02,0.92
2020-07-20,Northern Province,-1.65,29.85,14.48,4.21,0.92
2020-07-21,Northern Province,-1.65,29.85,14.89,7.53,0.92
2020-07-22,Northern Province,-1.65,29.85,15.07,6.33,0.92
2020-07-23,Northern Province,-1.65,29.85,15.61,10.45,0.92
2020-07-24,Northern Province,-1.65,29.85,15.52,13.1,0.93
2020-07-25,Northern Province,-1.65,29.85,15.45,0.26,0.93
2020-07-26,Northern Province,-1.65,29.85,16.14,0.01,0.93
2020-07-27,Northern Province,-1.65,29.85,15.85,0.1,0.93
2020-07-28,Northern Province,-1.65,29.85,15.68,0.05,0.92
2020-07-29,Northern Province,-1.65,29.85,15.47,0.01,0.92
2020-07-30,Northern Province,-1.65,29.85,15.77,0.0,0.92
2020-07-31,Northern Province,-1.65,29.85,16.5,0.0,0.92
2020-08-01,Northern Province,-1.65,29.85,15.92,0.0,0.91
2020-08-02,Northern Province,-1.65,29.85,15.21,0.0,0.91
2020-08-03,Northern Province,-1.65,29.85,14.43,0.0,0.91
2020-08-04,Northern Province,-1.65,29.85,15.7,1.16,0.91
2020-08-05,Northern Province,-1.65,29.85,16.07,2.21,0.9
2020-08-06,Northern Province,-1.65,29.85,16.88,0.02,0.9
2020-08-07,Northern Province,-1.65,29.85,17.35,2.84,0.9
2020-08-08,Northern Province,-1.65,29.85,16.1,5.98,0.9
2020-08-09,Northern Province,-1.65,29.85,16.13,0.25,0.9
2020-08-10,Northern Province,-1.65,29.85,17.74,0.45,0.9
2020-08-11,Northern Province,-1.65,29.85,17.76,4.35,0.9
2020-08-12,Northern Province,-1.65,29.85,17.75,4.16,0.9
2020-08-13,Northern Province,-1.65,29.85,17.63,1.03,0.9
2020-08-14,Northern Province,-1.65,29.85,17.82,1.59,0.9
2020-08-15,Northern Province,-1.65,29.85,17.76,0.72,0.9
2020-08-16,Northern Province,-1.65,29.85,17.56,0.15,0.89
2020-08-17,Northern Province,-1.65,29.85,17.59,0.01,0.89
2020-08-18,Northern Province,-1.65,29.85,17.38,0.01,0.89
2020-08-19,Northern Province,-1.65,29.85,17.99,0.43,0.89
2020-08-20,Northern Province,-1.65,29.85,17.68,3.68,0.88
2020-08-21,Northern Province,-1.65,29.85,17.2,6.47,0.88
2020-08-22,Northern Province,-1.65,29.85,17.08,4.4,0.89
2020-08-23,Northern Province,-1.65,29.85,16.54,1.98,0.89
2020-08-24,Northern Province,-1.65,29.85,16.71,3.66,0.88
2020-08-25,Northern Province,-1.65,29.85,17.07,3.1,0.88
2020-08-26,Northern Province,-1.65,29.85,17.18,3.84,0.88
2020-08-27,Northern Province,-1.65,29.85,17.55,0.56,0.88
2020-08-28,Northern Province,-1.65,29.85,16.82,0.33,0.88
2020-08-29,Northern Province,-1.65,29.85,18.18,2.35,0.88
2020-08-30,Northern Province,-1.65,29.85,18.31,1.15,0.88
2020-08-31,Northern Province,-1.65,29.85,17.93,2.2,0.87
2020-09-01,Northern Province,-1.65,29.85,17.04,0.98,0.87
2020-09-02,Northern Province,-1.65,29.85,16.12,0.0,0.87
2020-09-03,Northern Province,-1.65,29.85,16.3,0.01,0.87
2020-09-04,Northern Province,-1.65,29.85,17.6,0.36,0.87
2020-09-05,Northern Province,-1.65,29.85,17.54,1.1,0.86
2020-09-06,Northern Province,-1.65,29.85,16.22,5.49,0.86
2020-09-07,Northern Province,-1.65,29.85,15.95,8.11,0.87
2020-09-08,Northern Province,-1.65,29.85,16.46,5.62,0.87
2020-09-09,Northern Province,-1.65,29.85,16.85,4.59,0.87
2020-09-10,Northern Province,-1.65,29.85,16.82,2.24,0.87
2020-09-11,Northern Province,-1.65,29.85,16.9,1.86,0.87
2020-09-12,Northern Province,-1.65,29.85,16.72,4.92,0.87
2020-09-13,Northern Province,-1.65,29.85,17.49,0.81,0.87
2020-09-14,Northern Province,-1.65,29.85,17.82,0.23,0.86
2020-09-15,Northern Province,-1.65,29.85,18.28,0.87,0.86
2020-09-16,Northern Province,-1.65,29.85,18.28,1.13,0.86
2020-09-17,Northern Province,-1.65,29.85,18.76,0.5,0.86
2020-09-18,Northern Province,-1.65,29.85,18.97,0.04,0.85
2020-09-19,Northern Province,-1.65,29.85,18.14,1.17,0.85
2020-09-20,Northern Province,-1.65,29.85,18.45,2.35,0.85
2020-09-21,Northern Province,-1.65,29.85,18.15,5.51,0.85
2020-09-22,Northern Province,-1.65,29.85,17.18,4.5,0.85
2020-09-23,Northern Province,-1.65,29.85,18.06,2.53,0.85
2020-09-24,Northern Province,-1.65,29.85,17.48,4.29,0.85
2020-09-25,Northern Province,-1.65,29.85,17.96,3.27,0.85
2020-09-26,Northern Province,-1.65,29.85,18.1,4.72,0.85
2020-09-27,Northern Province,-1.65,29.85,17.61,4.96,0.85
2020-09-28,Northern Province,-1.65,29.85,18.14,1.49,0.85
2020-09-29,Northern Province,-1.65,29.85,18.13,2.15,0.85
2020-09-30,Northern Province,-1.65,29.85,17.78,2.13,0.85
2020-10-01,Northern Province,-1.65,29.85,17.46,13.24,0.85
2020-10-02,Northern Province,-1.65,29.85,17.45,1.89,0.86
2020-10-03,Northern Province,-1.65,29.85,18.08,1.21,0.85
2020-10-04,Northern Province,-1.65,29.85,17.08,3.59,0.85
2020-10-05,Northern Province,-1.65,29.85,18.32,1.05,0.85
2020-10-06,Northern Province,-1.65,29.85,18.45,1.75,0.85
2020-10-07,Northern Province,-1.65,29.85,18.49,0.69,0.85
2020-10-08,Northern Province,-1.65,29.85,18.36,1.04,0.85
2020-10-09,Northern Province,-1.65,29.85,18.04,1.77,0.84
2020-10-10,Northern Province,-1.65,29.85,17.76,10.23,0.85
2020-10-11,Northern Province,-1.65,29.85,18.05,1.78,0.85
2020-10-12,Northern Province,-1.65,29.85,17.33,2.7,0.85
2020-10-13,Northern Province,-1.65,29.85,17.8,4.59,0.85
2020-10-14,Northern Province,-1.65,29.85,17.87,2.37,0.85
2020-10-15,Northern Province,-1.65,29.85,18.04,1.06,0.85
2020-10-16,Northern Province,-1.65,29.85,16.72,8.68,0.85
2020-10-17,Northern Province,-1.65,29.85,17.83,3.7,0.85
2020-10-18,Northern Province,-1.65,29.85,16.62,13.53,0.85
2020-10-19,Northern Province,-1.65,29.85,17.41,10.69,0.86
2020-10-20,Northern Province,-1.65,29.85,18.04,14.83,0.86
2020-10-21,Northern Province,-1.65,29.85,17.63,9.3,0.87
2020-10-22,Northern Province,-1.65,29.85,17.16,24.79,0.87
2020-10-23,Northern Province,-1.65,29.85,17.87,2.31,0.88
2020-10-24,Northern Province,-1.65,29.85,18.73,0.46,0.88
2020-10-25,Northern Province,-1.65,29.85,18.17,5.33,0.88
2020-10-26,Northern Province,-1.65,29.85,17.78,30.04,0.89
2020-10-27,Northern Province,-1.65,29.85,16.69,2.44,0.89
2020-10-28,Northern Province,-1.65,29.85,17.73,9.98,0.89
2020-10-29,Northern Province,-1.65,29.85,16.49,11.41,0.9
2020-10-30,Northern Province,-1.65,29.85,16.7,6.73,0.9
2020-10-31,Northern Province,-1.65,29.85,16.31,8.0,0.9
2020-11-01,Northern Province,-1.65,29.85,16.39,3.02,0.9
2020-11-02,Northern Province,-1.65,29.85,17.52,2.39,0.9
2020-11-03,Northern Province,-1.65,29.85,17.83,2.08,0.9
2020-11-04,Northern Province,-1.65,29.85,17.65,16.31,0.91
2020-11-05,Northern Province,-1.65,29.85,17.39,4.27,0.91
2020-11-06,Northern Province,-1.65,29.85,16.43,12.5,0.91
2020-11-07,Northern Province,-1.65,29.85,16.75,6.49,0.91
2020-11-08,Northern Province,-1.65,29.85,17.07,3.19,0.91
2020-11-09,Northern Province,-1.65,29.85,17.16,7.01,0.91
2020-11-10,Northern Province,-1.65,29.85,16.62,6.49,0.91
2020-11-11,Northern Province,-1.65,29.85,17.37,2.34,0.92
2020-11-12,Northern Province,-1.65,29.85,17.79,2.81,0.91
2020-11-13,Northern Province,-1.65,29.85,17.98,4.87,0.91
2020-11-14,Northern Province,-1.65,29.85,18.78,11.81,0.91
2020-11-15,Northern Province,-1.65,29.85,18.09,31.51,0.92
2020-11-16,Northern Province,-1.65,29.85,17.85,26.93,0.93
2020-11-17,Northern Province,-1.65,29.85,17.38,72.56,0.95
2020-11-18,Northern Province,-1.65,29.85,17.16,33.45,0.96
2020-11-19,Northern Province,-1.65,29.85,16.09,12.57,0.97
2020-11-20,Northern Province,-1.65,29.85,17.59,8.48,0.97
2020-11-21,Northern Province,-1.65,29.85,17.66,43.59,0.97
2020-11-22,Northern Province,-1.65,29.85,17.67,9.49,0.98
2020-11-23,Northern Province,-1.65,29.85,17.93,2.12,0.98
2020-11-24,Northern Province,-1.65,29.85,17.65,3.52,0.98
2020-11-25,Northern Province,-1.65,29.85,16.94,3.52,0.97
2020-11-26,Northern Province,-1.65,29.85,18.18,0.74,0.97
2020-11-27,Northern Province,-1.65,29.85,17.64,1.53,0.97
2020-11-28,Northern Province,-1.65,29.85,16.97,2.9,0.97
2020-11-29,Northern Province,-1.65,29.85,16.35,2.89,0.97
2020-11-30,Northern Province,-1.65,29.85,17.89,3.06,0.96
2020-12-01,Northern Province,-1.65,29.85,18.32,0.96,0.96
2020-12-02,Northern Province,-1.65,29.85,17.8,2.94,0.96
2020-12-03,Northern Province,-1.65,29.85,17.04,4.41,0.96
2020-12-04,Northern Province,-1.65,29.85,17.32,3.37,0.96
2020-12-05,Northern Province,-1.65,29.85,17.34,1.28,0.96
2020-12-06,Northern Province,-1.65,29.85,16.97,1.04,0.96
2020-12-07,Northern Province,-1.65,29.85,17.82,0.96,0.95
2020-12-08,Northern Province,-1.65,29.85,17.94,0.54,0.95
2020-12-09,Northern Province,-1.65,29.85,16.94,2.19,0.95
2020-12-10,Northern Province,-1.65,29.85,17.4,1.11,0.95
2020-12-11,Northern Province,-1.65,29.85,16.95,1.24,0.95
2020-12-12,Northern Province,-1.65,29.85,16.92,52.03,0.95
2020-12-13,Northern Province,-1.65,29.85,17.01,14.02,0.96
2020-12-14,Northern Province,-1.65,29.85,16.97,4.7,0.96
2020-12-15,Northern Province,-1.65,29.85,17.63,3.23,0.96
2020-12-16,Northern Province,-1.65,29.85,18.02,6.6,0.96
2020-12-17,Northern Province,-1.65,29.85,17.36,1.36,0.96
2020-12-18,Northern Province,-1.65,29.85,16.64,7.71,0.95
2020-12-19,Northern Province,-1.65,29.85,15.82,10.38,0.96
2020-12-20,Northern Province,-1.65,29.85,17.25,6.09,0.96
2020-12-21,Northern Province,-1.65,29.85,17.2,2.82,0.96
2020-12-22,Northern Province,-1.65,29.85,17.89,1.73,0.96
2020-12-23,Northern Province,-1.65,29.85,17.96,5.46,0.95
2020-12-24,Northern Province,-1.65,29.85,17.81,4.44,0.95
2020-12-25,Northern Province,-1.65,29.85,18.03,9.04,0.95
2020-12-26,Northern Province,-1.65,29.85,17.68,6.1,0.95
2020-12-27,Northern Province,-1.65,29.85,17.24,6.18,0.95
2020-12-28,Northern Province,-1.65,29.85,17.45,0.25,0.95
2020-12-29,Northern Province,-1.65,29.85,18.11,0.85,0.95
2020-12-30,Northern Province,-1.65,29.85,18.18,4.13,0.95
2020-12-31,Northern Province,-1.65,29.85,17.65,26.19,0.95
2021-01-01,Northern Province,-1.65,29.85,16.13,41.91,0.96
2021-01-02,Northern Province,-1.65,29.85,16.89,4.78,0.96
2021-01-03,Northern Province,-1.65,29.85,16.43,2.52,0.96
2021-01-04,Northern Province,-1.65,29.85,16.97,2.29,0.96
2021-01-05,Northern Province,-1.65,29.85,17.41,2.7,0.96
2021-01-06,Northern Province,-1.65,29.85,17.51,2.4,0.95
2021-01-07,Northern Province,-1.65,29.85,17.91,0.37,0.95
2021-01-08,Northern Province,-1.65,29.85,18.16,0.39,0.95
2021-01-09,Northern Province,-1.65,29.85,17.97,2.89,0.95
2021-01-10,Northern Province,-1.65,29.85,17.03,1.89,0.95
2021-01-11,Northern Province,-1.65,29.85,17.7,14.23,0.94
2021-01-12,Northern Province,-1.65,29.85,17.04,63.13,0.96
2021-01-13,Northern Province,-1.65,29.85,16.54,6.61,0.96
2021-01-14,Northern Province,-1.65,29.85,17.4,11.17,0.96
2021-01-15,Northern Province,-1.65,29.85,17.26,7.63,0.96
2021-01-16,Northern Province,-1.65,29.85,16.99,7.37,0.97
2021-01-17,Northern Province,-1.65,29.85,17.25,2.52,0.97
2021-01-18,Northern Province,-1.65,29.85,16.71,1.68,0.96
2021-01-19,Northern Province,-1.65,29.85,16.63,6.12,0.96
2021-01-20,Northern Province,-1.65,29.85,16.54,22.24,0.97
2021-01-21,Northern Province,-1.65,29.85,17.07,13.31,0.97
2021-01-22,Northern Province,-1.65,29.85,17.6,8.54,0.97
2021-01-23,Northern Province,-1.65,29.85,16.4,4.13,0.97
2021-01-24,Northern Province,-1.65,29.85,17.19,13.03,0.97
2021-01-25,Northern Province,-1.65,29.85,16.87,12.09,0.97
2021-01-26,Northern Province,-1.65,29.85,16.45,24.04,0.98
2021-01-27,Northern Province,-1.65,29.85,17.54,1.56,0.98
2021-01-28,Northern Province,-1.65,29.85,17.88,1.38,0.97
2021-01-29,Northern Province,-1.65,29.85,17.98,1.06,0.97
2021-01-30,Northern Province,-1.65,29.85,17.98,8.24,0.97
2021-01-31,Northern Province,-1.65,29.85,17.93,1.44,0.97
2021-02-01,Northern Province,-1.65,29.85,18.18,0.18,0.96
2021-02-02,Northern Province,-1.65,29.85,18.36,1.19,0.96
2021-02-03,Northern Province,-1.65,29.85,18.27,0.74,0.96
2021-02-04,Northern Province,-1.65,29.85,17.74,8.13,0.96
2021-02-05,Northern Province,-1.65,29.85,17.66,35.59,0.96
2021-02-06,Northern Province,-1.65,29.85,17.41,18.17,0.96
2021-02-07,Northern Province,-1.65,29.85,17.61,2.92,0.97
2021-02-08,Northern Province,-1.65,29.85,17.6,0.54,0.97
2021-02-09,Northern Province,-1.65,29.85,18.29,2.93,0.96
2021-02-10,Northern Province,-1.65,29.85,18.31,4.21,0.96
2021-02-11,Northern Province,-1.65,29.85,17.51,15.12,0.96
2021-02-12,Northern Province,-1.65,29.85,17.15,18.63,0.97
2021-02-13,Northern Province,-1.65,29.85,17.44,1.66,0.97
2021-02-14,Northern Province,-1.65,29.85,17.29,4.48,0.97
2021-02-15,Northern Province,-1.65,29.85,18.47,14.8,0.97
2021-02-16,Northern Province,-1.65,29.85,18.43,20.05,0.97
2021-02-17,Northern Province,-1.65,29.85,18.4,8.62,0.97
2021-02-18,Northern Province,-1.65,29.85,18.51,5.09,0.97
2021-02-19,Northern Province,-1.65,29.85,18.54,1.9,0.97
2021-02-20,Northern Province,-1.65,29.85,18.13,1.78,0.97
2021-02-21,Northern Province,-1.65,29.85,18.38,3.03,0.97
2021-02-22,Northern Province,-1.65,29.85,18.41,1.11,0.97
2021-02-23,Northern Province,-1.65,29.85,16.27,3.06,0.96
2021-02-24,Northern Province,-1.65,29.85,17.05,1.7,0.96
2021-02-25,Northern Province,-1.65,29.85,17.82,0.31,0.96
2021-02-26,Northern Province,-1.65,29.85,17.54,2.17,0.96
2021-02-27,Northern Province,-1.65,29.85,17.86,0.74,0.96
2021-02-28,Northern Province,-1.65,29.85,18.25,0.74,0.95
2021-03-01,Northern Province,-1.65,29.85,18.31,1.27,0.95
2021-03-02,Northern Province,-1.65,29.85,17.84,1.9,0.95
2021-03-03,Northern Province,-1.65,29.85,18.79,1.62,0.95
2021-03-04,Northern Province,-1.65,29.85,18.48,5.43,0.94
2021-03-05,Northern Province,-1.65,29.85,17.61,7.02,0.95
2021-03-06,Northern Province,-1.65,29.85,17.14,7.23,0.95
2021-03-07,Northern Province,-1.65,29.85,16.56,2.0,0.95
2021-03-08,Northern Province,-1.65,29.85,17.82,0.82,0.95
2021-03-09,Northern Province,-1.65,29.85,17.93,16.14,0.95
2021-03-10,Northern Province,-1.65,29.85,17.39,0.75,0.95
2021-03-11,Northern Province,-1.65,29.85,17.59,0.08,0.95
2021-03-12,Northern Province,-1.65,29.85,17.58,0.07,0.94
2021-03-13,Northern Province,-1.65,29.85,17.56,0.09,0.94
2021-03-14,Northern Province,-1.65,29.85,17.29,0.09,0.93
2021-03-15,Northern Province,-1.65,29.85,17.43,1.49,0.93
2021-03-16,Northern Province,-1.65,29.85,16.72,3.4,0.93
2021-03-17,Northern Province,-1.65,29.85,16.03,4.98,0.93
2021-03-18,Northern Province,-1.65,29.85,17.37,0.57,0.93
2021-03-19,Northern Province,-1.65,29.85,17.43,1.15,0.93
2021-03-20,Northern Province,-1.65,29.85,17.12,4.44,0.93
2021-03-21,Northern Province,-1.65,29.85,15.72,8.19,0.93
2021-03-22,Northern Province,-1.65,29.85,15.57,4.53,0.93
2021-03-23,Northern Province,-1.65,29.85,16.55,1.69,0.93
2021-03-24,Northern Province,-1.65,29.85,17.03,4.61,0.93
2021-03-25,Northern Province,-1.65,29.85,18.13,1.02,0.93
2021-03-26,Northern Province,-1.65,29.85,17.91,0.43,0.93
2021-03-27,Northern Province,-1.65,29.85,16.73,0.14,0.92
2021-03-28,Northern Province,-1.65,29.85,17.74,0.16,0.92
2021-03-29,Northern Province,-1.65,29.85,17.93,2.0,0.92
2021-03-30,Northern Province,-1.65,29.85,17.03,23.23,0.92
2021-03-31,Northern Province,-1.65,29.85,16.03,4.19,0.93
2021-04-01,Northern Province,-1.65,29.85,16.39,1.46,0.93
2021-04-02,Northern Province,-1.65,29.85,16.89,3.22,0.93
2021-04-03,Northern Province,-1.65,29.85,16.79,3.97,0.93
2021-04-04,Northern Province,-1.65,29.85,16.69,4.24,0.93
2021-04-05,Northern Province,-1.65,29.85,17.32,4.23,0.93
2021-04-06,Northern Province,-1.65,29.85,17.15,20.88,0.93
2021-04-07,Northern Province,-1.65,29.85,16.75,5.96,0.94
2021-04-08,Northern Province,-1.65,29.85,17.3,13.21,0.94
2021-04-09,Northern Province,-1.65,29.85,16.86,22.21,0.94
2021-04-10,Northern Province,-1.65,29.85,17.46,5.2,0.95
2021-04-11,Northern Province,-1.65,29.85,16.81,9.49,0.95
2021-04-12,Northern Province,-1.65,29.85,16.54,5.41,0.95
2021-04-13,Northern Province,-1.65,29.85,16.45,8.51,0.95
2021-04-14,Northern Province,-1.65,29.85,17.36,10.63,0.95
2021-04-15,Northern Province,-1.65,29.85,18.1,5.67,0.96
2021-04-16,Northern Province,-1.65,29.85,17.94,1.23,0.95
2021-04-17,Northern Province,-1.65,29.85,17.34,1.68,0.95
2021-04-18,Northern Province,-1.65,29.85,17.5,3.92,0.95
2021-04-19,Northern Province,-1.65,29.85,17.19,3.29,0.95
2021-04-20,Northern Province,-1.65,29.85,15.76,12.51,0.95
2021-04-21,Northern Province,-1.65,29.85,16.54,2.84,0.95
2021-04-22,Northern Province,-1.65,29.85,17.03,3.62,0.95
2021-04-23,Northern Province,-1.65,29.85,16.65,5.78,0.95
2021-04-24,Northern Province,-1.65,29.85,16.99,4.16,0.95
2021-04-25,Northern Province,-1.65,29.85,17.1,21.04,0.95
2021-04-26,Northern Province,-1.65,29.85,17.52,3.43,0.96
2021-04-27,Northern Province,-1.65,29.85,18.09,0.83,0.96
2021-04-28,Northern Province,-1.65,29.85,17.67,0.36,0.95
2021-04-29,Northern Province,-1.65,29.85,16.79,0.86,0.95
2021-04-30,Northern Province,-1.65,29.85,17.39,0.72,0.95
2021-05-01,Northern Province,-1.65,29.85,17.39,2.13,0.95
2021-05-02,Northern Province,-1.65,29.85,17.53,3.45,0.94
2021-05-03,Northern Province,-1.65,29.85,17.28,2.68,0.94
2021-05-04,Northern Province,-1.65,29.85,16.76,3.81,0.94
2021-05-05,Northern Province,-1.65,29.85,17.15,1.49,0.94
2021-05-06,Northern Province,-1.65,29.85,17.17,7.26,0.94
2021-05-07,Northern Province,-1.65,29.85,17.05,4.23,0.94
2021-05-08,Northern Province,-1.65,29.85,17.02,6.3,0.94
2021-05-09,Northern Province,-1.65,29.85,18.06,4.71,0.94
2021-05-10,Northern Province,-1.65,29.85,16.21,6.43,0.94
2021-05-11,Northern Province,-1.65,29.85,16.97,44.32,0.95
2021-05-12,Northern Province,-1.65,29.85,16.38,10.47,0.96
2021-05-13,Northern Province,-1.65,29.85,17.48,4.39,0.96
2021-05-14,Northern Province,-1.65,29.85,17.46,15.62,0.96
2021-05-15,Northern Province,-1.65,29.85,17.55,8.39,0.96
2021-05-16,Northern Province,-1.65,29.85,17.84,1.45,0.96
2021-05-17,Northern Province,-1.65,29.85,18.11,0.81,0.96
2021-05-18,Northern Province,-1.65,29.85,18.02,2.41,0.96
2021-05-19,Northern Province,-1.65,29.85,17.65,1.28,0.96
2021-05-20,Northern Province,-1.65,29.85,17.78,0.99,0.95
2021-05-21,Northern Province,-1.65,29.85,18.03,1.7,0.95
2021-05-22,Northern Province,-1.65,29.85,18.31,0.42,0.95
2021-05-23,Northern Province,-1.65,29.85,17.68,0.72,0.95
2021-05-24,Northern Province,-1.65,29.85,16.59,1.42,0.95
2021-05-25,Northern Province,-1.65,29.85,16.48,0.36,0.94
2021-05-26,Northern Province,-1.65,29.85,16.35,0.04,0.94
2021-05-27,Northern Province,-1.65,29.85,17.24,0.34,0.94
2021-05-28,Northern Province,-1.65,29.85,17.52,0.01,0.94
2021-05-29,Northern Province,-1.65,29.85,17.85,0.26,0.93
2021-05-30,Northern Province,-1.65,29.85,16.88,0.12,0.93
2021-05-31,Northern Province,-1.65,29.85,17.2,1.37,0.93
2021-06-01,Northern Province,-1.65,29.85,17.43,1.7,0.93
2021-06-02,Northern Province,-1.65,29.85,17.15,0.29,0.93
2021-06-03,Northern Province,-1.65,29.85,17.21,1.56,0.92
2021-06-04,Northern Province,-1.65,29.85,16.45,0.65,0.92
2021-06-05,Northern Province,-1.65,29.85,16.87,0.19,0.92
2021-06-06,Northern Province,-1.65,29.85,16.44,0.55,0.92
2021-06-07,Northern Province,-1.65,29.85,15.93,0.2,0.92
2021-06-08,Northern Province,-1.65,29.85,15.45,0.13,0.92
2021-06-09,Northern Province,-1.65,29.85,15.46,0.08,0.91
2021-06-10,Northern Province,-1.65,29.85,15.48,0.59,0.91
2021-06-11,Northern Province,-1.65,29.85,15.6,0.18,0.91
2021-06-12,Northern Province,-1.65,29.85,16.01,0.15,0.91
2021-06-13,Northern Province,-1.65,29.85,16.32,0.08,0.9
2021-06-14,Northern Province,-1.65,29.85,16.32,1.33,0.9
2021-06-15,Northern Province,-1.65,29.85,18.09,1.97,0.9
2021-06-16,Northern Province,-1.65,29.85,17.11,18.67,0.91
2021-06-17,Northern Province,-1.65,29.85,16.48,6.82,0.91
2021-06-18,Northern Province,-1.65,29.85,14.99,8.88,0.91
2021-06-19,Northern Province,-1.65,29.85,15.26,2.26,0.91
2021-06-20,Northern Province,-1.65,29.85,16.07,0.11,0.91
2021-06-21,Northern Province,-1.65,29.85,15.01,0.04,0.91
2021-06-22,Northern Province,-1.65,29.85,14.7,0.04,0.91
2021-06-23,Northern Province,-1.65,29.85,15.33,0.03,0.91
2021-06-24,Northern Province,-1.65,29.85,15.51,0.0,0.9
2021-06-25,Northern Province,-1.65,29.85,15.66,0.21,0.9
2021-06-26,Northern Province,-1.65,29.85,16.1,0.25,0.9
2021-06-27,Northern Province,-1.65,29.85,15.5,0.01,0.9
2021-06-28,Northern Province,-1.65,29.85,14.91,0.33,0.89
2021-06-29,Northern Province,-1.65,29.85,14.84,0.35,0.89
2021-06-30,Northern Province,-1.65,29.85,15.25,0.19,0.89
2021-07-01,Northern Province,-1.65,29.85,16.18,0.26,0.89
2021-07-02,Northern Province,-1.65,29.85,16.57,0.12,0.89
2021-07-03,Northern Province,-1.65,29.85,16.33,0.04,0.88
2021-07-04,Northern Province,-1.65,29.85,16.24,0.01,0.88
2021-07-05,Northern Province,-1.65,29.85,15.96,0.08,0.88
2021-07-06,Northern Province,-1.65,29.85,15.47,0.03,0.88
2021-07-07,Northern Province,-1.65,29.85,15.48,0.06,0.87
2021-07-08,Northern Province,-1.65,29.85,15.39,0.94,0.87
2021-07-09,Northern Province,-1.65,29.85,15.56,2.34,0.87
2021-07-10,Northern Province,-1.65,29.85,14.82,2.23,0.87
2021-07-11,Northern Province,-1.65,29.85,15.25,1.25,0.87
2021-07-12,Northern Province,-1.65,29.85,15.19,0.8,0.87
2021-07-13,Northern Province,-1.65,29.85,16.74,3.24,0.87
2021-07-14,Northern Province,-1.65,29.85,15.86,14.27,0.88
2021-07-15,Northern Province,-1.65,29.85,16.14,3.28,0.88
2021-07-16,Northern Province,-1.65,29.85,15.7,0.9,0.88
2021-07-17,Northern Province,-1.65,29.85,15.38,0.44,0.87
2021-07-18,Northern Province,-1.65,29.85,15.14,0.52,0.87
2021-07-19,Northern Province,-1.65,29.85,15.79,0.03,0.87
2021-07-20,Northern Province,-1.65,29.85,15.83,0.0,0.87
2021-07-21,Northern Province,-1.65,29.85,15.95,0.0,0.86
2021-07-22,Northern Province,-1.65,29.85,15.24,0.0,0.86
2021-07-23,Northern Province,-1.65,29.85,16.01,0.0,0.86
2021-07-24,Northern Province,-1.65,29.85,15.23,0.0,0.86
2021-07-25,Northern Province,-1.65,29.85,15.09,0.03,0.86
2021-07-26,Northern Province,-1.65,29.85,14.77,0.02,0.85
2021-07-27,Northern Province,-1.65,29.85,14.47,0.02,0.85
2021-07-28,Northern Province,-1.65,29.85,15.26,0.02,0.85
2021-07-29,Northern Province,-1.65,29.85,15.99,0.02,0.85
2021-07-30,Northern Province,-1.65,29.85,15.92,0.03,0.85
2021-07-31,Northern Province,-1.65,29.85,14.91,0.0,0.84
2021-08-01,Northern Province,-1.65,29.85,14.84,0.17,0.84
2021-08-02,Northern Province,-1.65,29.85,15.7,0.13,0.84
2021-08-03,Northern Province,-1.65,29.85,16.66,0.04,0.84
2021-08-04,Northern Province,-1.65,29.85,16.93,0.88,0.84
2021-08-05,Northern Province,-1.65,29.85,16.95,1.88,0.84
2021-08-06,Northern Province,-1.65,29.85,16.51,2.23,0.83
2021-08-07,Northern Province,-1.65,29.85,16.74,0.73,0.83
2021-08-08,Northern Province,-1.65,29.85,17.53,2.25,0.83
2021-08-09,Northern Province,-1.65,29.85,17.46,18.19,0.83
2021-08-10,Northern Province,-1.65,29.85,17.05,40.92,0.85
2021-08-11,Northern Province,-1.65,29.85,16.79,12.13,0.86
2021-08-12,Northern Province,-1.65,29.85,16.82,2.96,0.86
2021-08-13,Northern Province,-1.65,29.85,18.16,6.13,0.86
2021-08-14,Northern Province,-1.65,29.85,16.98,1.83,0.86
2021-08-15,Northern Province,-1.65,29.85,16.07,0.4,0.86
2021-08-16,Northern Province,-1.65,29.85,15.65,0.07,0.86
2021-08-17,Northern Province,-1.65,29.85,16.63,0.26,0.86
2021-08-18,Northern Province,-1.65,29.85,17.07,0.58,0.86
2021-08-19,Northern Province,-1.65,29.85,17.37,1.88,0.85
2021-08-20,Northern Province,-1.65,29.85,16.78,4.5,0.85
2021-08-21,Northern Province,-1.65,29.85,17.09,9.85,0.86
2021-08-22,Northern Province,-1.65,29.85,17.02,1.56,0.86
2021-08-23,Northern Province,-1.65,29.85,17.38,0.46,0.86
2021-08-24,Northern Province,-1.65,29.85,16.88,0.0,0.85
2021-08-25,Northern Province,-1.65,29.85,16.92,0.0,0.85
2021-08-26,Northern Province,-1.65,29.85,17.04,0.0,0.85
2021-08-27,Northern Province,-1.65,29.85,17.24,0.0,0.85
2021-08-28,Northern Province,-1.65,29.85,17.73,0.0,0.84
2021-08-29,Northern Province,-1.65,29.85,18.79,0.4,0.84
2021-08-30,Northern Province,-1.65,29.85,18.37,6.15,0.84
2021-08-31,Northern Province,-1.65,29.85,18.05,4.19,0.84
2021-09-01,Northern Province,-1.65,29.85,16.91,6.07,0.84
2021-09-02,Northern Province,-1.65,29.85,17.0,9.76,0.84
2021-09-03,Northern Province,-1.65,29.85,17.15,13.52,0.85
2021-09-04,Northern Province,-1.65,29.85,16.96,1.97,0.85
2021-09-05,Northern Province,-1.65,29.85,17.78,3.08,0.85
2021-09-06,Northern Province,-1.65,29.85,17.23,7.1,0.85
2021-09-07,Northern Province,-1.65,29.85,17.82,20.8,0.85
2021-09-08,Northern Province,-1.65,29.85,17.22,2.18,0.86
2021-09-09,Northern Province,-1.65,29.85,17.46,2.31,0.86
2021-09-10,Northern Province,-1.65,29.85,17.39,0.66,0.86
2021-09-11,Northern Province,-1.65,29.85,16.88,0.47,0.86
2021-09-12,Northern Province,-1.65,29.85,17.17,0.41,0.86
2021-09-13,Northern Province,-1.65,29.85,17.15,4.14,0.85
2021-09-14,Northern Province,-1.65,29.85,18.17,0.27,0.85
2021-09-15,Northern Province,-1.65,29.85,18.84,1.7,0.85
2021-09-16,Northern Province,-1.65,29.85,18.75,119.2,0.86
2021-09-17,Northern Province,-1.65,29.85,17.33,29.58,0.88
2021-09-18,Northern Province,-1.65,29.85,15.82,7.59,0.89
2021-09-19,Northern Province,-1.65,29.85,16.02,1.12,0.89
2021-09-20,Northern Province,-1.65,29.85,17.69,0.11,0.88
2021-09-21,Northern Province,-1.65,29.85,18.08,0.05,0.88
2021-09-22,Northern Province,-1.65,29.85,17.3,1.32,0.88
2021-09-23,Northern Province,-1.65,29.85,16.85,4.92,0.88
2021-09-24,Northern Province,-1.65,29.85,17.18,2.59,0.88
2021-09-25,Northern Province,-1.65,29.85,16.23,2.19,0.88
2021-09-26,Northern Province,-1.65,29.85,16.96,2.14,0.88
2021-09-27,Northern Province,-1.65,29.85,18.18,2.24,0.88
2021-09-28,Northern Province,-1.65,29.85,18.33,1.55,0.87
2021-09-29,Northern Province,-1.65,29.85,18.49,0.81,0.87
2021-09-30,Northern Province,-1.65,29.85,19.02,0.95,0.87
2021-10-01,Northern Province,-1.65,29.85,18.51,2.56,0.87
2021-10-02,Northern Province,-1.65,29.85,18.79,7.27,0.87
2021-10-03,Northern Province,-1.65,29.85,17.6,7.0,0.87
2021-10-04,Northern Province,-1.65,29.85,17.93,0.63,0.87
2021-10-05,Northern Province,-1.65,29.85,18.76,1.02,0.87
2021-10-06,Northern Province,-1.65,29.85,18.23,1.55,0.87
2021-10-07,Northern Province,-1.65,29.85,18.39,0.27,0.87
2021-10-08,Northern Province,-1.65,29.85,19.09,0.21,0.86
2021-10-09,Northern Province,-1.65,29.85,19.0,2.42,0.86
2021-10-10,Northern Province,-1.65,29.85,18.91,3.57,0.86
2021-10-11,Northern Province,-1.65,29.85,17.92,7.79,0.86
2021-10-12,Northern Province,-1.65,29.85,18.26,0.73,0.86
2021-10-13,Northern Province,-1.65,29.85,17.26,0.5,0.86
2021-10-14,Northern Province,-1.65,29.85,18.57,0.77,0.86
2021-10-15,Northern Province,-1.65,29.85,18.4,0.8,0.86
2021-10-16,Northern Province,-1.65,29.85,18.13,2.08,0.86
2021-10-17,Northern Province,-1.65,29.85,18.6,3.25,0.85
2021-10-18,Northern Province,-1.65,29.85,18.77,6.57,0.86
2021-10-19,Northern Province,-1.65,29.85,18.52,1.79,0.85
2021-10-20,Northern Province,-1.65,29.85,16.72,2.05,0.85
2021-10-21,Northern Province,-1.65,29.85,16.6,4.32,0.85
2021-10-22,Northern Province,-1.65,29.85,17.76,2.97,0.85
2021-10-23,Northern Province,-1.65,29.85,17.07,7.89,0.86
2021-10-24,Northern Province,-1.65,29.85,19.64,0.39,0.86
2021-10-25,Northern Province,-1.65,29.85,19.78,0.41,0.85
2021-10-26,Northern Province,-1.65,29.85,18.92,3.73,0.85
2021-10-27,Northern Province,-1.65,29.85,18.09,8.13,0.85
2021-10-28,Northern Province,-1.65,29.85,16.62,7.85,0.86
2021-10-29,Northern Province,-1.65,29.85,18.47,3.77,0.86
2021-10-30,Northern Province,-1.65,29.85,17.72,5.53,0.86
2021-10-31,Northern Province,-1.65,29.85,18.67,5.78,0.86
2021-11-01,Northern Province,-1.65,29.85,17.51,11.09,0.86
2021-11-02,Northern Province,-1.65,29.85,17.88,46.44,0.86
2021-11-03,Northern Province,-1.65,29.85,17.61,53.03,0.89
2021-11-04,Northern Province,-1.65,29.85,17.89,7.52,0.9
2021-11-05,Northern Province,-1.65,29.85,16.99,15.57,0.91
2021-11-06,Northern Province,-1.65,29.85,17.85,11.02,0.91
2021-11-07,Northern Province,-1.65,29.85,18.31,1.58,0.91
2021-11-08,Northern Province,-1.65,29.85,18.41,0.13,0.91
2021-11-09,Northern Province,-1.65,29.85,17.07,0.21,0.9
2021-11-10,Northern Province,-1.65,29.85,18.41,2.2,0.9
2021-11-11,Northern Province,-1.65,29.85,17.41,2.35,0.9
2021-11-12,Northern Province,-1.65,29.85,18.36,1.44,0.9
2021-11-13,Northern Province,-1.65,29.85,17.82,1.17,0.9
2021-11-14,Northern Province,-1.65,29.85,18.35,1.69,0.9
2021-11-15,Northern Province,-1.65,29.85,18.46,3.05,0.89
2021-11-16,Northern Province,-1.65,29.85,18.19,25.76,0.89
2021-11-17,Northern Province,-1.65,29.85,17.18,9.74,0.9
2021-11-18,Northern Province,-1.65,29.85,17.76,4.43,0.9
2021-11-19,Northern Province,-1.65,29.85,17.92,1.78,0.9
2021-11-20,Northern Province,-1.65,29.85,18.32,2.67,0.9
2021-11-21,Northern Province,-1.65,29.85,17.82,6.83,0.9
2021-11-22,Northern Province,-1.65,29.85,17.54,2.0,0.9
2021-11-23,Northern Province,-1.65,29.85,18.63,2.44,0.9
2021-11-24,Northern Province,-1.65,29.85,18.16,1.23,0.9
2021-11-25,Northern Province,-1.65,29.85,18.56,10.05,0.9
2021-11-26,Northern Province,-1.65,29.85,16.45,8.06,0.9
2021-11-27,Northern Province,-1.65,29.85,16.74,4.38,0.9
2021-11-28,Northern Province,-1.65,29.85,17.32,5.09,0.9
2021-11-29,Northern Province,-1.65,29.85,16.86,3.04,0.9
2021-11-30,Northern Province,-1.65,29.85,17.14,3.87,0.9
2021-12-01,Northern Province,-1.65,29.85,17.98,4.89,0.9
2021-12-02,Northern Province,-1.65,29.85,17.86,2.04,0.9
2021-12-03,Northern Province,-1.65,29.85,16.52,8.95,0.9
2021-12-04,Northern Province,-1.65,29.85,17.21,1.45,0.9
2021-12-05,Northern Province,-1.65,29.85,17.1,2.08,0.9
2021-12-06,Northern Province,-1.65,29.85,17.6,0.75,0.9
2021-12-07,Northern Province,-1.65,29.85,17.01,4.3,0.9
2021-12-08,Northern Province,-1.65,29.85,17.71,2.47,0.9
2021-12-09,Northern Province,-1.65,29.85,17.86,3.56,0.9
2021-12-10,Northern Province,-1.65,29.85,17.49,25.68,0.9
2021-12-11,Northern Province,-1.65,29.85,17.57,23.65,0.91
2021-12-12,Northern Province,-1.65,29.85,18.32,2.25,0.91
2021-12-13,Northern Province,-1.65,29.85,17.98,6.26,0.91
2021-12-14,Northern Province,-1.65,29.85,17.49,6.6,0.91
2021-12-15,Northern Province,-1.65,29.85,18.02,5.12,0.91
2021-12-16,Northern Province,-1.65,29.85,17.66,8.24,0.91
2021-12-17,Northern Province,-1.65,29.85,17.74,4.41,0.92
2021-12-18,Northern Province,-1.65,29.85,17.59,1.53,0.91
2021-12-19,Northern Province,-1.65,29.85,18.33,2.31,0.91
2021-12-20,Northern Province,-1.65,29.85,17.73,1.66,0.91
2021-12-21,Northern Province,-1.65,29.85,17.03,12.39,0.92
2021-12-22,Northern Province,-1.65,29.85,17.96,3.28,0.92
2021-12-23,Northern Province,-1.65,29.85,18.12,3.87,0.92
2021-12-24,Northern Province,-1.65,29.85,18.04,5.54,0.92
2021-12-25,Northern Province,-1.65,29.85,17.99,3.49,0.92
2021-12-26,Northern Province,-1.65,29.85,17.23,24.09,0.92
2021-12-27,Northern Province,-1.65,29.85,16.64,8.77,0.93
2021-12-28,Northern Province,-1.65,29.85,17.06,2.72,0.93
2021-12-29,Northern Province,-1.65,29.85,17.47,9.55,0.93
2021-12-30,Northern Province,-1.65,29.85,17.72,21.56,0.93
2021-12-31,Northern Province,-1.65,29.85,17.6,8.53,0.94
2022-01-01,Northern Province,-1.65,29.85,17.52,1.33,0.94
2022-01-02,Northern Province,-1.65,29.85,17.76,0.58,0.94
2022-01-03,Northern Province,-1.65,29.85,18.11,2.61,0.93
2022-01-04,Northern Province,-1.65,29.85,17.89,2.04,0.93
2022-01-05,Northern Province,-1.65,29.85,18.34,0.38,0.93
2022-01-06,Northern Province,-1.65,29.85,18.32,0.01,0.93
2022-01-07,Northern Province,-1.65,29.85,18.74,0.03,0.92
2022-01-08,Northern Province,-1.65,29.85,18.23,0.13,0.92
2022-01-09,Northern Province,-1.65,29.85,18.75,0.07,0.92
2022-01-10,Northern Province,-1.65,29.85,18.44,0.0,0.92
2022-01-11,Northern Province,-1.65,29.85,17.65,0.84,0.91
2022-01-12,Northern Province,-1.65,29.85,18.92,0.33,0.91
2022-01-13,Northern Province,-1.65,29.85,19.06,0.09,0.91
2022-01-14,Northern Province,-1.65,29.85,18.53,2.73,0.91
2022-01-15,Northern Province,-1.65,29.85,17.77,5.26,0.91
2022-01-16,Northern Province,-1.65,29.85,17.25,10.35,0.91
2022-01-17,Northern Province,-1.65,29.85,16.56,4.85,0.91
2022-01-18,Northern Province,-1.65,29.85,16.62,3.69,0.91
2022-01-19,Northern Province,-1.65,29.85,16.54,10.25,0.91
2022-01-20,Northern Province,-1.65,29.85,16.86,12.48,0.92
2022-01-21,Northern Province,-1.65,29.85,16.78,1.12,0.92
2022-01-22,Northern Province,-1.65,29.85,17.78,6.86,0.92
2022-01-23,Northern Province,-1.65,29.85,17.24,27.45,0.92
2022-01-24,Northern Province,-1.65,29.85,16.99,11.59,0.93
2022-01-25,Northern Province,-1.65,29.85,17.38,0.55,0.93
2022-01-26,Northern Province,-1.65,29.85,18.04,0.27,0.93
2022-01-27,Northern Province,-1.65,29.85,18.06,1.12,0.92
2022-01-28,Northern Province,-1.65,29.85,17.68,11.25,0.92
2022-01-29,Northern Province,-1.65,29.85,18.01,11.93,0.92
2022-01-30,Northern Province,-1.65,29.85,18.66,29.47,0.92
2022-01-31,Northern Province,-1.65,29.85,16.73,20.83,0.93
2022-02-01,Northern Province,-1.65,29.85,17.25,3.73,0.94
2022-02-02,Northern Province,-1.65,29.85,17.41,26.92,0.94
2022-02-03,Northern Province,-1.65,29.85,16.85,16.77,0.95
2022-02-04,Northern Province,-1.65,29.85,17.85,0.97,0.95
2022-02-05,Northern Province,-1.65,29.85,16.08,17.77,0.95
2022-02-06,Northern Province,-1.65,29.85,17.1,11.09,0.95
2022-02-07,Northern Province,-1.65,29.85,17.02,35.95,0.96
2022-02-08,Northern Province,-1.65,29.85,17.49,12.14,0.96
2022-02-09,Northern Province,-1.65,29.85,17.73,28.72,0.96
2022-02-10,Northern Province,-1.65,29.85,17.39,8.48,0.97
2022-02-11,Northern Province,-1.65,29.85,17.91,7.87,0.97
2022-02-12,Northern Province,-1.65,29.85,17.33,8.0,0.97
2022-02-13,Northern Province,-1.65,29.85,17.58,5.91,0.97
2022-02-14,Northern Province,-1.65,29.85,17.64,5.6,0.97
2022-02-15,Northern Province,-1.65,29.85,17.26,4.79,0.97
2022-02-16,Northern Province,-1.65,29.85,17.08,4.99,0.96
2022-02-17,Northern Province,-1.65,29.85,17.43,4.58,0.96
2022-02-18,Northern Province,-1.65,29.85,17.76,13.99,0.96
2022-02-19,Northern Province,-1.65,29.85,16.87,8.03,0.97
2022-02-20,Northern Province,-1.65,29.85,17.54,8.02,0.97
2022-02-21,Northern Province,-1.65,29.85,17.8,2.22,0.97
2022-02-22,Northern Province,-1.65,29.85,18.52,17.06,0.97
2022-02-23,Northern Province,-1.65,29.85,18.24,9.97,0.97
2022-02-24,Northern Province,-1.65,29.85,17.3,6.41,0.97
2022-02-25,Northern Province,-1.65,29.85,17.62,2.01,0.97
2022-02-26,Northern Province,-1.65,29.85,17.07,2.75,0.96
2022-02-27,Northern Province,-1.65,29.85,16.85,2.88,0.96
2022-02-28,Northern Province,-1.65,29.85,17.75,0.7,0.96
2022-03-01,Northern Province,-1.65,29.85,17.89,2.67,0.96
2022-03-02,Northern Province,-1.65,29.85,17.92,4.09,0.96
2022-03-03,Northern Province,-1.65,29.85,17.83,1.1,0.96
2022-03-04,Northern Province,-1.65,29.85,17.88,0.48,0.95
2022-03-05,Northern Province,-1.65,29.85,18.97,1.69,0.95
2022-03-06,Northern Province,-1.65,29.85,19.21,1.45,0.95
2022-03-07,Northern Province,-1.65,29.85,18.77,2.29,0.95
2022-03-08,Northern Province,-1.65,29.85,18.87,1.95,0.94
2022-03-09,Northern Province,-1.65,29.85,18.27,1.42,0.94
2022-03-10,Northern Province,-1.65,29.85,18.25,0.18,0.94
2022-03-11,Northern Province,-1.65,29.85,18.37,0.17,0.94
2022-03-12,Northern Province,-1.65,29.85,17.82,2.87,0.93
2022-03-13,Northern Province,-1.65,29.85,18.83,1.73,0.93
2022-03-14,Northern Province,-1.65,29.85,18.83,0.7,0.93
2022-03-15,Northern Province,-1.65,29.85,18.98,2.84,0.93
2022-03-16,Northern Province,-1.65,29.85,19.73,5.9,0.93
2022-03-17,Northern Province,-1.65,29.85,18.08,9.02,0.93
2022-03-18,Northern Province,-1.65,29.85,17.45,8.91,0.93
2022-03-19,Northern Province,-1.65,29.85,17.8,0.05,0.93
2022-03-20,Northern Province,-1.65,29.85,17.64,0.9,0.93
2022-03-21,Northern Province,-1.65,29.85,18.25,1.62,0.92
2022-03-22,Northern Province,-1.65,29.85,17.03,17.6,0.92
2022-03-23,Northern Province,-1.65,29.85,16.62,3.57,0.93
2022-03-24,Northern Province,-1.65,29.85,17.08,2.73,0.93
2022-03-25,Northern Province,-1.65,29.85,17.71,6.63,0.93
2022-03-26,Northern Province,-1.65,29.85,17.7,4.3,0.93
2022-03-27,Northern Province,-1.65,29.85,17.32,9.03,0.93
2022-03-28,Northern Province,-1.65,29.85,18.14,1.89,0.93
2022-03-29,Northern Province,-1.65,29.85,17.99,23.21,0.93
2022-03-30,Northern Province,-1.65,29.85,16.52,21.22,0.94
2022-03-31,Northern Province,-1.65,29.85,17.56,8.88,0.94
2022-04-01,Northern Province,-1.65,29.85,17.15,0.43,0.94
2022-04-02,Northern Province,-1.65,29.85,16.92,5.03,0.94
2022-04-03,Northern Province,-1.65,29.85,17.65,3.69,0.94
2022-04-04,Northern Province,-1.65,29.85,18.77,0.25,0.94
2022-04-05,Northern Province,-1.65,29.85,18.13,1.32,0.94
2022-04-06,Northern Province,-1.65,29.85,17.84,11.98,0.93
2022-04-07,Northern Province,-1.65,29.85,17.48,8.56,0.94
2022-04-08,Northern Province,-1.65,29.85,17.48,3.58,0.94
2022-04-09,Northern Province,-1.65,29.85,17.16,5.29,0.94
2022-04-10,Northern Province,-1.65,29.85,17.09,12.21,0.94
2022-04-11,Northern Province,-1.65,29.85,17.46,1.43,0.94
2022-04-12,Northern Province,-1.65,29.85,16.89,2.28,0.94
2022-04-13,Northern Province,-1.65,29.85,17.51,4.61,0.94
2022-04-14,Northern Province,-1.65,29.85,17.55,4.24,0.94
2022-04-15,Northern Province,-1.65,29.85,16.09,9.05,0.94
2022-04-16,Northern Province,-1.65,29.85,16.92,1.88,0.94
2022-04-17,Northern Province,-1.65,29.85,17.43,1.06,0.94
2022-04-18,Northern Province,-1.65,29.85,17.11,2.89,0.93
2022-04-19,Northern Province,-1.65,29.85,17.98,14.38,0.93
2022-04-20,Northern Province,-1.65,29.85,16.7,2.98,0.94
2022-04-21,Northern Province,-1.65,29.85,17.25,15.07,0.94
2022-04-22,Northern Province,-1.65,29.85,18.08,14.65,0.95
2022-04-23,Northern Province,-1.65,29.85,18.06,5.68,0.95
2022-04-24,Northern Province,-1.65,29.85,18.03,37.09,0.95
2022-04-25,Northern Province,-1.65,29.85,18.1,8.47,0.96
2022-04-26,Northern Province,-1.65,29.85,17.15,2.7,0.96
2022-04-27,Northern Province,-1.65,29.85,18.0,14.09,0.96
2022-04-28,Northern Province,-1.65,29.85,17.11,7.57,0.96
2022-04-29,Northern Province,-1.65,29.85,16.07,7.32,0.96
2022-04-30,Northern Province,-1.65,29.85,16.73,0.98,0.96
2022-05-01,Northern Province,-1.65,29.85,16.82,14.94,0.96
2022-05-02,Northern Province,-1.65,29.85,16.29,5.06,0.96
2022-05-03,Northern Province,-1.65,29.85,17.01,4.59,0.96
2022-05-04,Northern Province,-1.65,29.85,16.7,1.94,0.96
2022-05-05,Northern Province,-1.65,29.85,16.71,2.63,0.96
2022-05-06,Northern Province,-1.65,29.85,16.88,1.87,0.96
2022-05-07,Northern Province,-1.65,29.85,17.17,5.05,0.96
2022-05-08,Northern Province,-1.65,29.85,16.88,2.51,0.96
2022-05-09,Northern Province,-1.65,29.85,17.27,0.86,0.96
2022-05-10,Northern Province,-1.65,29.85,17.47,0.58,0.95
2022-05-11,Northern Province,-1.65,29.85,17.39,2.07,0.95
2022-05-12,Northern Province,-1.65,29.85,17.3,16.46,0.95
2022-05-13,Northern Province,-1.65,29.85,17.36,4.79,0.95
2022-05-14,Northern Province,-1.65,29.85,16.92,16.28,0.96
2022-05-15,Northern Province,-1.65,29.85,17.39,3.39,0.96
2022-05-16,Northern Province,-1.65,29.85,16.98,1.37,0.96
2022-05-17,Northern Province,-1.65,29.85,16.63,5.8,0.95
2022-05-18,Northern Province,-1.65,29.85,17.14,2.49,0.95
2022-05-19,Northern Province,-1.65,29.85,16.79,0.22,0.95
2022-05-20,Northern Province,-1.65,29.85,16.64,0.98,0.95
2022-05-21,Northern Province,-1.65,29.85,17.44,0.1,0.95
2022-05-22,Northern Province,-1.65,29.85,17.95,0.68,0.94
2022-05-23,Northern Province,-1.65,29.85,17.8,1.72,0.94
2022-05-24,Northern Province,-1.65,29.85,17.48,0.33,0.94
2022-05-25,Northern Province,-1.65,29.85,16.39,0.56,0.94
2022-05-26,Northern Province,-1.65,29.85,16.83,8.0,0.94
2022-05-27,Northern Province,-1.65,29.85,17.19,6.55,0.94
2022-05-28,Northern Province,-1.65,29.85,17.21,26.76,0.94
2022-05-29,Northern Province,-1.65,29.85,16.25,6.49,0.95
2022-05-30,Northern Province,-1.65,29.85,16.08,2.75,0.95
2022-05-31,Northern Province,-1.65,29.85,16.56,3.15,0.95
2022-06-01,Northern Province,-1.65,29.85,16.04,4.71,0.95
2022-06-02,Northern Province,-1.65,29.85,15.48,7.03,0.95
2022-06-03,Northern Province,-1.65,29.85,14.97,2.27,0.95
2022-06-04,Northern Province,-1.65,29.85,14.96,0.52,0.95
2022-06-05,Northern Province,-1.65,29.85,15.05,0.06,0.95
2022-06-06,Northern Province,-1.65,29.85,15.04,0.18,0.94
2022-06-07,Northern Province,-1.65,29.85,15.51,0.52,0.94
2022-06-08,Northern Province,-1.65,29.85,15.78,1.41,0.94
2022-06-09,Northern Province,-1.65,29.85,15.04,1.96,0.94
2022-06-10,Northern Province,-1.65,29.85,16.12,1.64,0.94
2022-06-11,Northern Province,-1.65,29.85,16.01,0.48,0.93
2022-06-12,Northern Province,-1.65,29.85,16.24,3.67,0.93
2022-06-13,Northern Province,-1.65,29.85,16.31,0.73,0.93
2022-06-14,Northern Province,-1.65,29.85,16.7,0.82,0.93
2022-06-15,Northern Province,-1.65,29.85,16.62,1.13,0.93
2022-06-16,Northern Province,-1.65,29.85,16.17,2.32,0.92
2022-06-17,Northern Province,-1.65,29.85,16.37,2.87,0.92
2022-06-18,Northern Province,-1.65,29.85,16.05,4.95,0.92
2022-06-19,Northern Province,-1.65,29.85,16.15,8.07,0.92
2022-06-20,Northern Province,-1.65,29.85,15.52,0.83,0.92
2022-06-21,Northern Province,-1.65,29.85,15.15,0.05,0.92
2022-06-22,Northern Province,-1.65,29.85,15.59,0.07,0.92
2022-06-23,Northern Province,-1.65,29.85,15.63,0.23,0.92
2022-06-24,Northern Province,-1.65,29.85,14.99,0.3,0.92
2022-06-25,Northern Province,-1.65,29.85,15.44,0.08,0.91
2022-06-26,Northern Province,-1.65,29.85,14.96,0.2,0.91
2022-06-27,Northern Province,-1.65,29.85,15.05,0.04,0.91
2022-06-28,Northern Province,-1.65,29.85,14.85,0.03,0.91
2022-06-29,Northern Province,-1.65,29.85,14.33,0.0,0.9
2022-06-30,Northern Province,-1.65,29.85,14.82,0.0,0.9
2022-07-01,Northern Province,-1.65,29.85,14.73,0.0,0.9
2022-07-02,Northern Province,-1.65,29.85,14.93,0.0,0.9
2022-07-03,Northern Province,-1.65,29.85,14.66,0.0,0.9
2022-07-04,Northern Province,-1.65,29.85,14.18,0.0,0.89
2022-07-05,Northern Province,-1.65,29.85,14.84,0.0,0.89
2022-07-06,Northern Province,-1.65,29.85,15.95,0.14,0.89
2022-07-07,Northern Province,-1.65,29.85,15.81,0.02,0.89
2022-07-08,Northern Province,-1.65,29.85,14.72,0.0,0.88
2022-07-09,Northern Province,-1.65,29.85,14.37,0.59,0.88
2022-07-10,Northern Province,-1.65,29.85,14.06,0.0,0.88
2022-07-11,Northern Province,-1.65,29.85,14.77,0.0,0.88
2022-07-12,Northern Province,-1.65,29.85,14.92,0.0,0.87
2022-07-13,Northern Province,-1.65,29.85,15.11,0.0,0.87
2022-07-14,Northern Province,-1.65,29.85,15.19,0.0,0.87
2022-07-15,Northern Province,-1.65,29.85,15.7,0.32,0.87
2022-07-16,Northern Province,-1.65,29.85,16.09,0.93,0.87
2022-07-17,Northern Province,-1.65,29.85,16.03,0.25,0.86
2022-07-18,Northern Province,-1.65,29.85,15.04,0.05,0.86
2022-07-19,Northern Province,-1.65,29.85,14.72,0.27,0.86
2022-07-20,Northern Province,-1.65,29.85,15.04,0.0,0.86
2022-07-21,Northern Province,-1.65,29.85,14.7,0.0,0.86
2022-07-22,Northern Province,-1.65,29.85,14.98,0.0,0.85
2022-07-23,Northern Province,-1.65,29.85,15.33,0.0,0.85
2022-07-24,Northern Province,-1.65,29.85,15.85,0.0,0.85
2022-07-25,Northern Province,-1.65,29.85,16.33,0.4,0.85
2022-07-26,Northern Province,-1.65,29.85,15.66,0.37,0.85
2022-07-27,Northern Province,-1.65,29.85,16.5,0.33,0.84
2022-07-28,Northern Province,-1.65,29.85,16.33,2.47,0.84
2022-07-29,Northern Province,-1.65,29.85,16.52,4.51,0.84
2022-07-30,Northern Province,-1.65,29.85,16.26,4.28,0.84
2022-07-31,Northern Province,-1.65,29.85,17.28,7.14,0.84
2022-08-01,Northern Province,-1.65,29.85,16.19,24.04,0.85
2022-08-02,Northern Province,-1.65,29.85,16.11,9.01,0.86
2022-08-03,Northern Province,-1.65,29.85,16.08,4.38,0.86
2022-08-04,Northern Province,-1.65,29.85,15.8,0.38,0.86
2022-08-05,Northern Province,-1.65,29.85,15.92,0.02,0.86
2022-08-06,Northern Province,-1.65,29.85,16.22,0.0,0.86
2022-08-07,Northern Province,-1.65,29.85,16.44,0.0,0.86
2022-08-08,Northern Province,-1.65,29.85,16.02,0.0,0.85
2022-08-09,Northern Province,-1.65,29.85,16.46,0.0,0.85
2022-08-10,Northern Province,-1.65,29.85,16.33,0.01,0.85
2022-08-11,Northern Province,-1.65,29.85,16.5,0.06,0.85
2022-08-12,Northern Province,-1.65,29.85,16.76,0.06,0.84
2022-08-13,Northern Province,-1.65,29.85,17.28,0.08,0.84
2022-08-14,Northern Province,-1.65,29.85,17.08,38.72,0.85
2022-08-15,Northern Province,-1.65,29.85,16.59,30.78,0.86
2022-08-16,Northern Province,-1.65,29.85,16.36,43.29,0.88
2022-08-17,Northern Province,-1.65,29.85,15.73,41.5,0.9
2022-08-18,Northern Province,-1.65,29.85,15.37,17.41,0.9
2022-08-19,Northern Province,-1.65,29.85,16.84,0.57,0.91
2022-08-20,Northern Province,-1.65,29.85,17.46,2.05,0.9
2022-08-21,Northern Province,-1.65,29.85,17.27,1.06,0.9
2022-08-22,Northern Province,-1.65,29.85,16.16,1.04,0.9
2022-08-23,Northern Province,-1.65,29.85,16.39,0.41,0.9
2022-08-24,Northern Province,-1.65,29.85,16.21,0.34,0.9
2022-08-25,Northern Province,-1.65,29.85,15.71,0.03,0.89
2022-08-26,Northern Province,-1.65,29.85,16.64,0.15,0.89
2022-08-27,Northern Province,-1.65,29.85,16.66,1.78,0.89
2022-08-28,Northern Province,-1.65,29.85,16.62,9.03,0.89
2022-08-29,Northern Province,-1.65,29.85,16.24,29.41,0.9
2022-08-30,Northern Province,-1.65,29.85,17.41,19.63,0.91
2022-08-31,Northern Province,-1.65,29.85,16.53,11.37,0.91
2022-09-01,Northern Province,-1.65,29.85,16.24,11.45,0.92
2022-09-02,Northern Province,-1.65,29.85,16.42,1.97,0.92
2022-09-03,Northern Province,-1.65,29.85,16.77,0.18,0.92
2022-09-04,Northern Province,-1.65,29.85,17.42,0.72,0.92
2022-09-05,Northern Province,-1.65,29.85,17.98,0.34,0.91
2022-09-06,Northern Province,-1.65,29.85,17.42,1.54,0.91
2022-09-07,Northern Province,-1.65,29.85,15.98,2.96,0.91
2022-09-08,Northern Province,-1.65,29.85,16.5,15.49,0.91
2022-09-09,Northern Province,-1.65,29.85,16.91,14.9,0.92
2022-09-10,Northern Province,-1.65,29.85,16.86,31.29,0.92
2022-09-11,Northern Province,-1.65,29.85,17.62,15.36,0.94
2022-09-12,Northern Province,-1.65,29.85,17.72,9.04,0.94
2022-09-13,Northern Province,-1.65,29.85,17.4,6.68,0.94
2022-09-14,Northern Province,-1.65,29.85,15.88,40.97,0.95
2022-09-15,Northern Province,-1.65,29.85,16.04,13.82,0.95
2022-09-16,Northern Province,-1.65,29.85,16.38,3.46,0.95
2022-09-17,Northern Province,-1.65,29.85,17.11,1.95,0.95
2022-09-18,Northern Province,-1.65,29.85,17.39,21.46,0.95
2022-09-19,Northern Province,-1.65,29.85,18.1,10.73,0.96
2022-09-20,Northern Province,-1.65,29.85,17.95,5.08,0.96
2022-09-21,Northern Province,-1.65,29.85,18.3,4.08,0.95
2022-09-22,Northern Province,-1.65,29.85,17.76,11.45,0.95
2022-09-23,Northern Province,-1.65,29.85,17.49,2.75,0.95
2022-09-24,Northern Province,-1.65,29.85,17.1,4.54,0.95
2022-09-25,Northern Province,-1.65,29.85,16.76,14.2,0.95
2022-09-26,Northern Province,-1.65,29.85,16.89,3.07,0.95
2022-09-27,Northern Province,-1.65,29.85,17.39,2.51,0.95
2022-09-28,Northern Province,-1.65,29.85,16.44,2.27,0.95
2022-09-29,Northern Province,-1.65,29.85,17.3,0.03,0.95
2022-09-30,Northern Province,-1.65,29.85,17.67,2.1,0.94
2022-10-01,Northern Province,-1.65,29.85,17.7,3.73,0.94
2022-10-02,Northern Province,-1.65,29.85,16.99,7.37,0.94
2022-10-03,Northern Province,-1.65,29.85,17.26,2.17,0.94
2022-10-04,Northern Province,-1.65,29.85,18.05,3.63,0.94
2022-10-05,Northern Province,-1.65,29.85,17.13,9.33,0.94
2022-10-06,Northern Province,-1.65,29.85,17.78,7.39,0.94
2022-10-07,Northern Province,-1.65,29.85,17.11,7.81,0.94
2022-10-08,Northern Province,-1.65,29.85,17.14,1.51,0.94
2022-10-09,Northern Province,-1.65,29.85,16.28,8.66,0.94
2022-10-10,Northern Province,-1.65,29.85,16.87,2.62,0.94
2022-10-11,Northern Province,-1.65,29.85,17.61,2.74,0.94
2022-10-12,Northern Province,-1.65,29.85,17.5,4.67,0.94
2022-10-13,Northern Province,-1.65,29.85,17.97,0.87,0.93
2022-10-14,Northern Province,-1.65,29.85,17.99,0.67,0.93
2022-10-15,Northern Province,-1.65,29.85,18.66,1.46,0.93
2022-10-16,Northern Province,-1.65,29.85,17.04,3.31,0.93
2022-10-17,Northern Province,-1.65,29.85,17.34,3.83,0.93
2022-10-18,Northern Province,-1.65,29.85,17.34,4.13,0.93
2022-10-19,Northern Province,-1.65,29.85,16.99,5.05,0.93
2022-10-20,Northern Province,-1.65,29.85,17.52,36.98,0.93
2022-10-21,Northern Province,-1.65,29.85,16.56,12.66,0.94
2022-10-22,Northern Province,-1.65,29.85,18.42,0.99,0.94
2022-10-23,Northern Province,-1.65,29.85,17.99,0.42,0.94
2022-10-24,Northern Province,-1.65,29.85,18.68,1.18,0.93
2022-10-25,Northern Province,-1.65,29.85,18.63,0.36,0.93
2022-10-26,Northern Province,-1.65,29.85,18.07,1.03,0.93
2022-10-27,Northern Province,-1.65,29.85,18.69,1.81,0.93
2022-10-28,Northern Province,-1.65,29.85,18.81,2.11,0.92
2022-10-29,Northern Province,-1.65,29.85,18.27,4.79,0.92
2022-10-30,Northern Province,-1.65,29.85,18.29,4.42,0.92
2022-10-31,Northern Province,-1.65,29.85,18.3,2.72,0.92
2022-11-01,Northern Province,-1.65,29.85,18.35,2.96,0.92
2022-11-02,Northern Province,-1.65,29.85,17.6,3.89,0.92
2022-11-03,Northern Province,-1.65,29.85,17.49,2.19,0.92
2022-11-04,Northern Province,-1.65,29.85,17.13,2.37,0.92
2022-11-05,Northern Province,-1.65,29.85,16.75,8.14,0.92
2022-11-06,Northern Province,-1.65,29.85,17.51,2.99,0.92
2022-11-07,Northern Province,-1.65,29.85,16.77,12.85,0.92
2022-11-08,Northern Province,-1.65,29.85,17.28,2.37,0.92
2022-11-09,Northern Province,-1.65,29.85,17.48,1.74,0.92
2022-11-10,Northern Province,-1.65,29.85,17.32,5.64,0.92
2022-11-11,Northern Province,-1.65,29.85,17.53,1.81,0.92
2022-11-12,Northern Province,-1.65,29.85,17.79,28.09,0.92
2022-11-13,Northern Province,-1.65,29.85,16.35,6.81,0.93
2022-11-14,Northern Province,-1.65,29.85,17.85,3.59,0.93
2022-11-15,Northern Province,-1.65,29.85,17.96,9.62,0.93
2022-11-16,Northern Province,-1.65,29.85,17.36,36.37,0.94
2022-11-17,Northern Province,-1.65,29.85,17.81,14.09,0.94
2022-11-18,Northern Province,-1.65,29.85,15.59,32.08,0.96
2022-11-19,Northern Province,-1.65,29.85,16.8,11.31,0.96
2022-11-20,Northern Province,-1.65,29.85,16.79,5.1,0.96
2022-11-21,Northern Province,-1.65,29.85,16.84,5.7,0.96
2022-11-22,Northern Province,-1.65,29.85,17.33,8.52,0.96
2022-11-23,Northern Province,-1.65,29.85,17.47,2.34,0.96
2022-11-24,Northern Province,-1.65,29.85,17.43,1.71,0.96
2022-11-25,Northern Province,-1.65,29.85,16.36,3.19,0.95
2022-11-26,Northern Province,-1.65,29.85,16.7,2.41,0.95
2022-11-27,Northern Province,-1.65,29.85,17.24,0.78,0.95
2022-11-28,Northern Province,-1.65,29.85,16.98,4.71,0.95
2022-11-29,Northern Province,-1.65,29.85,17.11,16.11,0.95
2022-11-30,Northern Province,-1.65,29.85,16.07,15.32,0.96
2022-12-01,Northern Province,-1.65,29.85,16.99,11.39,0.96
2022-12-02,Northern Province,-1.65,29.85,17.05,1.63,0.96
2022-12-03,Northern Province,-1.65,29.85,17.79,0.18,0.96
2022-12-04,Northern Province,-1.65,29.85,18.17,1.2,0.95
2022-12-05,Northern Province,-1.65,29.85,16.39,6.82,0.95
2022-12-06,Northern Province,-1.65,29.85,17.22,1.25,0.95
2022-12-07,Northern Province,-1.65,29.85,17.59,1.18,0.95
2022-12-08,Northern Province,-1.65,29.85,16.26,3.18,0.95
2022-12-09,Northern Province,-1.65,29.85,16.46,2.64,0.95
2022-12-10,Northern Province,-1.65,29.85,16.84,5.65,0.95
2022-12-11,Northern Province,-1.65,29.85,17.8,2.25,0.95
2022-12-12,Northern Province,-1.65,29.85,17.39,3.53,0.95
2022-12-13,Northern Province,-1.65,29.85,16.97,6.55,0.95
2022-12-14,Northern Province,-1.65,29.85,17.24,2.32,0.95
2022-12-15,Northern Province,-1.65,29.85,16.36,4.44,0.94
2022-12-16,Northern Province,-1.65,29.85,16.88,4.55,0.94
2022-12-17,Northern Province,-1.65,29.85,17.95,1.64,0.94
2022-12-18,Northern Province,-1.65,29.85,18.06,2.8,0.94
2022-12-19,Northern Province,-1.65,29.85,17.27,4.77,0.94
2022-12-20,Northern Province,-1.65,29.85,17.46,15.18,0.94
2022-12-21,Northern Province,-1.65,29.85,16.99,4.47,0.95
2022-12-22,Northern Province,-1.65,29.85,17.79,0.92,0.94
2022-12-23,Northern Province,-1.65,29.85,17.18,14.98,0.94
2022-12-24,Northern Province,-1.65,29.85,17.43,14.27,0.95
2022-12-25,Northern Province,-1.65,29.85,17.79,1.94,0.95
2022-12-26,Northern Province,-1.65,29.85,17.53,4.09,0.95
2022-12-27,Northern Province,-1.65,29.85,17.37,8.27,0.95
2022-12-28,Northern Province,-1.65,29.85,17.58,4.75,0.95
2022-12-29,Northern Province,-1.65,29.85,17.44,2.75,0.95
2022-12-30,Northern Province,-1.65,29.85,17.42,1.53,0.95
2022-12-31,Northern Province,-1.65,29.85,17.02,2.06,0.94
2023-01-01,Northern Province,-1.65,29.85,17.2,0.19,0.94
2023-01-02,Northern Province,-1.65,29.85,17.2,0.09,0.94
2023-01-03,Northern Province,-1.65,29.85,16.83,0.39,0.94
2023-01-04,Northern Province,-1.65,29.85,17.07,0.35,0.93
2023-01-05,Northern Province,-1.65,29.85,17.86,0.16,0.93
2023-01-06,Northern Province,-1.65,29.85,18.22,0.4,0.93
2023-01-07,Northern Province,-1.65,29.85,17.67,0.33,0.92
2023-01-08,Northern Province,-1.65,29.85,17.23,4.28,0.92
2023-01-09,Northern Province,-1.65,29.85,17.47,4.38,0.92
2023-01-10,Northern Province,-1.65,29.85,17.27,15.72,0.92
2023-01-11,Northern Province,-1.65,29.85,16.65,6.84,0.93
2023-01-12,Northern Province,-1.65,29.85,16.65,1.82,0.93
2023-01-13,Northern Province,-1.65,29.85,17.07,1.53,0.92
2023-01-14,Northern Province,-1.65,29.85,17.24,2.97,0.92
2023-01-15,Northern Province,-1.65,29.85,17.59,1.06,0.92
2023-01-16,Northern Province,-1.65,29.85,16.96,2.78,0.92
2023-01-17,Northern Province,-1.65,29.85,17.25,1.16,0.92
2023-01-18,Northern Province,-1.65,29.85,18.1,3.46,0.92
2023-01-19,Northern Province,-1.65,29.85,18.21,4.71,0.92
2023-01-20,Northern Province,-1.65,29.85,17.9,1.05,0.91
2023-01-21,Northern Province,-1.65,29.85,17.29,0.95,0.91
2023-01-22,Northern Province,-1.65,29.85,17.15,0.19,0.91
2023-01-23,Northern Province,-1.65,29.85,16.9,1.45,0.91
2023-01-24,Northern Province,-1.65,29.85,17.31,3.86,0.91
2023-01-25,Northern Province,-1.65,29.85,16.33,2.82,0.91
2023-01-26,Northern Province,-1.65,29.85,16.88,1.87,0.91
2023-01-27,Northern Province,-1.65,29.85,17.58,1.3,0.91
2023-01-28,Northern Province,-1.65,29.85,18.03,0.88,0.9
2023-01-29,Northern Province,-1.65,29.85,17.88,0.36,0.9
2023-01-30,Northern Province,-1.65,29.85,18.35,1.27,0.9
2023-01-31,Northern Province,-1.65,29.85,18.58,0.19,0.9
2023-02-01,Northern Province,-1.65,29.85,18.69,0.8,0.89
2023-02-02,Northern Province,-1.65,29.85,17.8,0.89,0.89
2023-02-03,Northern Province,-1.65,29.85,18.05,1.02,0.89
2023-02-04,Northern Province,-1.65,29.85,17.77,1.06,0.89
2023-02-05,Northern Province,-1.65,29.85,17.44,1.68,0.89
2023-02-06,Northern Province,-1.65,29.85,17.29,2.94,0.88
2023-02-07,Northern Province,-1.65,29.85,17.11,1.57,0.88
2023-02-08,Northern Province,-1.65,29.85,17.94,1.31,0.88
2023-02-09,Northern Province,-1.65,29.85,18.19,0.59,0.88
2023-02-10,Northern Province,-1.65,29.85,18.41,0.3,0.88
2023-02-11,Northern Province,-1.65,29.85,18.56,0.25,0.87
2023-02-12,Northern Province,-1.65,29.85,19.29,0.55,0.87
2023-02-13,Northern Province,-1.65,29.85,19.42,0.0,0.87
2023-02-14,Northern Province,-1.65,29.85,19.61,0.04,0.86
2023-02-15,Northern Province,-1.65,29.85,19.16,1.79,0.86
2023-02-16,Northern Province,-1.65,29.85,17.3,1.02,0.86
2023-02-17,Northern Province,-1.65,29.85,17.47,2.33,0.86
2023-02-18,Northern Province,-1.65,29.85,18.72,1.93,0.86
2023-02-19,Northern Province,-1.65,29.85,19.48,0.37,0.86
2023-02-20,Northern Province,-1.65,29.85,20.12,0.03,0.85
2023-02-21,Northern Province,-1.65,29.85,18.35,2.29,0.85
2023-02-22,Northern Province,-1.65,29.85,18.35,2.63,0.85
2023-02-23,Northern Province,-1.65,29.85,18.69,1.04,0.85
2023-02-24,Northern Province,-1.65,29.85,17.7,0.67,0.85
2023-02-25,Northern Province,-1.65,29.85,19.09,0.29,0.85
2023-02-26,Northern Province,-1.65,29.85,18.99,4.44,0.84
2023-02-27,Northern Province,-1.65,29.85,17.78,13.03,0.84
2023-02-28,Northern Province,-1.65,29.85,17.07,5.22,0.85
2023-03-01,Northern Province,-1.65,29.85,17.73,4.18,0.85
2023-03-02,Northern Province,-1.65,29.85,17.76,1.91,0.85
2023-03-03,Northern Province,-1.65,29.85,16.57,6.84,0.85
2023-03-04,Northern Province,-1.65,29.85,17.53,1.3,0.85
2023-03-05,Northern Province,-1.65,29.85,18.11,2.77,0.85
2023-03-06,Northern Province,-1.65,29.85,18.73,0.41,0.85
2023-03-07,Northern Province,-1.65,29.85,19.79,0.01,0.85
2023-03-08,Northern Province,-1.65,29.85,20.45,0.29,0.85
2023-03-09,Northern Province,-1.65,29.85,19.77,0.63,0.84
2023-03-10,Northern Province,-1.65,29.85,18.96,9.41,0.84
2023-03-11,Northern Province,-1.65,29.85,17.9,1.84,0.85
2023-03-12,Northern Province,-1.65,29.85,18.24,2.64,0.84
2023-03-13,Northern Province,-1.65,29.85,18.12,6.73,0.84
2023-03-14,Northern Province,-1.65,29.85,17.87,9.02,0.85
2023-03-15,Northern Province,-1.65,29.85,17.01,17.39,0.85
2023-03-16,Northern Province,-1.65,29.85,17.35,1.71,0.86
2023-03-17,Northern Province,-1.65,29.85,16.82,18.64,0.86
2023-03-18,Northern Province,-1.65,29.85,17.37,2.6,0.87
2023-03-19,Northern Province,-1.65,29.85,16.81,3.33,0.87
2023-03-20,Northern Province,-1.65,29.85,16.33,26.22,0.87
2023-03-21,Northern Province,-1.65,29.85,16.07,2.11,0.88
2023-03-22,Northern Province,-1.65,29.85,17.1,0.15,0.88
2023-03-23,Northern Province,-1.65,29.85,16.87,3.35,0.87
2023-03-24,Northern Province,-1.65,29.85,16.98,5.17,0.88
2023-03-25,Northern Province,-1.65,29.85,16.03,3.58,0.88
2023-03-26,Northern Province,-1.65,29.85,17.59,6.5,0.88
2023-03-27,Northern Province,-1.65,29.85,17.35,2.97,0.88
2023-03-28,Northern Province,-1.65,29.85,17.31,4.82,0.88
2023-03-29,Northern Province,-1.65,29.85,16.79,4.78,0.88
2023-03-30,Northern Province,-1.65,29.85,18.23,3.7,0.88
2023-03-31,Northern Province,-1.65,29.85,18.14,12.86,0.88
2023-04-01,Northern Province,-1.65,29.85,16.32,6.18,0.89
2023-04-02,Northern Province,-1.65,29.85,18.45,0.53,0.89
2023-04-03,Northern Province,-1.65,29.85,17.38,5.34,0.88
2023-04-04,Northern Province,-1.65,29.85,17.55,6.59,0.89
2023-04-05,Northern Province,-1.65,29.85,17.17,3.06,0.89
2023-04-06,Northern Province,-1.65,29.85,17.67,1.49,0.88
2023-04-07,Northern Province,-1.65,29.85,18.24,1.21,0.88
2023-04-08,Northern Province,-1.65,29.85,17.49,3.04,0.88
2023-04-09,Northern Province,-1.65,29.85,16.27,3.5,0.88
2023-04-10,Northern Province,-1.65,29.85,18.16,2.71,0.88
2023-04-11,Northern Province,-1.65,29.85,18.3,1.82,0.88
2023-04-12,Northern Province,-1.65,29.85,18.05,13.79,0.88
2023-04-13,Northern Province,-1.65,29.85,18.33,0.78,0.88
2023-04-14,Northern Province,-1.65,29.85,16.82,3.95,0.88
2023-04-15,Northern Province,-1.65,29.85,17.43,2.73,0.88
2023-04-16,Northern Province,-1.65,29.85,16.81,43.48,0.89
2023-04-17,Northern Province,-1.65,29.85,16.49,4.84,0.89
2023-04-18,Northern Province,-1.65,29.85,15.92,34.38,0.9
2023-04-19,Northern Province,-1.65,29.85,16.41,8.79,0.91
2023-04-20,Northern Province,-1.65,29.85,17.64,9.13,0.91
2023-04-21,Northern Province,-1.65,29.85,17.36,12.72,0.91
2023-04-22,Northern Province,-1.65,29.85,17.48,14.34,0.91
2023-04-23,Northern Province,-1.65,29.85,17.04,8.48,0.92
2023-04-24,Northern Province,-1.65,29.85,17.83,3.95,0.92
2023-04-25,Northern Province,-1.65,29.85,17.46,6.75,0.92
2023-04-26,Northern Province,-1.65,29.85,17.34,21.61,0.92
2023-04-27,Northern Province,-1.65,29.85,17.42,5.82,0.93
2023-04-28,Northern Province,-1.65,29.85,17.44,13.39,0.93
2023-04-29,Northern Province,-1.65,29.85,17.3,13.5,0.94
2023-04-30,Northern Province,-1.65,29.85,17.26,8.93,0.94
2023-05-01,Northern Province,-1.65,29.85,17.56,25.58,0.94
2023-05-02,Northern Province,-1.65,29.85,17.9,11.68,0.95
2023-05-03,Northern Province,-1.65,29.85,18.34,16.1,0.95
2023-05-04,Northern Province,-1.65,29.85,17.56,10.82,0.96
2023-05-05,Northern Province,-1.65,29.85,17.41,7.37,0.96
2023-05-06,Northern Province,-1.65,29.85,17.44,0.45,0.96
2023-05-07,Northern Province,-1.65,29.85,17.44,0.95,0.95
2023-05-08,Northern Province,-1.65,29.85,18.13,1.1,0.95
2023-05-09,Northern Province,-1.65,29.85,17.6,1.53,0.95
2023-05-10,Northern Province,-1.65,29.85,17.5,5.82,0.95
2023-05-11,Northern Province,-1.65,29.85,17.46,1.46,0.95
2023-05-12,Northern Province,-1.65,29.85,17.11,2.77,0.95
2023-05-13,Northern Province,-1.65,29.85,17.97,1.6,0.95
2023-05-14,Northern Province,-1.65,29.85,18.16,0.47,0.94
2023-05-15,Northern Province,-1.65,29.85,18.58,0.12,0.94
2023-05-16,Northern Province,-1.65,29.85,18.9,0.23,0.94
2023-05-17,Northern Province,-1.65,29.85,17.62,1.13,0.94
2023-05-18,Northern Province,-1.65,29.85,18.43,1.95,0.93
2023-05-19,Northern Province,-1.65,29.85,18.24,0.83,0.93
2023-05-20,Northern Province,-1.65,29.85,18.34,1.12,0.93
2023-05-21,Northern Province,-1.65,29.85,18.35,0.49,0.93
2023-05-22,Northern Province,-1.65,29.85,18.31,0.41,0.92
2023-05-23,Northern Province,-1.65,29.85,17.61,2.23,0.92
2023-05-24,Northern Province,-1.65,29.85,17.81,3.38,0.92
2023-05-25,Northern Province,-1.65,29.85,17.88,4.93,0.92
2023-05-26,Northern Province,-1.65,29.85,17.62,3.06,0.92
2023-05-27,Northern Province,-1.65,29.85,17.08,2.47,0.92
2023-05-28,Northern Province,-1.65,29.85,17.47,3.5,0.92
2023-05-29,Northern Province,-1.65,29.85,16.79,0.99,0.92
2023-05-30,Northern Province,-1.65,29.85,16.68,1.61,0.91
2023-05-31,Northern Province,-1.65,29.85,16.25,1.43,0.91
2023-06-01,Northern Province,-1.65,29.85,17.16,0.23,0.91
2023-06-02,Northern Province,-1.65,29.85,17.47,2.13,0.91
2023-06-03,Northern Province,-1.65,29.85,17.2,0.91,0.91
2023-06-04,Northern Province,-1.65,29.85,17.36,0.87,0.9
2023-06-05,Northern Province,-1.65,29.85,17.46,0.41,0.9
2023-06-06,Northern Province,-1.65,29.85,17.45,0.18,0.9
2023-06-07,Northern Province,-1.65,29.85,17.33,0.05,0.9
2023-06-08,Northern Province,-1.65,29.85,16.47,0.0,0.89
2023-06-09,Northern Province,-1.65,29.85,16.51,0.07,0.89
2023-06-10,Northern Province,-1.65,29.85,17.26,0.67,0.89
2023-06-11,Northern Province,-1.65,29.85,17.53,0.23,0.89
2023-06-12,Northern Province,-1.65,29.85,17.86,0.44,0.88
2023-06-13,Northern Province,-1.65,29.85,17.37,18.25,0.88
2023-06-14,Northern Province,-1.65,29.85,16.83,2.48,0.89
2023-06-15,Northern Province,-1.65,29.85,17.77,0.69,0.89
2023-06-16,Northern Province,-1.65,29.85,17.48,1.0,0.89
2023-06-17,Northern Province,-1.65,29.85,17.13,0.86,0.89
2023-06-18,Northern Province,-1.65,29.85,17.32,0.6,0.89
2023-06-19,Northern Province,-1.65,29.85,17.01,0.4,0.88
2023-06-20,Northern Province,-1.65,29.85,17.72,1.09,0.88
2023-06-21,Northern Province,-1.65,29.85,17.43,2.39,0.88
2023-06-22,Northern Province,-1.65,29.85,17.29,4.18,0.88
2023-06-23,Northern Province,-1.65,29.85,16.64,8.92,0.88
2023-06-24,Northern Province,-1.65,29.85,16.56,7.88,0.89
2023-06-25,Northern Province,-1.65,29.85,16.31,0.74,0.89
2023-06-26,Northern Province,-1.65,29.85,16.81,0.52,0.88
2023-06-27,Northern Province,-1.65,29.85,16.92,0.39,0.88
2023-06-28,Northern Province,-1.65,29.85,17.52,0.15,0.88
2023-06-29,Northern Province,-1.65,29.85,17.26,0.48,0.88
2023-06-30,Northern Province,-1.65,29.85,17.06,0.41,0.88
2023-07-01,Northern Province,-1.65,29.85,16.0,0.04,0.87
2023-07-02,Northern Province,-1.65,29.85,15.56,0.25,0.87
2023-07-03,Northern Province,-1.65,29.85,16.14,0.04,0.87
2023-07-04,Northern Province,-1.65,29.85,15.45,0.01,0.87
2023-07-05,Northern Province,-1.65,29.85,16.52,0.35,0.86
2023-07-06,Northern Province,-1.65,29.85,16.11,0.22,0.86
2023-07-07,Northern Province,-1.65,29.85,15.03,0.27,0.86
2023-07-08,Northern Province,-1.65,29.85,15.2,0.33,0.86
2023-07-09,Northern Province,-1.65,29.85,16.68,0.09,0.86
2023-07-10,Northern Province,-1.65,29.85,17.26,0.06,0.85
2023-07-11,Northern Province,-1.65,29.85,16.79,0.09,0.85
2023-07-12,Northern Province,-1.65,29.85,16.84,0.14,0.85
2023-07-13,Northern Province,-1.65,29.85,15.44,0.27,0.85
2023-07-14,Northern Province,-1.65,29.85,15.8,0.04,0.84
2023-07-15,Northern Province,-1.65,29.85,15.81,0.0,0.84
2023-07-16,Northern Province,-1.65,29.85,15.65,0.0,0.84
2023-07-17,Northern Province,-1.65,29.85,15.32,0.0,0.84
2023-07-18,Northern Province,-1.65,29.85,15.39,0.0,0.83
2023-07-19,Northern Province,-1.65,29.85,16.96,0.0,0.83
2023-07-20,Northern Province,-1.65,29.85,17.61,0.0,0.83
2023-07-21,Northern Province,-1.65,29.85,16.49,0.0,0.83
2023-07-22,Northern Province,-1.65,29.85,16.33,0.0,0.82
2023-07-23,Northern Province,-1.65,29.85,16.8,0.0,0.82
2023-07-24,Northern Province,-1.65,29.85,17.01,0.0,0.82
2023-07-25,Northern Province,-1.65,29.85,17.47,0.04,0.82
2023-07-26,Northern Province,-1.65,29.85,16.36,0.0,0.81
2023-07-27,Northern Province,-1.65,29.85,15.39,0.0,0.81
2023-07-28,Northern Province,-1.65,29.85,17.25,0.0,0.81
2023-07-29,Northern Province,-1.65,29.85,18.34,0.23,0.81
2023-07-30,Northern Province,-1.65,29.85,18.43,0.03,0.8
2023-07-31,Northern Province,-1.65,29.85,18.77,0.29,0.8
2023-08-01,Northern Province,-1.65,29.85,17.92,0.04,0.8
2023-08-02,Northern Province,-1.65,29.85,17.05,0.13,0.8
2023-08-03,Northern Province,-1.65,29.85,16.61,1.1,0.8
2023-08-04,Northern Province,-1.65,29.85,16.44,0.41,0.8
2023-08-05,Northern Province,-1.65,29.85,17.12,0.2,0.79
2023-08-06,Northern Province,-1.65,29.85,16.72,0.25,0.79
2023-08-07,Northern Province,-1.65,29.85,16.79,0.24,0.79
2023-08-08,Northern Province,-1.65,29.85,17.49,0.08,0.79
2023-08-09,Northern Province,-1.65,29.85,17.39,0.0,0.79
2023-08-10,Northern Province,-1.65,29.85,17.82,0.0,0.78
2023-08-11,Northern Province,-1.65,29.85,18.74,0.0,0.78
2023-08-12,Northern Province,-1.65,29.85,18.23,0.0,0.78
2023-08-13,Northern Province,-1.65,29.85,18.16,0.0,0.78
2023-08-14,Northern Province,-1.65,29.85,17.97,0.08,0.78
2023-08-15,Northern Province,-1.65,29.85,18.51,0.04,0.77
2023-08-16,Northern Province,-1.65,29.85,18.89,0.02,0.77
2023-08-17,Northern Province,-1.65,29.85,18.86,0.04,0.77
2023-08-18,Northern Province,-1.65,29.85,18.46,0.02,0.77
2023-08-19,Northern Province,-1.65,29.85,19.45,0.65,0.77
2023-08-20,Northern Province,-1.65,29.85,19.25,0.8,0.76
2023-08-21,Northern Province,-1.65,29.85,19.76,0.0,0.76
2023-08-22,Northern Province,-1.65,29.85,19.41,0.2,0.76
2023-08-23,Northern Province,-1.65,29.85,19.3,0.08,0.76
2023-08-24,Northern Province,-1.65,29.85,18.87,0.7,0.76
2023-08-25,Northern Province,-1.65,29.85,19.98,1.02,0.75
2023-08-26,Northern Province,-1.65,29.85,19.81,0.67,0.75
2023-08-27,Northern Province,-1.65,29.85,19.32,0.34,0.75
2023-08-28,Northern Province,-1.65,29.85,17.76,0.01,0.75
2023-08-29,Northern Province,-1.65,29.85,17.0,0.98,0.75
2023-08-30,Northern Province,-1.65,29.85,17.92,4.94,0.75
2023-08-31,Northern Province,-1.65,29.85,17.73,2.53,0.75
2023-09-01,Northern Province,-1.65,29.85,18.75,1.76,0.75
2023-09-02,Northern Province,-1.65,29.85,19.58,2.95,0.74
2023-09-03,Northern Province,-1.65,29.85,19.26,2.3,0.74
2023-09-04,Northern Province,-1.65,29.85,19.97,2.27,0.74
2023-09-05,Northern Province,-1.65,29.85,19.17,3.01,0.74
2023-09-06,Northern Province,-1.65,29.85,18.1,2.38,0.74
2023-09-07,Northern Province,-1.65,29.85,17.68,4.02,0.74
2023-09-08,Northern Province,-1.65,29.85,17.6,1.12,0.74
2023-09-09,Northern Province,-1.65,29.85,18.9,4.4,0.74
2023-09-10,Northern Province,-1.65,29.85,18.35,2.4,0.74
2023-09-11,Northern Province,-1.65,29.85,18.23,4.8,0.75
2023-09-12,Northern Province,-1.65,29.85,18.7,1.64,0.75
2023-09-13,Northern Province,-1.65,29.85,19.39,1.54,0.74
2023-09-14,Northern Province,-1.65,29.85,18.88,2.24,0.74
2023-09-15,Northern Province,-1.65,29.85,18.82,1.51,0.74
2023-09-16,Northern Province,-1.65,29.85,17.05,2.61,0.74
2023-09-17,Northern Province,-1.65,29.85,18.7,2.01,0.74
2023-09-18,Northern Province,-1.65,29.85,18.91,3.55,0.74
2023-09-19,Northern Province,-1.65,29.85,17.49,3.94,0.74
2023-09-20,Northern Province,-1.65,29.85,19.44,0.45,0.74
2023-09-21,Northern Province,-1.65,29.85,19.15,0.88,0.74
2023-09-22,Northern Province,-1.65,29.85,18.57,1.05,0.74
2023-09-23,Northern Province,-1.65,29.85,18.94,16.4,0.74
2023-09-24,Northern Province,-1.65,29.85,19.66,9.92,0.75
2023-09-25,Northern Province,-1.65,29.85,19.05,18.44,0.75
2023-09-26,Northern Province,-1.65,29.85,18.26,28.14,0.76
2023-09-27,Northern Province,-1.65,29.85,18.37,13.18,0.77
2023-09-28,Northern Province,-1.65,29.85,18.16,3.67,0.78
2023-09-29,Northern Province,-1.65,29.85,18.49,1.61,0.78
2023-09-30,Northern Province,-1.65,29.85,19.22,1.34,0.78
2023-10-01,Northern Province,-1.65,29.85,19.7,2.57,0.77
2023-10-02,Northern Province,-1.65,29.85,18.5,8.65,0.77
2023-10-03,Northern Province,-1.65,29.85,18.37,0.0,0.78
2023-10-04,Northern Province,-1.65,29.85,18.15,0.07,0.77
2023-10-05,Northern Province,-1.65,29.85,18.29,0.71,0.77
2023-10-06,Northern Province,-1.65,29.85,19.07,0.18,0.77
2023-10-07,Northern Province,-1.65,29.85,18.9,0.19,0.77
2023-10-08,Northern Province,-1.65,29.85,19.49,2.54,0.77
2023-10-09,Northern Province,-1.65,29.85,19.63,2.93,0.77
2023-10-10,Northern Province,-1.65,29.85,18.93,1.97,0.77
2023-10-11,Northern Province,-1.65,29.85,17.44,9.86,0.77
2023-10-12,Northern Province,-1.65,29.85,18.39,4.86,0.77
2023-10-13,Northern Province,-1.65,29.85,19.03,0.9,0.77
2023-10-14,Northern Province,-1.65,29.85,20.05,0.81,0.77
2023-10-15,Northern Province,-1.65,29.85,19.23,9.37,0.77
2023-10-16,Northern Province,-1.65,29.85,17.48,1.71,0.77
2023-10-17,Northern Province,-1.65,29.85,18.69,2.49,0.77
2023-10-18,Northern Province,-1.65,29.85,18.64,3.91,0.77
2023-10-19,Northern Province,-1.65,29.85,17.78,6.44,0.77
2023-10-20,Northern Province,-1.65,29.85,17.84,2.35,0.77
2023-10-21,Northern Province,-1.65,29.85,18.49,1.0,0.77
2023-10-22,Northern Province,-1.65,29.85,19.01,1.17,0.77
2023-10-23,Northern Province,-1.65,29.85,19.7,1.99,0.77
2023-10-24,Northern Province,-1.65,29.85,19.46,0.41,0.77
2023-10-25,Northern Province,-1.65,29.85,19.15,1.51,0.77
2023-10-26,Northern Province,-1.65,29.85,18.82,0.99,0.76
2023-10-27,Northern Province,-1.65,29.85,17.46,1.67,0.76
2023-10-28,Northern Province,-1.65,29.85,18.63,2.15,0.76
2023-10-29,Northern Province,-1.65,29.85,17.35,23.51,0.77
2023-10-30,Northern Province,-1.65,29.85,18.68,1.01,0.77
2023-10-31,Northern Province,-1.65,29.85,18.19,2.62,0.77
2023-11-01,Northern Province,-1.65,29.85,18.71,3.91,0.77
2023-11-02,Northern Province,-1.65,29.85,18.5,4.39,0.77
2023-11-03,Northern Province,-1.65,29.85,16.82,17.83,0.78
2023-11-04,Northern Province,-1.65,29.85,17.32,3.56,0.78
2023-11-05,Northern Province,-1.65,29.85,16.67,1.63,0.78
2023-11-06,Northern Province,-1.65,29.85,18.26,4.39,0.78
2023-11-07,Northern Province,-1.65,29.85,18.17,0.94,0.78
2023-11-08,Northern Province,-1.65,29.85,18.47,0.93,0.78
2023-11-09,Northern Province,-1.65,29.85,18.57,7.83,0.78
2023-11-10,Northern Province,-1.65,29.85,18.13,3.38,0.78
2023-11-11,Northern Province,-1.65,29.85,17.32,6.87,0.78
2023-11-12,Northern Province,-1.65,29.85,18.31,4.93,0.79
2023-11-13,Northern Province,-1.65,29.85,16.96,4.64,0.79
2023-11-14,Northern Province,-1.65,29.85,17.28,10.04,0.79
2023-11-15,Northern Province,-1.65,29.85,16.95,2.72,0.79
2023-11-16,Northern Province,-1.65,29.85,17.46,6.38,0.79
2023-11-17,Northern Province,-1.65,29.85,16.64,6.58,0.8
2023-11-18,Northern Province,-1.65,29.85,17.72,4.65,0.8
2023-11-19,Northern Province,-1.65,29.85,18.23,2.97,0.8
2023-11-20,Northern Province,-1.65,29.85,18.31,6.29,0.8
2023-11-21,Northern Province,-1.65,29.85,17.76,4.58,0.8
2023-11-22,Northern Province,-1.65,29.85,16.77,3.36,0.8
2023-11-23,Northern Province,-1.65,29.85,17.6,2.84,0.8
2023-11-24,Northern Province,-1.65,29.85,17.25,2.91,0.8
2023-11-25,Northern Province,-1.65,29.85,17.51,5.15,0.8
2023-11-26,Northern Province,-1.65,29.85,17.0,15.24,0.8
2023-11-27,Northern Province,-1.65,29.85,17.03,13.06,0.81
2023-11-28,Northern Province,-1.65,29.85,18.31,7.17,0.82
2023-11-29,Northern Province,-1.65,29.85,17.77,24.57,0.82
2023-11-30,Northern Province,-1.65,29.85,18.47,7.43,0.83
2023-12-01,Northern Province,-1.65,29.85,18.05,6.96,0.83
2023-12-02,Northern Province,-1.65,29.85,18.61,8.55,0.83
2023-12-03,Northern Province,-1.65,29.85,18.26,7.57,0.84
2023-12-04,Northern Province,-1.65,29.85,18.32,18.67,0.84
2023-12-05,Northern Province,-1.65,29.85,18.89,17.61,0.85
2023-12-06,Northern Province,-1.65,29.85,18.22,6.42,0.85
2023-12-07,Northern Province,-1.65,29.85,18.03,0.29,0.85
2023-12-08,Northern Province,-1.65,29.85,18.37,0.96,0.85
2023-12-09,Northern Province,-1.65,29.85,18.72,1.38,0.85
2023-12-10,Northern Province,-1.65,29.85,18.27,2.56,0.85
2023-12-11,Northern Province,-1.65,29.85,18.57,2.52,0.85
2023-12-12,Northern Province,-1.65,29.85,18.73,1.76,0.85
2023-12-13,Northern Province,-1.65,29.85,18.94,1.65,0.85
2023-12-14,Northern Province,-1.65,29.85,18.16,0.91,0.84
2023-12-15,Northern Province,-1.65,29.85,18.83,0.93,0.84
2023-12-16,Northern Province,-1.65,29.85,18.02,1.33,0.84
2023-12-17,Northern Province,-1.65,29.85,18.52,1.16,0.84
2023-12-18,Northern Province,-1.65,29.85,19.27,1.07,0.84
2023-12-19,Northern Province,-1.65,29.85,18.85,1.18,0.84
2023-12-20,Northern Province,-1.65,29.85,19.22,0.92,0.83
2023-12-21,Northern Province,-1.65,29.85,18.8,2.02,0.83
2023-12-22,Northern Province,-1.65,29.85,19.15,2.98,0.83
2023-12-23,Northern Province,-1.65,29.85,19.53,1.33,0.83
2023-12-24,Northern Province,-1.65,29.85,19.74,1.41,0.83
2023-12-25,Northern Province,-1.65,29.85,19.71,4.89,0.83
2023-12-26,Northern Province,-1.65,29.85,18.42,24.19,0.83
2023-12-27,Northern Province,-1.65,29.85,16.28,11.21,0.84
2023-12-28,Northern Province,-1.65,29.85,18.42,0.46,0.84
2023-12-29,Northern Province,-1.65,29.85,18.67,1.5,0.84
2023-12-30,Northern Province,-1.65,29.85,18.65,2.82,0.84
2023-12-31,Northern Province,-1.65,29.85,17.21,1.45,0.84
2024-01-01,Northern Province,-1.65,29.85,18.41,0.95,0.84
2024-01-02,Northern Province,-1.65,29.85,19.08,4.67,0.84
2024-01-03,Northern Province,-1.65,29.85,17.07,3.37,0.84
2024-01-04,Northern Province,-1.65,29.85,18.6,0.29,0.84
2024-01-05,Northern Province,-1.65,29.85,18.64,0.6,0.83
2024-01-06,Northern Province,-1.65,29.85,18.49,1.66,0.83
2024-01-07,Northern Province,-1.65,29.85,19.07,1.01,0.83
2024-01-08,Northern Province,-1.65,29.85,18.68,1.05,0.83
2024-01-09,Northern Province,-1.65,29.85,18.12,1.67,0.83
2024-01-10,Northern Province,-1.65,29.85,18.03,8.25,0.83
2024-01-11,Northern Province,-1.65,29.85,17.34,34.3,0.84
2024-01-12,Northern Province,-1.65,29.85,17.76,69.97,0.86
2024-01-13,Northern Province,-1.65,29.85,17.51,30.09,0.88
2024-01-14,Northern Province,-1.65,29.85,17.57,5.65,0.89
2024-01-15,Northern Province,-1.65,29.85,17.82,1.58,0.89
2024-01-16,Northern Province,-1.65,29.85,17.55,0.7,0.88
2024-01-17,Northern Province,-1.65,29.85,18.13,1.21,0.88
2024-01-18,Northern Province,-1.65,29.85,17.71,1.79,0.88
2024-01-19,Northern Province,-1.65,29.85,18.24,3.56,0.88
2024-01-20,Northern Province,-1.65,29.85,18.47,1.42,0.88
2024-01-21,Northern Province,-1.65,29.85,17.25,0.92,0.88
2024-01-22,Northern Province,-1.65,29.85,18.09,3.69,0.88
2024-01-23,Northern Province,-1.65,29.85,18.38,4.57,0.88
2024-01-24,Northern Province,-1.65,29.85,17.47,6.08,0.88
2024-01-25,Northern Province,-1.65,29.85,18.19,3.93,0.88
2024-01-26,Northern Province,-1.65,29.85,18.81,1.89,0.88
2024-01-27,Northern Province,-1.65,29.85,19.17,2.18,0.88
2024-01-28,Northern Province,-1.65,29.85,18.84,1.86,0.88
2024-01-29,Northern Province,-1.65,29.85,19.2,3.76,0.87
2024-01-30,Northern Province,-1.65,29.85,18.58,5.41,0.87
2024-01-31,Northern Province,-1.65,29.85,18.41,6.41,0.87
2024-02-01,Northern Province,-1.65,29.85,17.95,1.84,0.88
2024-02-02,Northern Province,-1.65,29.85,18.84,3.22,0.88
2024-02-03,Northern Province,-1.65,29.85,18.87,1.9,0.88
2024-02-04,Northern Province,-1.65,29.85,18.83,1.07,0.87
2024-02-05,Northern Province,-1.65,29.85,18.18,1.23,0.87
2024-02-06,Northern Province,-1.65,29.85,17.64,2.11,0.87
2024-02-07,Northern Province,-1.65,29.85,18.68,0.52,0.87
2024-02-08,Northern Province,-1.65,29.85,18.53,0.26,0.87
2024-02-09,Northern Province,-1.65,29.85,19.27,1.43,0.86
2024-02-10,Northern Province,-1.65,29.85,19.53,2.49,0.86
2024-02-11,Northern Province,-1.65,29.85,18.99,1.49,0.86
2024-02-12,Northern Province,-1.65,29.85,19.75,0.56,0.86
2024-02-13,Northern Province,-1.65,29.85,20.15,1.27,0.86
2024-02-14,Northern Province,-1.65,29.85,19.67,18.26,0.86
2024-02-15,Northern Province,-1.65,29.85,18.74,12.99,0.87
2024-02-16,Northern Province,-1.65,29.85,18.53,0.62,0.86
2024-02-17,Northern Province,-1.65,29.85,19.02,1.38,0.86
2024-02-18,Northern Province,-1.65,29.85,20.28,1.21,0.86
2024-02-19,Northern Province,-1.65,29.85,19.81,3.15,0.86
2024-02-20,Northern Province,-1.65,29.85,19.84,0.42,0.86
2024-02-21,Northern Province,-1.65,29.85,19.32,1.44,0.85
2024-02-22,Northern Province,-1.65,29.85,19.68,0.51,0.85
2024-02-23,Northern Province,-1.65,29.85,20.09,0.88,0.85
2024-02-24,Northern Province,-1.65,29.85,18.54,1.08,0.85
2024-02-25,Northern Province,-1.65,29.85,18.74,4.85,0.85
2024-02-26,Northern Province,-1.65,29.85,18.31,3.03,0.85
2024-02-27,Northern Province,-1.65,29.85,16.97,3.28,0.85
2024-02-28,Northern Province,-1.65,29.85,17.44,14.9,0.86
2024-02-29,Northern Province,-1.65,29.85,18.21,3.03,0.86
2024-03-01,Northern Province,-1.65,29.85,17.96,19.29,0.86
2024-03-02,Northern Province,-1.65,29.85,17.87,5.1,0.86
2024-03-03,Northern Province,-1.65,29.85,19.32,1.63,0.86
2024-03-04,Northern Province,-1.65,29.85,19.0,8.43,0.87
2024-03-05,Northern Province,-1.65,29.85,18.26,1.99,0.87
2024-03-06,Northern Province,-1.65,29.85,17.69,1.42,0.87
2024-03-07,Northern Province,-1.65,29.85,18.2,0.82,0.86
2024-03-08,Northern Province,-1.65,29.85,18.73,1.63,0.86
2024-03-09,Northern Province,-1.65,29.85,18.07,2.56,0.86
2024-03-10,Northern Province,-1.65,29.85,18.46,9.17,0.86
2024-03-11,Northern Province,-1.65,29.85,18.96,1.04,0.86
2024-03-12,Northern Province,-1.65,29.85,19.07,0.02,0.86
2024-03-13,Northern Province,-1.65,29.85,19.26,0.02,0.86
2024-03-14,Northern Province,-1.65,29.85,18.45,0.05,0.85
2024-03-15,Northern Province,-1.65,29.85,18.5,0.01,0.85
2024-03-16,Northern Province,-1.65,29.85,18.84,0.14,0.85
2024-03-17,Northern Province,-1.65,29.85,19.19,0.03,0.85
2024-03-18,Northern Province,-1.65,29.85,19.32,0.02,0.84
2024-03-19,Northern Province,-1.65,29.85,19.29,0.05,0.84
2024-03-20,Northern Province,-1.65,29.85,18.98,0.7,0.84
2024-03-21,Northern Province,-1.65,29.85,18.81,1.44,0.84
2024-03-22,Northern Province,-1.65,29.85,18.54,0.39,0.84
2024-03-23,Northern Province,-1.65,29.85,19.98,0.84,0.83
2024-03-24,Northern Province,-1.65,29.85,19.52,2.24,0.83
2024-03-25,Northern Province,-1.65,29.85,19.78,1.07,0.83
2024-03-26,Northern Province,-1.65,29.85,18.08,2.01,0.83
2024-03-27,Northern Province,-1.65,29.85,18.2,2.02,0.83
2024-03-28,Northern Province,-1.65,29.85,18.14,2.36,0.83
2024-03-29,Northern Province,-1.65,29.85,19.8,10.27,0.83
2024-03-30,Northern Province,-1.65,29.85,19.8,8.27,0.83
2024-03-31,Northern Province,-1.65,29.85,18.11,10.81,0.84
2024-04-01,Northern Province,-1.65,29.85,18.89,7.93,0.84
2024-04-02,Northern Province,-1.65,29.85,18.75,7.08,0.84
2024-04-03,Northern Province,-1.65,29.85,17.14,7.22,0.85
2024-04-04,Northern Province,-1.65,29.85,17.51,7.92,0.85
2024-04-05,Northern Province,-1.65,29.85,18.16,0.43,0.85
2024-04-06,Northern Province,-1.65,29.85,17.92,6.85,0.85
2024-04-07,Northern Province,-1.65,29.85,18.77,6.17,0.85
2024-04-08,Northern Province,-1.65,29.85,18.71,1.5,0.85
2024-04-09,Northern Province,-1.65,29.85,18.17,16.42,0.86
2024-04-10,Northern Province,-1.65,29.85,18.34,0.96,0.86
2024-04-11,Northern Province,-1.65,29.85,18.29,2.64,0.86
2024-04-12,Northern Province,-1.65,29.85,18.83,4.67,0.85
2024-04-13,Northern Province,-1.65,29.85,18.88,33.28,0.86
2024-04-14,Northern Province,-1.65,29.85,17.04,17.12,0.87
2024-04-15,Northern Province,-1.65,29.85,17.69,9.92,0.88
2024-04-16,Northern Province,-1.65,29.85,18.19,1.03,0.88
2024-04-17,Northern Province,-1.65,29.85,18.08,0.79,0.88
2024-04-18,Northern Province,-1.65,29.85,18.35,1.0,0.87
2024-04-19,Northern Province,-1.65,29.85,18.4,1.41,0.87
2024-04-20,Northern Province,-1.65,29.85,18.41,5.14,0.87
2024-04-21,Northern Province,-1.65,29.85,19.27,8.1,0.87
2024-04-22,Northern Province,-1.65,29.85,18.67,1.8,0.87
2024-04-23,Northern Province,-1.65,29.85,18.58,5.11,0.87
2024-04-24,Northern Province,-1.65,29.85,18.81,2.68,0.88
2024-04-25,Northern Province,-1.65,29.85,18.16,13.14,0.87
2024-04-26,Northern Province,-1.65,29.85,17.76,13.53,0.89
2024-04-27,Northern Province,-1.65,29.85,19.2,3.63,0.88
2024-04-28,Northern Province,-1.65,29.85,17.08,25.71,0.89
2024-04-29,Northern Province,-1.65,29.85,19.14,9.3,0.9
2024-04-30,Northern Province,-1.65,29.85,18.66,32.7,0.9
2024-05-01,Northern Province,-1.65,29.85,19.49,31.44,0.91
2024-05-02,Northern Province,-1.65,29.85,18.92,33.81,0.93
2024-05-03,Northern Province,-1.65,29.85,18.24,10.13,0.93
2024-05-04,Northern Province,-1.65,29.85,17.71,9.69,0.93
2024-05-05,Northern Province,-1.65,29.85,18.88,1.1,0.93
2024-05-06,Northern Province,-1.65,29.85,18.21,2.46,0.93
2024-05-07,Northern Province,-1.65,29.85,18.56,0.52,0.93
2024-05-08,Northern Province,-1.65,29.85,17.94,3.19,0.92
2024-05-09,Northern Province,-1.65,29.85,18.34,7.63,0.92
2024-05-10,Northern Province,-1.65,29.85,17.6,7.7,0.93
2024-05-11,Northern Province,-1.65,29.85,18.34,5.11,0.93
2024-05-12,Northern Province,-1.65,29.85,18.41,1.73,0.92
2024-05-13,Northern Province,-1.65,29.85,18.48,0.17,0.92
2024-05-14,Northern Province,-1.65,29.85,17.85,0.44,0.92
2024-05-15,Northern Province,-1.65,29.85,18.24,0.41,0.92
2024-05-16,Northern Province,-1.65,29.85,18.5,1.71,0.91
2024-05-17,Northern Province,-1.65,29.85,18.96,2.22,0.91
2024-05-18,Northern Province,-1.65,29.85,18.94,1.85,0.91
2024-05-19,Northern Province,-1.65,29.85,18.64,1.4,0.91
2024-05-20,Northern Province,-1.65,29.85,18.64,5.94,0.91
2024-05-21,Northern Province,-1.65,29.85,17.65,1.84,0.91
2024-05-22,Northern Province,-1.65,29.85,18.08,0.81,0.91
2024-05-23,Northern Province,-1.65,29.85,18.21,0.15,0.91
2024-05-24,Northern Province,-1.65,29.85,18.07,0.21,0.9
2024-05-25,Northern Province,-1.65,29.85,18.09,0.02,0.9
2024-05-26,Northern Province,-1.65,29.85,18.24,0.14,0.9
2024-05-27,Northern Province,-1.65,29.85,18.65,0.1,0.9
2024-05-28,Northern Province,-1.65,29.85,18.52,0.08,0.89
2024-05-29,Northern Province,-1.65,29.85,19.14,0.13,0.89
2024-05-30,Northern Province,-1.65,29.85,18.8,0.12,0.89
2024-05-31,Northern Province,-1.65,29.85,18.63,0.33,0.89
2024-06-01,Northern Province,-1.65,29.85,18.81,0.25,0.88
2024-06-02,Northern Province,-1.65,29.85,18.8,0.58,0.88
2024-06-03,Northern Province,-1.65,29.85,18.64,0.31,0.88
2024-06-04,Northern Province,-1.65,29.85,18.22,0.04,0.88
2024-06-05,Northern Province,-1.65,29.85,18.08,0.08,0.87
2024-06-06,Northern Province,-1.65,29.85,17.59,0.25,0.87
2024-06-07,Northern Province,-1.65,29.85,17.95,0.23,0.87
2024-06-08,Northern Province,-1.65,29.85,17.33,0.01,0.86
2024-06-09,Northern Province,-1.65,29.85,15.84,0.1,0.86
2024-06-10,Northern Province,-1.65,29.85,16.02,1.15,0.86
2024-06-11,Northern Province,-1.65,29.85,15.79,0.31,0.86
2024-06-12,Northern Province,-1.65,29.85,16.38,0.24,0.86
2024-06-13,Northern Province,-1.65,29.85,17.45,0.06,0.85
2024-06-14,Northern Province,-1.65,29.85,17.43,0.34,0.85
2024-06-15,Northern Province,-1.65,29.85,18.73,1.6,0.85
2024-06-16,Northern Province,-1.65,29.85,17.3,8.38,0.85
2024-06-17,Northern Province,-1.65,29.85,16.95,1.36,0.85
2024-06-18,Northern Province,-1.65,29.85,16.72,0.01,0.85
2024-06-19,Northern Province,-1.65,29.85,16.99,0.08,0.85
2024-06-20,Northern Province,-1.65,29.85,16.59,0.58,0.84
2024-06-21,Northern Province,-1.65,29.85,17.12,1.32,0.84
2024-06-22,Northern Province,-1.65,29.85,17.07,0.47,0.84
2024-06-23,Northern Province,-1.65,29.85,17.13,0.43,0.84
2024-06-24,Northern Province,-1.65,29.85,16.32,0.05,0.84
2024-06-25,Northern Province,-1.65,29.85,15.23,0.0,0.83
2024-06-26,Northern Province,-1.65,29.85,14.87,0.0,0.83
2024-06-27,Northern Province,-1.65,29.85,15.58,0.0,0.83
2024-06-28,Northern Province,-1.65,29.85,15.67,0.01,0.83
2024-06-29,Northern Province,-1.65,29.85,16.49,0.0,0.82
2024-06-30,Northern Province,-1.65,29.85,16.43,0.0,0.82
2024-07-01,Northern Province,-1.65,29.85,15.93,0.0,0.82
2024-07-02,Northern Province,-1.65,29.85,16.28,0.0,0.82
2024-07-03,Northern Province,-1.65,29.85,17.11,0.0,0.81
2024-07-04,Northern Province,-1.65,29.85,17.29,0.0,0.81
2024-07-05,Northern Province,-1.65,29.85,17.86,0.09,0.81
2024-07-06,Northern Province,-1.65,29.85,17.73,0.31,0.81
2024-07-07,Northern Province,-1.65,29.85,17.34,0.62,0.8
2024-07-08,Northern Province,-1.65,29.85,17.56,6.65,0.8
2024-07-09,Northern Province,-1.65,29.85,17.32,9.42,0.81
2024-07-10,Northern Province,-1.65,29.85,17.26,2.09,0.81
2024-07-11,Northern Province,-1.65,29.85,16.57,0.64,0.81
2024-07-12,Northern Province,-1.65,29.85,16.93,0.15,0.81
2024-07-13,Northern Province,-1.65,29.85,17.39,1.55,0.8
2024-07-14,Northern Province,-1.65,29.85,17.43,0.26,0.8
2024-07-15,Northern Province,-1.65,29.85,18.78,0.04,0.8
2024-07-16,Northern Province,-1.65,29.85,19.02,0.26,0.8
2024-07-17,Northern Province,-1.65,29.85,18.07,0.8,0.8
2024-07-18,Northern Province,-1.65,29.85,18.32,0.24,0.8
2024-07-19,Northern Province,-1.65,29.85,17.84,0.26,0.79
2024-07-20,Northern Province,-1.65,29.85,18.15,0.29,0.79
2024-07-21,Northern Province,-1.65,29.85,18.26,0.78,0.79
2024-07-22,Northern Province,-1.65,29.85,17.34,2.73,0.79
2024-07-23,Northern Province,-1.65,29.85,16.21,0.05,0.79
2024-07-24,Northern Province,-1.65,29.85,16.71,0.0,0.79
2024-07-25,Northern Province,-1.65,29.85,19.04,0.25,0.79
2024-07-26,Northern Province,-1.65,29.85,18.84,0.14,0.78
2024-07-27,Northern Province,-1.65,29.85,18.6,0.11,0.78
2024-07-28,Northern Province,-1.65,29.85,19.16,0.05,0.78
2024-07-29,Northern Province,-1.65,29.85,18.95,2.01,0.78
2024-07-30,Northern Province,-1.65,29.85,18.54,0.17,0.78
2024-07-31,Northern Province,-1.65,29.85,17.79,0.06,0.78
2024-08-01,Northern Province,-1.65,29.85,17.43,0.0,0.77
2024-08-02,Northern Province,-1.65,29.85,17.48,0.01,0.77
2024-08-03,Northern Province,-1.65,29.85,17.75,0.01,0.77
2024-08-04,Northern Province,-1.65,29.85,17.71,0.2,0.77
2024-08-05,Northern Province,-1.65,29.85,17.58,0.0,0.76
2024-08-06,Northern Province,-1.65,29.85,17.33,0.0,0.76
2024-08-07,Northern Province,-1.65,29.85,18.0,0.04,0.76
2024-08-08,Northern Province,-1.65,29.85,18.62,0.04,0.76
2024-08-09,Northern Province,-1.65,29.85,18.84,5.29,0.76
2024-08-10,Northern Province,-1.65,29.85,18.5,9.04,0.76
2024-08-11,Northern Province,-1.65,29.85,19.1,1.35,0.76
2024-08-12,Northern Province,-1.65,29.85,18.58,1.18,0.76
2024-08-13,Northern Province,-1.65,29.85,18.89,1.39,0.76
2024-08-14,Northern Province,-1.65,29.85,18.79,4.36,0.76
2024-08-15,Northern Province,-1.65,29.85,18.34,8.42,0.76
2024-08-16,Northern Province,-1.65,29.85,18.1,4.47,0.76
2024-08-17,Northern Province,-1.65,29.85,18.59,4.55,0.76
2024-08-18,Northern Province,-1.65,29.85,17.55,0.32,0.76
2024-08-19,Northern Province,-1.65,29.85,18.02,0.07,0.76
2024-08-20,Northern Province,-1.65,29.85,18.18,0.09,0.76
2024-08-21,Northern Province,-1.65,29.85,17.96,0.1,0.76
2024-08-22,Northern Province,-1.65,29.85,17.58,0.22,0.75
2024-08-23,Northern Province,-1.65,29.85,18.2,0.15,0.75
2024-08-24,Northern Province,-1.65,29.85,17.88,0.9,0.75
2024-08-25,Northern Province,-1.65,29.85,17.65,0.3,0.75
2024-08-26,Northern Province,-1.65,29.85,17.52,2.41,0.75
2024-08-27,Northern Province,-1.65,29.85,18.85,1.02,0.75
2024-08-28,Northern Province,-1.65,29.85,18.97,0.77,0.75
2024-08-29,Northern Province,-1.65,29.85,19.67,2.64,0.75
2024-08-30,Northern Province,-1.65,29.85,19.18,1.05,0.75
2024-08-31,Northern Province,-1.65,29.85,18.99,1.83,0.74
2024-09-01,Northern Province,-1.65,29.85,18.33,1.46,0.74
2024-09-02,Northern Province,-1.65,29.85,18.03,2.12,0.74
2024-09-03,Northern Province,-1.65,29.85,18.84,0.6,0.74
2024-09-04,Northern Province,-1.65,29.85,18.75,0.39,0.74
2024-09-05,Northern Province,-1.65,29.85,18.61,1.63,0.74
2024-09-06,Northern Province,-1.65,29.85,18.55,1.84,0.74
2024-09-07,Northern Province,-1.65,29.85,18.63,1.85,0.74
2024-09-08,Northern Province,-1.65,29.85,19.29,0.31,0.74
2024-09-09,Northern Province,-1.65,29.85,20.64,0.19,0.73
2024-09-10,Northern Province,-1.65,29.85,19.88,0.54,0.73
2024-09-11,Northern Province,-1.65,29.85,19.92,0.46,0.73
2024-09-12,Northern Province,-1.65,29.85,20.33,0.0,0.73
2024-09-13,Northern Province,-1.65,29.85,20.26,0.04,0.73
2024-09-14,Northern Province,-1.65,29.85,19.43,0.05,0.72
2024-09-15,Northern Province,-1.65,29.85,18.83,0.0,0.72
2024-09-16,Northern Province,-1.65,29.85,20.26,0.0,0.72
2024-09-17,Northern Province,-1.65,29.85,19.22,0.89,0.72
2024-09-18,Northern Province,-1.65,29.85,20.14,0.96,0.72
2024-09-19,Northern Province,-1.65,29.85,19.79,2.8,0.72
2024-09-20,Northern Province,-1.65,29.85,18.5,9.29,0.72
2024-09-21,Northern Province,-1.65,29.85,19.16,2.2,0.72
2024-09-22,Northern Province,-1.65,29.85,18.96,4.38,0.72
2024-09-23,Northern Province,-1.65,29.85,19.46,0.54,0.72
2024-09-24,Northern Province,-1.65,29.85,18.94,0.04,0.72
2024-09-25,Northern Province,-1.65,29.85,19.22,1.57,0.72
2024-09-26,Northern Province,-1.65,29.85,20.01,0.45,0.72
2024-09-27,Northern Province,-1.65,29.85,20.36,0.58,0.72
2024-09-28,Northern Province,-1.65,29.85,20.41,2.02,0.71
2024-09-29,Northern Province,-1.65,29.85,18.17,8.63,0.71
2024-09-30,Northern Province,-1.65,29.85,18.9,23.05,0.72
2024-10-01,Northern Province,-1.65,29.85,18.66,8.38,0.73
2024-10-02,Northern Province,-1.65,29.85,18.59,10.78,0.74
2024-10-03,Northern Province,-1.65,29.85,18.31,3.35,0.74
2024-10-04,Northern Province,-1.65,29.85,17.68,0.03,0.74
2024-10-05,Northern Province,-1.65,29.85,18.53,0.45,0.74
2024-10-06,Northern Province,-1.65,29.85,18.66,17.06,0.73
2024-10-07,Northern Province,-1.65,29.85,18.29,5.84,0.74
2024-10-08,Northern Province,-1.65,29.85,17.91,3.6,0.75
2024-10-09,Northern Province,-1.65,29.85,17.61,2.77,0.75
2024-10-10,Northern Province,-1.65,29.85,17.89,3.84,0.75
2024-10-11,Northern Province,-1.65,29.85,17.21,24.7,0.75
2024-10-12,Northern Province,-1.65,29.85,17.82,2.31,0.76
2024-10-13,Northern Province,-1.65,29.85,17.82,1.67,0.76
2024-10-14,Northern Province,-1.65,29.85,19.18,2.1,0.76
2024-10-15,Northern Province,-1.65,29.85,18.92,5.55,0.76
2024-10-16,Northern Province,-1.65,29.85,18.51,2.3,0.76
2024-10-17,Northern Province,-1.65,29.85,16.88,6.55,0.76
2024-10-18,Northern Province,-1.65,29.85,19.01,9.12,0.76
2024-10-19,Northern Province,-1.65,29.85,17.97,77.46,0.77
2024-10-20,Northern Province,-1.65,29.85,18.46,50.8,0.81
2024-10-21,Northern Province,-1.65,29.85,18.3,37.22,0.83
2024-10-22,Northern Province,-1.65,29.85,18.32,16.03,0.84
2024-10-23,Northern Province,-1.65,29.85,19.09,0.42,0.84
2024-10-24,Northern Province,-1.65,29.85,19.15,3.24,0.84
2024-10-25,Northern Province,-1.65,29.85,19.34,2.55,0.84
2024-10-26,Northern Province,-1.65,29.85,18.4,5.07,0.84
2024-10-27,Northern Province,-1.65,29.85,18.63,0.98,0.84
2024-10-28,Northern Province,-1.65,29.85,19.02,2.73,0.84
2024-10-29,Northern Province,-1.65,29.85,19.81,1.22,0.84
2024-10-30,Northern Province,-1.65,29.85,19.79,1.95,0.83
2024-10-31,Northern Province,-1.65,29.85,19.64,5.49,0.83
2024-11-01,Northern Province,-1.65,29.85,18.3,10.34,0.84
2024-11-02,Northern Province,-1.65,29.85,17.45,7.69,0.84
2024-11-03,Northern Province,-1.65,29.85,18.86,2.14,0.84
2024-11-04,Northern Province,-1.65,29.85,19.11,0.67,0.84
2024-11-05,Northern Province,-1.65,29.85,18.05,1.62,0.84
2024-11-06,Northern Province,-1.65,29.85,17.8,2.66,0.84
2024-11-07,Northern Province,-1.65,29.85,17.28,25.76,0.84
2024-11-08,Northern Province,-1.65,29.85,17.64,1.84,0.85
2024-11-09,Northern Province,-1.65,29.85,18.68,0.66,0.85
2024-11-10,Northern Province,-1.65,29.85,18.77,1.04,0.85
2024-11-11,Northern Province,-1.65,29.85,17.17,4.96,0.84
2024-11-12,Northern Province,-1.65,29.85,17.79,3.53,0.85
2024-11-13,Northern Province,-1.65,29.85,19.07,1.08,0.84
2024-11-14,Northern Province,-1.65,29.85,18.12,1.89,0.84
2024-11-15,Northern Province,-1.65,29.85,17.52,4.57,0.84
2024-11-16,Northern Province,-1.65,29.85,17.37,10.01,0.84
2024-11-17,Northern Province,-1.65,29.85,17.19,5.92,0.85
2024-11-18,Northern Province,-1.65,29.85,17.64,2.62,0.85
2024-11-19,Northern Province,-1.65,29.85,19.32,1.21,0.85
2024-11-20,Northern Province,-1.65,29.85,19.09,4.19,0.85
2024-11-21,Northern Province,-1.65,29.85,18.1,12.79,0.85
2024-11-22,Northern Province,-1.65,29.85,18.86,7.8,0.85
2024-11-23,Northern Province,-1.65,29.85,17.96,5.82,0.85
2024-11-24,Northern Province,-1.65,29.85,18.87,33.96,0.86
2024-11-25,Northern Province,-1.65,29.85,18.38,9.74,0.87
2024-11-26,Northern Province,-1.65,29.85,18.2,13.48,0.87
2024-11-27,Northern Province,-1.65,29.85,18.17,9.75,0.88
2024-11-28,Northern Province,-1.65,29.85,18.21,28.83,0.88
2024-11-29,Northern Province,-1.65,29.85,17.37,26.07,0.9
2024-11-30,Northern Province,-1.65,29.85,17.91,40.26,0.91
2024-12-01,Northern Province,-1.65,29.85,17.76,21.14,0.92
2024-12-02,Northern Province,-1.65,29.85,17.65,11.16,0.93
2024-12-03,Northern Province,-1.65,29.85,17.93,31.67,0.93
2024-12-04,Northern Province,-1.65,29.85,17.07,5.07,0.94
2024-12-05,Northern Province,-1.65,29.85,17.61,2.7,0.94
2024-12-06,Northern Province,-1.65,29.85,17.36,6.68,0.94
2024-12-07,Northern Province,-1.65,29.85,16.57,2.31,0.94
2024-12-08,Northern Province,-1.65,29.85,17.3,0.42,0.93
2024-12-09,Northern Province,-1.65,29.85,17.82,2.44,0.93
2024-12-10,Northern Province,-1.65,29.85,18.19,2.03,0.93
2024-12-11,Northern Province,-1.65,29.85,17.24,4.96,0.93
2024-12-12,Northern Province,-1.65,29.85,18.06,4.87,0.93
2024-12-13,Northern Province,-1.65,29.85,17.84,3.03,0.93
2024-12-14,Northern Province,-1.65,29.85,18.19,3.51,0.93
2024-12-15,Northern Province,-1.65,29.85,18.2,4.97,0.93
2024-12-16,Northern Province,-1.65,29.85,16.78,3.81,0.93
2024-12-17,Northern Province,-1.65,29.85,18.07,2.73,0.93
2024-12-18,Northern Province,-1.65,29.85,18.15,3.16,0.92
2024-12-19,Northern Province,-1.65,29.85,17.89,12.5,0.92
2024-12-20,Northern Province,-1.65,29.85,18.18,5.13,0.93
2024-12-21,Northern Province,-1.65,29.85,18.02,5.48,0.93
2024-12-22,Northern Province,-1.65,29.85,18.49,3.76,0.93
2024-12-23,Northern Province,-1.65,29.85,17.92,6.01,0.93
2024-12-24,Northern Province,-1.65,29.85,18.06,6.3,0.93
2024-12-25,Northern Province,-1.65,29.85,17.98,16.38,0.93
2024-12-26,Northern Province,-1.65,29.85,18.41,3.0,0.94
2024-12-27,Northern Province,-1.65,29.85,18.34,1.4,0.93
2024-12-28,Northern Province,-1.65,29.85,18.06,0.08,0.93
2024-12-29,Northern Province,-1.65,29.85,18.44,0.1,0.93
2024-12-30,Northern Province,-1.65,29.85,17.8,0.0,0.92
2024-12-31,Northern Province,-1.65,29.85,17.8,0.04,0.92
2025-01-01,Northern Province,-1.65,29.85,17.51,0.28,0.92
2025-01-02,Northern Province,-1.65,29.85,17.31,7.83,0.92
2025-01-03,Northern Province,-1.65,29.85,18.13,7.55,0.92
2025-01-04,Northern Province,-1.65,29.85,18.5,4.62,0.92
2025-01-05,Northern Province,-1.65,29.85,17.8,2.0,0.92
2025-01-06,Northern Province,-1.65,29.85,18.29,0.1,0.91
2025-01-07,Northern Province,-1.65,29.85,19.2,0.44,0.91
2025-01-08,Northern Province,-1.65,29.85,19.08,0.2,0.91
2025-01-09,Northern Province,-1.65,29.85,18.3,0.47,0.91
2025-01-10,Northern Province,-1.65,29.85,17.71,2.54,0.9
2025-01-11,Northern Province,-1.65,29.85,16.98,1.44,0.9
2025-01-12,Northern Province,-1.65,29.85,18.23,0.47,0.9
2025-01-13,Northern Province,-1.65,29.85,18.68,1.99,0.9
2025-01-14,Northern Province,-1.65,29.85,18.13,0.63,0.9
2025-01-15,Northern Province,-1.65,29.85,18.14,0.1,0.89
2025-01-16,Northern Province,-1.65,29.85,18.23,0.81,0.89
2025-01-17,Northern Province,-1.65,29.85,18.89,1.48,0.89
2025-01-18,Northern Province,-1.65,29.85,18.82,2.13,0.89
2025-01-19,Northern Province,-1.65,29.85,18.72,4.73,0.89
2025-01-20,Northern Province,-1.65,29.85,18.3,6.25,0.89
2025-01-21,Northern Province,-1.65,29.85,18.26,2.25,0.89
2025-01-22,Northern Province,-1.65,29.85,17.84,1.8,0.88
2025-01-23,Northern Province,-1.65,29.85,16.76,2.35,0.88
2025-01-24,Northern Province,-1.65,29.85,17.76,2.43,0.88
2025-01-25,Northern Province,-1.65,29.85,18.2,1.86,0.88
2025-01-26,Northern Province,-1.65,29.85,16.77,1.92,0.88
2025-01-27,Northern Province,-1.65,29.85,16.96,0.09,0.88
2025-01-28,Northern Province,-1.65,29.85,17.65,0.48,0.88
2025-01-29,Northern Province,-1.65,29.85,18.29,1.42,0.88
2025-01-30,Northern Province,-1.65,29.85,17.66,0.31,0.88
2025-01-31,Northern Province,-1.65,29.85,18.01,1.19,0.87
2025-02-01,Northern Province,-1.65,29.85,18.47,3.68,0.87
2025-02-02,Northern Province,-1.65,29.85,18.21,5.46,0.87
2025-02-03,Northern Province,-1.65,29.85,18.49,2.27,0.87
2025-02-04,Northern Province,-1.65,29.85,18.99,2.06,0.87
2025-02-05,Northern Province,-1.65,29.85,19.68,3.86,0.87
2025-02-06,Northern Province,-1.65,29.85,20.16,0.05,0.87
2025-02-07,Northern Province,-1.65,29.85,18.66,1.93,0.86
2025-02-08,Northern Province,-1.65,29.85,18.3,7.15,0.86
2025-02-09,Northern Province,-1.65,29.85,19.13,2.65,0.86
2025-02-10,Northern Province,-1.65,29.85,19.7,0.39,0.86
2025-02-11,Northern Province,-1.65,29.85,19.39,3.46,0.86
2025-02-12,Northern Province,-1.65,29.85,18.97,0.45,0.86
2025-02-13,Northern Province,-1.65,29.85,19.8,0.19,0.86
2025-02-14,Northern Province,-1.65,29.85,18.63,1.19,0.86
2025-02-15,Northern Province,-1.65,29.85,19.42,7.78,0.85
2025-02-16,Northern Province,-1.65,29.85,19.51,11.95,0.86
2025-02-17,Northern Province,-1.65,29.85,18.61,10.71,0.86
2025-02-18,Northern Province,-1.65,29.85,18.61,4.29,0.86
2025-02-19,Northern Province,-1.65,29.85,19.09,0.23,0.86
2025-02-20,Northern Province,-1.65,29.85,19.5,0.01,0.86
2025-02-21,Northern Province,-1.65,29.85,20.04,0.04,0.85
2025-02-22,Northern Province,-1.65,29.85,19.31,0.1,0.85
2025-02-23,Northern Province,-1.65,29.85,19.31,0.42,0.85
2025-02-24,Northern Province,-1.65,29.85,20.04,0.02,0.85
2025-02-25,Northern Province,-1.65,29.85,20.26,0.01,0.84
2025-02-26,Northern Province,-1.65,29.85,19.95,0.0,0.84
2025-02-27,Northern Province,-1.65,29.85,20.21,0.0,0.84
2025-02-28,Northern Province,-1.65,29.85,20.98,0.0,0.83
2025-03-01,Northern Province,-1.65,29.85,20.92,0.0,0.83
2025-03-02,Northern Province,-1.65,29.85,20.63,0.26,0.83
2025-03-03,Northern Province,-1.65,29.85,20.04,1.44,0.82
2025-03-04,Northern Province,-1.65,29.85,19.33,1.31,0.82
2025-03-05,Northern Province,-1.65,29.85,19.44,1.4,0.82
2025-03-06,Northern Province,-1.65,29.85,20.42,0.26,0.82
2025-03-07,Northern Province,-1.65,29.85,20.59,1.15,0.81
2025-03-08,Northern Province,-1.65,29.85,19.35,6.0,0.81
2025-03-09,Northern Province,-1.65,29.85,19.07,1.91,0.81
2025-03-10,Northern Province,-1.65,29.85,17.87,7.82,0.82
2025-03-11,Northern Province,-1.65,29.85,17.46,1.44,0.82
2025-03-12,Northern Province,-1.65,29.85,18.33,5.04,0.82
2025-03-13,Northern Province,-1.65,29.85,18.74,2.76,0.82
2025-03-14,Northern Province,-1.65,29.85,19.71,0.74,0.82
2025-03-15,Northern Province,-1.65,29.85,19.42,3.25,0.81
2025-03-16,Northern Province,-1.65,29.85,17.42,3.51,0.81
2025-03-17,Northern Province,-1.65,29.85,18.97,1.02,0.81
2025-03-18,Northern Province,-1.65,29.85,18.43,4.19,0.81
2025-03-19,Northern Province,-1.65,29.85,17.03,29.23,0.82
2025-03-20,Northern Province,-1.65,29.85,17.06,7.05,0.83
2025-03-21,Northern Province,-1.65,29.85,18.88,1.14,0.83
2025-03-22,Northern Province,-1.65,29.85,18.87,2.7,0.82
2025-03-23,Northern Province,-1.65,29.85,18.41,3.0,0.82
2025-03-24,Northern Province,-1.65,29.85,18.8,1.37,0.82
2025-03-25,Northern Province,-1.65,29.85,18.4,1.38,0.82
2025-03-26,Northern Province,-1.65,29.85,19.38,2.07,0.82
2025-03-27,Northern Province,-1.65,29.85,18.63,4.88,0.82
2025-03-28,Northern Province,-1.65,29.85,17.04,11.29,0.82
2025-03-29,Northern Province,-1.65,29.85,18.47,4.37,0.83
2025-03-30,Northern Province,-1.65,29.85,19.18,1.25,0.83
2025-03-31,Northern Province,-1.65,29.85,18.7,1.32,0.82
2025-04-01,Northern Province,-1.65,29.85,17.39,4.68,0.82
2025-04-02,Northern Province,-1.65,29.85,18.77,0.71,0.82
2025-04-03,Northern Province,-1.65,29.85,18.39,0.91,0.82
2025-04-04,Northern Province,-1.65,29.85,18.57,1.31,0.82
2025-04-05,Northern Province,-1.65,29.85,18.48,4.57,0.82
2025-04-06,Northern Province,-1.65,29.85,18.85,6.2,0.82
2025-04-07,Northern Province,-1.65,29.85,17.42,2.35,0.82
2025-04-08,Northern Province,-1.65,29.85,18.44,5.44,0.82
2025-04-09,Northern Province,-1.65,29.85,19.05,1.29,0.82
2025-04-10,Northern Province,-1.65,29.85,18.86,1.17,0.82
2025-04-11,Northern Province,-1.65,29.85,18.83,6.57,0.82
2025-04-12,Northern Province,-1.65,29.85,17.72,15.75,0.83
2025-04-13,Northern Province,-1.65,29.85,17.52,10.2,0.83
2025-04-14,Northern Province,-1.65,29.85,17.99,5.76,0.83
2025-04-15,Northern Province,-1.65,29.85,18.1,3.02,0.83
2025-04-16,Northern Province,-1.65,29.85,17.41,4.49,0.83
2025-04-17,Northern Province,-1.65,29.85,19.06,1.03,0.83
2025-04-18,Northern Province,-1.65,29.85,18.97,6.63,0.83
2025-04-19,Northern Province,-1.65,29.85,18.22,3.81,0.84
2025-04-20,Northern Province,-1.65,29.85,18.06,1.44,0.83
2025-04-21,Northern Province,-1.65,29.85,18.56,2.6,0.83
2025-04-22,Northern Province,-1.65,29.85,18.19,4.45,0.83
2025-04-23,Northern Province,-1.65,29.85,17.61,10.49,0.83
2025-04-24,Northern Province,-1.65,29.85,17.46,5.7,0.84
2025-04-25,Northern Province,-1.65,29.85,17.45,42.75,0.85
2025-04-26,Northern Province,-1.65,29.85,17.83,3.08,0.85
2025-04-27,Northern Province,-1.65,29.85,17.72,0.52,0.85
2025-04-28,Northern Province,-1.65,29.85,17.89,0.37,0.85
2025-04-29,Northern Province,-1.65,29.85,18.07,1.25,0.84
2025-04-30,Northern Province,-1.65,29.85,18.64,2.61,0.84
2025-05-01,Northern Province,-1.65,29.85,18.88,0.53,0.84
2025-05-02,Northern Province,-1.65,29.85,17.8,2.08,0.84
2025-05-03,Northern Province,-1.65,29.85,17.77,6.81,0.84
2025-05-04,Northern Province,-1.65,29.85,17.47,4.1,0.84
2025-05-05,Northern Province,-1.65,29.85,17.89,5.49,0.84
2025-05-06,Northern Province,-1.65,29.85,17.44,11.71,0.85
2025-05-07,Northern Province,-1.65,29.85,16.59,13.21,0.85
2025-05-08,Northern Province,-1.65,29.85,17.29,11.78,0.85
2025-05-09,Northern Province,-1.65,29.85,17.45,6.17,0.86
2025-05-10,Northern Province,-1.65,29.85,16.62,5.44,0.86
2025-05-11,Northern Province,-1.65,29.85,18.4,3.67,0.86
2025-05-12,Northern Province,-1.65,29.85,17.87,4.67,0.86
2025-05-13,Northern Province,-1.65,29.85,16.96,4.63,0.86
2025-05-14,Northern Province,-1.65,29.85,16.59,3.73,0.86
2025-05-15,Northern Province,-1.65,29.85,16.26,3.43,0.86
2025-05-16,Northern Province,-1.65,29.85,16.64,1.56,0.86
2025-05-17,Northern Province,-1.65,29.85,17.38,0.87,0.86
2025-05-18,Northern Province,-1.65,29.85,17.2,0.57,0.86
2025-05-19,Northern Province,-1.65,29.85,17.37,1.9,0.85
2025-05-20,Northern Province,-1.65,29.85,16.72,4.56,0.85
2025-05-21,Northern Province,-1.65,29.85,17.38,6.56,0.86
2025-05-22,Northern Province,-1.65,29.85,18.03,9.3,0.86
2025-05-23,Northern Province,-1.65,29.85,17.6,7.44,0.86
2025-05-24,Northern Province,-1.65,29.85,17.66,1.93,0.86
2025-05-25,Northern Province,-1.65,29.85,17.01,3.66,0.86
2025-05-26,Northern Province,-1.65,29.85,17.17,0.65,0.86
2025-05-27,Northern Province,-1.65,29.85,17.21,2.53,0.86
2025-05-28,Northern Province,-1.65,29.85,17.08,2.45,0.86
2025-05-29,Northern Province,-1.65,29.85,17.23,1.6,0.85
2025-05-30,Northern Province,-1.65,29.85,16.8,3.53,0.85
2025-05-31,Northern Province,-1.65,29.85,17.13,1.99,0.85
2025-06-01,Northern Province,-1.65,29.85,16.69,0.03,0.85
2025-06-02,Northern Province,-1.65,29.85,17.31,0.18,0.85
2025-06-03,Northern Province,-1.65,29.85,18.13,3.56,0.85
2025-06-04,Northern Province,-1.65,29.85,16.43,10.2,0.85
2025-06-05,Northern Province,-1.65,29.85,16.53,8.77,0.85
2025-06-06,Northern Province,-1.65,29.85,16.55,3.78,0.86
2025-06-07,Northern Province,-1.65,29.85,17.16,2.99,0.86
2025-06-08,Northern Province,-1.65,29.85,17.53,4.16,0.85
2025-06-09,Northern Province,-1.65,29.85,17.17,0.41,0.85
2025-06-10,Northern Province,-1.65,29.85,17.09,0.11,0.85
2025-06-11,Northern Province,-1.65,29.85,16.51,0.0,0.85
2025-06-12,Northern Province,-1.65,29.85,17.21,0.0,0.85
2025-06-13,Northern Province,-1.65,29.85,16.81,0.0,0.84
2025-06-14,Northern Province,-1.65,29.85,16.71,0.0,0.84
2025-06-15,Northern Province,-1.65,29.85,16.29,0.04,0.84
2025-06-16,Northern Province,-1.65,29.85,15.62,0.0,0.84
2025-06-17,Northern Province,-1.65,29.85,16.07,0.89,0.83
2025-06-18,Northern Province,-1.65,29.85,16.83,11.33,0.83
2025-06-19,Northern Province,-1.65,29.85,16.63,16.51,0.84
2025-06-20,Northern Province,-1.65,29.85,16.53,9.69,0.85
2025-06-21,Northern Province,-1.65,29.85,17.79,6.03,0.85
2025-06-22,Northern Province,-1.65,29.85,18.03,2.03,0.85
2025-06-23,Northern Province,-1.65,29.85,17.14,3.99,0.85
2025-06-24,Northern Province,-1.65,29.85,17.23,1.82,0.85
2025-06-25,Northern Province,-1.65,29.85,18.19,0.38,0.85
2025-06-26,Northern Province,-1.65,29.85,17.97,0.22,0.85
2025-06-27,Northern Province,-1.65,29.85,18.2,0.56,0.84
2025-06-28,Northern Province,-1.65,29.85,17.76,1.52,0.84
2025-06-29,Northern Province,-1.65,29.85,16.72,2.39,0.84
2025-06-30,Northern Province,-1.65,29.85,16.49,1.06,0.84
2025-07-01,Northern Province,-1.65,29.85,16.2,1.09,0.84
2025-07-02,Northern Province,-1.65,29.85,16.85,0.08,0.84
2025-07-03,Northern Province,-1.65,29.85,16.96,1.13,0.83
2025-07-04,Northern Province,-1.65,29.85,17.98,0.51,0.83
2025-07-05,Northern Province,-1.65,29.85,17.83,0.39,0.83
2025-07-06,Northern Province,-1.65,29.85,17.74,0.76,0.83
2025-07-07,Northern Province,-1.65,29.85,16.85,2.67,0.83
2025-07-08,Northern Province,-1.65,29.85,17.12,1.02,0.83
2025-07-09,Northern Province,-1.65,29.85,15.63,0.34,0.83
2025-07-10,Northern Province,-1.65,29.85,14.73,0.18,0.82
2025-07-11,Northern Province,-1.65,29.85,15.82,0.63,0.82
2025-07-12,Northern Province,-1.65,29.85,17.19,1.33,0.82
2025-07-13,Northern Province,-1.65,29.85,17.05,0.68,0.82
2025-07-14,Northern Province,-1.65,29.85,16.78,1.06,0.82
2025-07-15,Northern Province,-1.65,29.85,16.67,0.67,0.82
2025-07-16,Northern Province,-1.65,29.85,17.38,0.7,0.81
2025-07-17,Northern Province,-1.65,29.85,17.75,0.66,0.81
2025-07-18,Northern Province,-1.65,29.85,17.85,0.25,0.81
2025-07-19,Northern Province,-1.65,29.85,17.69,0.25,0.81
2025-07-20,Northern Province,-1.65,29.85,17.52,0.06,0.81
2025-07-21,Northern Province,-1.65,29.85,17.51,0.14,0.8
2025-07-22,Northern Province,-1.65,29.85,17.74,0.04,0.8
2025-07-23,Northern Province,-1.65,29.85,17.74,0.03,0.8
2025-07-24,Northern Province,-1.65,29.85,17.75,0.02,0.8
2025-07-25,Northern Province,-1.65,29.85,17.9,0.0,0.8
2025-07-26,Northern Province,-1.65,29.85,17.29,0.0,0.79
2025-07-27,Northern Province,-1.65,29.85,16.84,0.0,0.79
2025-07-28,Northern Province,-1.65,29.85,16.24,0.0,0.79
2025-07-29,Northern Province,-1.65,29.85,15.57,0.0,0.79
2025-07-30,Northern Province,-1.65,29.85,15.18,0.0,0.79
2025-07-31,Northern Province,-1.65,29.85,15.73,0.0,0.78
2025-08-01,Northern Province,-1.65,29.85,17.05,0.0,0.78
2025-08-02,Northern Province,-1.65,29.85,17.27,0.0,0.78
2025-08-03,Northern Province,-1.65,29.85,16.81,0.0,0.78
2025-08-04,Northern Province,-1.65,29.85,16.75,0.01,0.77
2025-08-05,Northern Province,-1.65,29.85,18.55,0.25,0.77
2025-08-06,Northern Province,-1.65,29.85,18.51,0.42,0.77
2025-08-07,Northern Province,-1.65,29.85,18.41,2.13,0.77
2025-08-08,Northern Province,-1.65,29.85,18.13,2.76,0.77
2025-08-09,Northern Province,-1.65,29.85,17.59,8.76,0.77
2025-08-10,Northern Province,-1.65,29.85,18.03,28.01,0.78
2025-08-11,Northern Province,-1.65,29.85,17.44,52.88,0.79
2025-08-12,Northern Province,-1.65,29.85,16.1,87.59,0.82
2025-08-13,Northern Province,-1.65,29.85,17.2,3.92,0.83
2025-08-14,Northern Province,-1.65,29.85,18.1,1.44,0.83
2025-08-15,Northern Province,-1.65,29.85,18.12,11.33,0.83
2025-08-16,Northern Province,-1.65,29.85,16.35,30.9,0.85
2025-08-17,Northern Province,-1.65,29.85,16.63,11.26,0.85
2025-08-18,Northern Province,-1.65,29.85,15.91,42.2,0.86
2025-08-19,Northern Province,-1.65,29.85,16.43,2.47,0.87
2025-08-20,Northern Province,-1.65,29.85,17.31,0.01,0.87
2025-08-21,Northern Province,-1.65,29.85,16.99,0.0,0.87
2025-08-22,Northern Province,-1.65,29.85,16.57,0.0,0.86
2025-08-23,Northern Province,-1.65,29.85,15.52,0.0,0.86
2025-08-24,Northern Province,-1.65,29.85,16.77,0.02,0.86
2025-08-25,Northern Province,-1.65,29.85,18.05,0.17,0.86
2025-08-26,Northern Province,-1.65,29.85,18.04,0.44,0.85
2025-08-27,Northern Province,-1.65,29.85,17.9,0.03,0.85
2025-08-28,Northern Province,-1.65,29.85,17.84,0.05,0.85
2025-08-29,Northern Province,-1.65,29.85,17.38,0.0,0.85
2025-08-30,Northern Province,-1.65,29.85,16.34,0.0,0.84
2025-08-31,Northern Province,-1.65,29.85,16.56,0.0,0.84
2025-09-01,Northern Province,-1.65,29.85,17.02,0.0,0.84
2025-09-02,Northern Province,-1.65,29.85,17.57,0.0,0.83
2025-09-03,Northern Province,-1.65,29.85,17.21,0.0,0.83
2025-09-04,Northern Province,-1.65,29.85,18.32,0.08,0.83
2025-09-05,Northern Province,-1.65,29.85,18.42,0.07,0.83
2025-09-06,Northern Province,-1.65,29.85,19.2,0.05,0.83
2025-09-07,Northern Province,-1.65,29.85,18.55,0.0,0.82
2025-09-08,Northern Province,-1.65,29.85,17.62,10.83,0.82
2025-09-09,Northern Province,-1.65,29.85,18.58,3.01,0.82
2025-09-10,Northern Province,-1.65,29.85,18.89,3.42,0.82
2025-09-11,Northern Province,-1.65,29.85,17.53,8.3,0.82
2025-09-12,Northern Province,-1.65,29.85,17.98,1.48,0.83
2025-09-13,Northern Province,-1.65,29.85,17.95,1.96,0.83
2025-09-14,Northern Province,-1.65,29.85,19.0,1.62,0.82
2025-09-15,Northern Province,-1.65,29.85,17.86,4.01,0.82
2025-09-16,Northern Province,-1.65,29.85,18.67,1.32,0.82
2025-09-17,Northern Province,-1.65,29.85,18.71,7.31,0.82
2025-09-18,Northern Province,-1.65,29.85,18.33,5.29,0.82
2025-09-19,Northern Province,-1.65,29.85,19.08,1.28,0.83
2025-09-20,Northern Province,-1.65,29.85,18.33,0.01,0.82
2025-09-21,Northern Province,-1.65,29.85,17.53,0.02,0.82
2025-09-22,Northern Province,-1.65,29.85,18.96,0.55,0.82
2025-09-23,Northern Province,-1.65,29.85,19.15,1.24,0.81
2025-09-24,Northern Province,-1.65,29.85,19.26,1.25,0.81
2025-09-25,Northern Province,-1.65,29.85,18.1,0.51,0.81
2025-09-26,Northern Province,-1.65,29.85,18.71,0.99,0.81
2025-09-27,Northern Province,-1.65,29.85,19.06,3.53,0.81
2025-09-28,Northern Province,-1.65,29.85,19.33,0.35,0.81
2025-09-29,Northern Province,-1.65,29.85,20.41,0.05,0.8
2025-09-30,Northern Province,-1.65,29.85,18.37,0.13,0.8
2025-10-01,Northern Province,-1.65,29.85,18.41,0.07,0.8
2025-10-02,Northern Province,-1.65,29.85,19.27,0.1,0.8
2025-10-03,Northern Province,-1.65,29.85,19.12,1.66,0.8
2025-10-04,Northern Province,-1.65,29.85,16.81,5.52,0.8
2025-10-05,Northern Province,-1.65,29.85,18.22,2.76,0.8
2025-10-06,Northern Province,-1.65,29.85,17.75,2.58,0.8
2025-10-07,Northern Province,-1.65,29.85,17.07,6.69,0.8
2025-10-08,Northern Province,-1.65,29.85,17.58,7.21,0.8
2025-10-09,Northern Province,-1.65,29.85,17.19,2.2,0.8
2025-10-10,Northern Province,-1.65,29.85,17.98,2.22,0.8
2025-10-11,Northern Province,-1.65,29.85,18.18,0.91,0.8
2025-10-12,Northern Province,-1.65,29.85,18.81,0.74,0.8
2025-10-13,Northern Province,-1.65,29.85,18.59,0.85,0.8
2025-10-14,Northern Province,-1.65,29.85,18.17,1.65,0.79
2025-10-15,Northern Province,-1.65,29.85,18.69,2.2,0.79
2025-10-16,Northern Province,-1.65,29.85,18.68,1.27,0.79
2025-10-17,Northern Province,-1.65,29.85,18.11,14.3,0.79
2025-10-18,Northern Province,-1.65,29.85,17.7,9.56,0.8
2025-10-19,Northern Province,-1.65,29.85,18.1,1.36,0.8
2025-10-20,Northern Province,-1.65,29.85,18.0,1.94,0.8
2025-10-21,Northern Province,-1.65,29.85,17.96,8.43,0.8
2025-10-22,Northern Province,-1.65,29.85,17.59,11.2,0.8
2025-10-23,Northern Province,-1.65,29.85,18.11,6.01,0.81
2025-10-24,Northern Province,-1.65,29.85,18.7,4.28,0.81
2025-10-25,Northern Province,-1.65,29.85,18.67,5.83,0.81
2025-10-26,Northern Province,-1.65,29.85,18.75,3.46,0.81
2025-10-27,Northern Province,-1.65,29.85,19.5,0.52,0.81
2025-10-28,Northern Province,-1.65,29.85,18.78,2.34,0.8
2025-10-29,Northern Province,-1.65,29.85,18.81,1.97,0.8
2025-10-30,Northern Province,-1.65,29.85,18.92,1.71,0.8
2025-10-31,Northern Province,-1.65,29.85,18.7,6.31,0.8
2025-11-01,Northern Province,-1.65,29.85,18.58,1.06,0.8
2025-11-02,Northern Province,-1.65,29.85,18.53,1.27,0.8
2025-11-03,Northern Province,-1.65,29.85,18.03,0.78,0.8
2025-11-04,Northern Province,-1.65,29.85,18.17,1.46,0.8
2025-11-05,Northern Province,-1.65,29.85,19.58,1.2,0.8
2025-11-06,Northern Province,-1.65,29.85,19.12,0.3,0.79
2025-11-07,Northern Province,-1.65,29.85,17.69,3.14,0.79
2025-11-08,Northern Province,-1.65,29.85,17.79,2.23,0.79
2025-11-09,Northern Province,-1.65,29.85,17.38,12.88,0.79
2025-11-10,Northern Province,-1.65,29.85,18.32,2.84,0.8
2025-11-11,Northern Province,-1.65,29.85,18.22,2.73,0.8
2025-11-12,Northern Province,-1.65,29.85,18.49,1.5,0.8
2025-11-13,Northern Province,-1.65,29.85,18.2,1.16,0.79
2025-11-14,Northern Province,-1.65,29.85,17.83,3.64,0.79
2025-11-15,Northern Province,-1.65,29.85,18.76,2.78,0.79
2025-11-16,Northern Province,-1.65,29.85,19.02,0.74,0.79
2025-11-17,Northern Province,-1.65,29.85,18.04,3.51,0.79
2025-11-18,Northern Province,-1.65,29.85,17.92,4.79,0.79
2025-11-19,Northern Province,-1.65,29.85,18.35,7.08,0.79
2025-11-20,Northern Province,-1.65,29.85,18.22,8.0,0.79
2025-11-21,Northern Province,-1.65,29.85,17.89,13.59,0.79
2025-11-22,Northern Province,-1.65,29.85,17.8,21.7,0.81
2025-11-23,Northern Province,-1.65,29.85,17.88,0.33,0.81
2025-11-24,Northern Province,-1.65,29.85,18.96,1.68,0.8
2025-11-25,Northern Province,-1.65,29.85,18.6,1.63,0.8
2025-11-26,Northern Province,-1.65,29.85,18.09,1.47,0.8
2025-11-27,Northern Province,-1.65,29.85,17.6,2.75,0.8
2025-11-28,Northern Province,-1.65,29.85,19.26,0.26,0.8
2025-11-29,Northern Province,-1.65,29.85,19.46,0.9,0.8
2025-11-30,Northern Province,-1.65,29.85,19.53,0.77,0.79
2025-12-01,Northern Province,-1.65,29.85,19.15,0.81,0.79
2025-12-02,Northern Province,-1.65,29.85,19.02,4.56,0.79
2025-12-03,Northern Province,-1.65,29.85,19.92,1.58,0.79
2025-12-04,Northern Province,-1.65,29.85,19.99,4.93,0.79
2025-12-05,Northern Province,-1.65,29.85,18.85,6.05,0.79
2025-12-06,Northern Province,-1.65,29.85,18.72,2.38,0.79
2025-12-07,Northern Province,-1.65,29.85,18.66,2.36,0.79
2025-12-08,Northern Province,-1.65,29.85,18.68,3.31,0.79
2025-12-09,Northern Province,-1.65,29.85,19.08,1.48,0.79
2025-12-10,Northern Province,-1.65,29.85,18.09,1.91,0.78
2025-12-11,Northern Province,-1.65,29.85,18.26,1.83,0.78
2025-12-12,Northern Province,-1.65,29.85,17.9,2.22,0.78
2025-12-13,Northern Province,-1.65,29.85,18.12,1.13,0.78
2025-12-14,Northern Province,-1.65,29.85,18.04,1.65,0.78
2025-12-15,Northern Province,-1.65,29.85,18.86,2.28,0.78
2025-12-16,Northern Province,-1.65,29.85,18.34,3.2,0.78
2025-12-17,Northern Province,-1.65,29.85,17.88,4.45,0.78
2025-12-18,Northern Province,-1.65,29.85,17.66,3.74,0.78
2025-12-19,Northern Province,-1.65,29.85,17.89,4.48,0.78
2025-12-20,Northern Province,-1.65,29.85,18.84,9.26,0.78
2025-12-21,Northern Province,-1.65,29.85,18.76,1.69,0.78
2025-12-22,Northern Province,-1.65,29.85,18.6,5.92,0.78
2025-12-23,Northern Province,-1.65,29.85,18.88,2.69,0.78
2025-12-24,Northern Province,-1.65,29.85,18.96,2.09,0.78
2025-12-25,Northern Province,-1.65,29.85,19.23,2.72,0.78
2025-12-26,Northern Province,-1.65,29.85,19.47,1.56,0.78
2025-12-27,Northern Province,-1.65,29.85,18.71,3.26,0.78
2025-12-28,Northern Province,-1.65,29.85,17.08,25.36,0.78
2025-12-29,Northern Province,-1.65,29.85,16.9,3.53,0.79
2025-12-30,Northern Province,-1.65,29.85,16.96,5.16,0.79
2025-12-31,Northern Province,-1.65,29.85,17.2,12.42,0.79
2026-01-01,Northern Province,-1.65,29.85,18.71,16.76,0.8
2026-01-02,Northern Province,-1.65,29.85,19.33,2.25,0.8
2026-01-03,Northern Province,-1.65,29.85,19.5,2.73,0.8
2026-01-04,Northern Province,-1.65,29.85,19.26,6.33,0.8
2026-01-05,Northern Province,-1.65,29.85,18.54,6.89,0.8
2026-01-06,Northern Province,-1.65,29.85,18.69,7.27,0.8
2026-01-07,Northern Province,-1.65,29.85,19.15,10.1,0.81
2026-01-08,Northern Province,-1.65,29.85,18.48,3.61,0.81
2026-01-09,Northern Province,-1.65,29.85,18.47,0.38,0.81
2026-01-10,Northern Province,-1.65,29.85,18.17,7.35,0.81
2026-01-11,Northern Province,-1.65,29.85,18.77,3.96,0.81
2026-01-12,Northern Province,-1.65,29.85,19.09,3.16,0.81
2026-01-13,Northern Province,-1.65,29.85,18.67,3.96,0.81
2026-01-14,Northern Province,-1.65,29.85,19.01,0.05,0.81
2026-01-15,Northern Province,-1.65,29.85,18.87,0.02,0.8
2026-01-16,Northern Province,-1.65,29.85,19.37,0.0,0.8
2026-01-17,Northern Province,-1.65,29.85,19.15,2.79,0.8
2026-01-18,Northern Province,-1.65,29.85,18.54,3.76,0.8
2026-01-19,Northern Province,-1.65,29.85,18.91,8.3,0.8
2026-01-20,Northern Province,-1.65,29.85,18.9,1.65,0.8
2026-01-21,Northern Province,-1.65,29.85,19.46,0.13,0.8
2026-01-22,Northern Province,-1.65,29.85,19.2,2.67,0.79
2026-01-23,Northern Province,-1.65,29.85,19.53,0.01,0.79
2026-01-24,Northern Province,-1.65,29.85,20.15,0.0,0.79
2026-01-25,Northern Province,-1.65,29.85,21.06,0.11,0.79
2026-01-26,Northern Province,-1.65,29.85,19.87,0.05,0.78
2026-01-27,Northern Province,-1.65,29.85,20.25,3.3,0.78
2026-01-28,Northern Province,-1.65,29.85,19.4,9.43,0.78
2026-01-29,Northern Province,-1.65,29.85,18.78,10.47,0.79
2026-01-30,Northern Province,-1.65,29.85,19.62,2.39,0.79
2026-01-31,Northern Province,-1.65,29.85,19.46,3.48,0.79
2026-02-01,Northern Province,-1.65,29.85,18.16,4.15,0.79
2026-02-02,Northern Province,-1.65,29.85,17.79,3.38,0.79
2026-02-03,Northern Province,-1.65,29.85,18.09,4.01,0.79
2026-02-04,Northern Province,-1.65,29.85,19.16,0.92,0.79
2026-02-05,Northern Province,-1.65,29.85,19.06,1.3,0.78
2026-02-06,Northern Province,-1.65,29.85,18.33,2.11,0.78
2026-02-07,Northern Province,-1.65,29.85,17.97,6.32,0.78
2026-02-08,Northern Province,-1.65,29.85,17.93,0.95,0.78
2026-02-09,Northern Province,-1.65,29.85,17.14,3.86,0.78
2026-02-10,Northern Province,-1.65,29.85,16.78,28.29,0.79
2026-02-11,Northern Province,-1.65,29.85,17.96,6.03,0.8
2026-02-12,Northern Province,-1.65,29.85,18.65,4.82,0.8
2026-02-13,Northern Province,-1.65,29.85,18.87,7.28,0.8
2026-02-14,Northern Province,-1.65,29.85,18.18,8.64,0.8
2026-02-15,Northern Province,-1.65,29.85,18.25,2.19,0.8
2026-02-16,Northern Province,-1.65,29.85,17.95,5.09,0.8
2026-02-17,Northern Province,-1.65,29.85,17.59,1.58,0.81
2026-02-18,Northern Province,-1.65,29.85,17.65,3.02,0.8
2026-02-19,Northern Province,-1.65,29.85,17.09,16.87,0.81
2026-02-20,Northern Province,-1.65,29.85,17.38,4.66,0.81
2026-02-21,Northern Province,-1.65,29.85,18.49,6.9,0.81
2026-02-22,Northern Province,-1.65,29.85,17.38,2.71,0.82
2026-02-23,Northern Province,-1.65,29.85,16.78,1.21,0.81
2026-02-24,Northern Province,-1.65,29.85,17.72,0.07,0.81
2026-02-25,Northern Province,-1.65,29.85,18.28,2.58,0.81
2026-02-26,Northern Province,-1.65,29.85,19.27,0.51,0.81
2026-02-27,Northern Province,-1.65,29.85,19.21,0.61,0.81
2026-02-28,Northern Province,-1.65,29.85,19.09,0.97,0.81
2026-03-01,Northern Province,-1.65,29.85,18.05,6.38,0.8
2026-03-02,Northern Province,-1.65,29.85,17.2,2.2,0.81
2026-03-03,Northern Province,-1.65,29.85,18.09,4.46,0.81
2026-03-04,Northern Province,-1.65,29.85,17.05,23.21,0.81
2026-03-05,Northern Province,-1.65,29.85,17.64,11.14,0.82
2026-03-06,Northern Province,-1.65,29.85,18.36,22.86,0.82
2026-03-07,Northern Province,-1.65,29.85,18.32,3.24,0.83
2026-03-08,Northern Province,-1.65,29.85,18.51,2.03,0.83
2026-03-09,Northern Province,-1.65,29.85,19.02,1.75,0.83
2026-03-10,Northern Province,-1.65,29.85,18.75,15.27,0.83
2026-03-11,Northern Province,-1.65,29.85,18.35,2.77,0.84
2026-03-12,Northern Province,-1.65,29.85,19.19,15.29,0.84
2026-03-13,Northern Province,-1.65,29.85,19.68,3.65,0.84
2026-03-14,Northern Province,-1.65,29.85,19.74,1.72,0.84
2026-03-15,Northern Province,-1.65,29.85,19.99,3.16,0.84
2026-03-16,Northern Province,-1.65,29.85,19.4,0.65,0.84
2026-03-17,Northern Province,-1.65,29.85,19.98,1.77,0.84
2026-03-18,Northern Province,-1.65,29.85,19.23,9.24,0.84
2026-03-19,Northern Province,-1.65,29.85,17.7,28.26,0.85
2026-03-20,Northern Province,-1.65,29.85,17.92,4.12,0.85
2026-03-21,Northern Province,-1.65,29.85,17.97,11.93,0.86
2026-03-22,Northern Province,-1.65,29.85,18.25,6.71,0.86
2026-03-23,Northern Province,-1.65,29.85,17.84,4.44,0.86
2026-03-24,Northern Province,-1.65,29.85,17.67,16.93,0.86
2026-03-25,Northern Province,-1.65,29.85,16.75,11.22,0.87
2026-03-26,Northern Province,-1.65,29.85,17.53,0.82,0.87
2026-03-27,Northern Province,-1.65,29.85,17.0,0.48,0.87
2026-03-28,Northern Province,-1.65,29.85,16.44,1.4,0.86
2026-03-29,Northern Province,-1.65,29.85,18.47,2.26,0.86
2026-03-30,Northern Province,-1.65,29.85,18.84,1.41,0.86
2026-03-31,Northern Province,-1.65,29.85,17.79,2.81,0.86
2026-04-01,Northern Province,-1.65,29.85,17.93,0.19,0.86
2026-04-02,Northern Province,-1.65,29.85,18.21,0.19,0.86
2026-04-03,Northern Province,-1.65,29.85,19.14,0.58,0.85
2026-04-04,Northern Province,-1.65,29.85,19.57,0.8,0.85
2026-04-05,Northern Province,-1.65,29.85,18.56,1.6,0.85
2026-04-06,Northern Province,-1.65,29.85,18.84,0.33,0.85
2026-04-07,Northern Province,-1.65,29.85,17.43,3.75,0.84
2026-04-08,Northern Province,-1.65,29.85,17.8,0.71,0.84
2026-04-09,Northern Province,-1.65,29.85,17.42,1.39,0.84
2026-04-10,Northern Province,-1.65,29.85,16.49,8.06,0.84
2026-04-11,Northern Province,-1.65,29.85,17.65,1.59,0.84
2026-04-12,Northern Province,-1.65,29.85,17.79,2.64,0.84
2026-04-13,Northern Province,-1.65,29.85,17.49,2.35,0.84
2026-04-14,Northern Province,-1.65,29.85,16.63,4.88,0.84
2026-04-15,Northern Province,-1.65,29.85,17.64,3.22,0.84
2026-04-16,Northern Province,-1.65,29.85,17.78,1.79,0.84
2026-04-17,Northern Province,-1.65,29.85,17.39,8.84,0.84
2026-04-18,Northern Province,-1.65,29.85,17.0,4.13,0.84
2026-04-19,Northern Province,-1.65,29.85,17.43,1.2,0.84
2026-04-20,Northern Province,-1.65,29.85,17.87,1.9,0.84
2026-04-21,Northern Province,-1.65,29.85,17.08,17.67,0.85
2026-04-22,Northern Province,-1.65,29.85,18.29,1.42,0.85
2026-04-23,Northern Province,-1.65,29.85,17.19,5.83,0.85
2026-04-24,Northern Province,-1.65,29.85,17.63,1.03,0.85
2026-04-25,Northern Province,-1.65,29.85,17.52,3.38,0.84
2026-04-26,Northern Province,-1.65,29.85,17.16,5.43,0.85
2026-04-27,Northern Province,-1.65,29.85,17.36,5.89,0.85
2026-04-28,Northern Province,-1.65,29.85,18.25,15.14,0.85
2026-04-29,Northern Province,-1.65,29.85,18.01,11.3,0.85
2026-04-30,Northern Province,-1.65,29.85,18.11,13.51,0.86
2026-05-01,Northern Province,-1.65,29.85,18.11,2.3,0.86
2026-05-02,Northern Province,-1.65,29.85,16.97,13.7,0.87
2026-05-03,Northern Province,-1.65,29.85,17.15,1.56,0.87
2026-05-04,Northern Province,-1.65,29.85,17.46,0.63,0.87
2026-05-05,Northern Province,-1.65,29.85,17.98,2.1,0.86
2026-05-06,Northern Province,-1.65,29.85,18.47,5.64,0.86
2026-05-07,Northern Province,-1.65,29.85,18.54,11.89,0.87
2026-05-08,Northern Province,-1.65,29.85,19.04,3.23,0.87
2026-05-09,Northern Province,-1.65,29.85,18.09,2.63,0.87
2026-05-10,Northern Province,-1.65,29.85,18.66,18.73,0.87
2026-05-11,Northern Province,-1.65,29.85,17.76,0.11,0.87
2026-05-12,Northern Province,-1.65,29.85,16.78,0.0,0.87
2026-05-13,Northern Province,-1.65,29.85,18.38,0.02,0.87
2026-05-14,Northern Province,-1.65,29.85,17.36,1.2,0.86
2026-05-15,Northern Province,-1.65,29.85,17.84,1.18,0.86
2026-05-16,Northern Province,-1.65,29.85,17.5,2.15,0.86
2026-05-17,Northern Province,-1.65,29.85,17.62,1.15,0.86
2026-05-18,Northern Province,-1.65,29.85,17.44,1.23,0.86
2026-05-19,Northern Province,-1.65,29.85,17.7,0.43,0.86
2026-05-20,Northern Province,-1.65,29.85,17.62,1.12,0.85
2026-05-21,Northern Province,-1.65,29.85,17.6,3.33,0.85
2026-05-22,Northern Province,-1.65,29.85,18.03,1.49,0.85
2026-05-23,Northern Province,-1.65,29.85,18.33,12.16,0.85
2026-05-24,Northern Province,-1.65,29.85,17.4,6.41,0.86
2026-05-25,Northern Province,-1.65,29.85,17.09,3.66,0.86
2026-05-26,Northern Province,-1.65,29.85,17.23,1.21,0.85
2026-05-27,Northern Province,-1.65,29.85,17.35,0.89,0.85
2026-05-28,Northern Province,-1.65,29.85,17.61,0.71,0.85
2026-05-29,Northern Province,-1.65,29.85,17.56,0.35,0.85
2026-05-30,Northern Province,-1.65,29.85,17.37,0.39,0.85
2026-05-31,Northern Province,-1.65,29.85,17.68,0.67,0.84
2026-06-01,Northern Province,-1.65,29.85,17.14,0.82,0.84
2026-06-02,Northern Province,-1.65,29.85,16.95,0.6,0.84
2026-06-03,Northern Province,-1.65,29.85,17.56,0.85,0.84
2026-06-04,Northern Province,-1.65,29.85,18.35,0.35,0.84
2026-06-05,Northern Province,-1.65,29.85,17.75,1.62,0.83
2026-06-06,Northern Province,-1.65,29.85,18.32,1.82,0.83
2026-06-07,Northern Province,-1.65,29.85,18.43,0.82,0.83
2026-06-08,Northern Province,-1.65,29.85,18.43,0.31,0.83
2026-06-09,Northern Province,-1.65,29.85,18.91,0.57,0.83
2026-06-10,Northern Province,-1.65,29.85,18.95,0.01,0.83
2026-06-11,Northern Province,-1.65,29.85,18.65,0.02,0.82
2026-06-12,Northern Province,-1.65,29.85,18.43,0.0,0.82
2026-06-13,Northern Province,-1.65,29.85,18.47,0.0,0.82
2026-06-14,Northern Province,-1.65,29.85,17.79,0.0,0.82
2026-06-15,Northern Province,-1.65,29.85,18.12,0.0,0.81
2026-06-16,Northern Province,-1.65,29.85,17.5,0.0,0.81
2026-06-17,Northern Province,-1.65,29.85,17.01,0.0,0.81
2026-06-18,Northern Province,-1.65,29.85,17.75,0.0,0.81
2026-06-19,Northern Province,-1.65,29.85,17.36,0.0,0.8
2026-06-20,Northern Province,-1.65,29.85,17.32,0.0,0.8
2026-06-21,Northern Province,-1.65,29.85,17.18,0.0,0.8
2026-06-22,Northern Province,-1.65,29.85,17.03,0.0,0.8
2026-06-23,Northern Province,-1.65,29.85,17.41,0.0,0.79
2026-06-24,Northern Province,-1.65,29.85,17.52,0.0,0.79
2026-06-25,Northern Province,-1.65,29.85,17.32,0.51,0.79
2026-06-26,Northern Province,-1.65,29.85,16.75,0.19,0.79
2026-06-27,Northern Province,-1.65,29.85,17.08,0.03,0.79
2026-06-28,Northern Province,-1.65,29.85,18.45,0.14,0.78
2026-06-29,Northern Province,-1.65,29.85,18.71,0.05,0.78
2026-06-30,Northern Province,-1.65,29.85,17.83,0.51,0.78
2026-07-01,Northern Province,-1.65,29.85,17.94,4.29,0.78
2026-07-02,Northern Province,-1.65,29.85,18.08,2.16,0.78
2026-07-03,Northern Province,-1.65,29.85,19.27,0.39,0.78
2026-07-04,Northern Province,-1.65,29.85,19.4,0.86,0.77
2026-07-05,Northern Province,-1.65,29.85,17.93,0.05,0.77
2026-07-06,Northern Province,-1.65,29.85,17.3,0.0,0.77
2026-07-07,Northern Province,-1.65,29.85,17.18,0.0,0.77
2026-07-08,Northern Province,-1.65,29.85,17.18,0.0,0.77
2026-07-09,Northern Province,-1.65,29.85,18.52,0.0,0.77
2026-07-10,Northern Province,-1.65,29.85,18.39,0.83,0.76
2026-07-11,Northern Province,-1.65,29.85,17.72,11.22,0.76
2026-07-12,Northern Province,-1.65,29.85,17.39,14.86,0.78
2026-07-13,Northern Province,-1.65,29.85,17.45,2.12,0.78
2026-07-14,Northern Province,-1.65,29.85,18.14,0.83,0.78
2026-07-15,Northern Province,-1.65,29.85,17.28,0.45,0.77
2026-07-16,Northern Province,-1.65,29.85,18.59,0.6,0.77
2026-07-17,Northern Province,-1.65,29.85,19.63,0.61,0.77
2026-07-18,Northern Province,-1.65,29.85,18.29,0.56,0.77
2026-07-19,Northern Province,-1.65,29.85,18.47,0.01,0.77
2026-07-20,Northern Province,-1.65,29.85,18.94,0.56,0.77
2026-07-21,Northern Province,-1.65,29.85,19.05,2.64,0.76
2026-07-22,Northern Province,-1.65,29.85,18.87,0.43,0.76
2026-07-23,Northern Province,-1.65,29.85,19.23,0.38,0.76
2026-07-24,Northern Province,-1.65,29.85,19.35,0.05,0.76
2026-07-25,Northern Province,-1.65,29.85,19.09,0.01,0.76
2026-07-26,Northern Province,-1.65,29.85,18.17,0.05,0.75
2026-07-27,Northern Province,-1.65,29.85,18.97,0.02,0.75
2026-07-28,Northern Province,-1.65,29.85,19.76,0.43,0.75
2026-07-29,Northern Province,-1.65,29.85,18.92,0.1,0.75
2026-07-30,Northern Province,-1.65,29.85,18.96,0.1,0.75
2026-07-31,Northern Province,-1.65,29.85,19.17,0.47,0.75
2026-08-01,Northern Province,-1.65,29.85,19.58,1.52,0.72
2026-08-02,Northern Province,-1.65,29.85,18.42,1.65,0.72
2026-08-03,Northern Province,-1.65,29.85,18.92,0.44,0.72
2026-08-04,Northern Province,-1.65,29.85,19.08,0.9,0.72
2026-08-05,Northern Province,-1.65,29.85,19.44,0.32,0.72
2026-08-06,Northern Province,-1.65,29.85,19.44,0.56,0.71
2026-08-07,Northern Province,-1.65,29.85,19.71,0.68,0.71
2026-08-08,Northern Province,-1.65,29.85,19.57,0.0,0.71
2026-08-09,Northern Province,-1.65,29.85,19.5,0.0,0.71
2026-08-10,Northern Province,-1.65,29.85,20.11,0.05,0.71
2026-08-11,Northern Province,-1.65,29.85,20.5,0.03,0.7
2026-08-12,Northern Province,-1.65,29.85,20.02,0.0,0.7
2026-08-13,Northern Province,-1.65,29.85,19.56,0.0,0.7
2026-08-14,Northern Province,-1.65,29.85,18.63,0.0,0.69
2026-08-15,Northern Province,-1.65,29.85,19.61,0.0,0.69
2026-08-16,Northern Province,-1.65,29.85,20.48,0.19,0.69
2026-08-17,Northern Province,-1.65,29.85,20.05,0.29,0.69
2026-08-18,Northern Province,-1.65,29.85,19.86,1.24,0.69
2026-08-19,Northern Province,-1.65,29.85,19.68,2.75,0.69
2026-08-20,Northern Province,-1.65,29.85,19.34,0.98,0.68
2026-08-21,Northern Province,-1.65,29.85,19.52,0.16,0.68
2026-08-22,Northern Province,-1.65,29.85,20.4,0.49,0.68
2026-08-23,Northern Province,-1.65,29.85,19.44,1.11,0.68
2026-08-24,Northern Province,-1.65,29.85,19.41,4.8,0.68
2026-08-25,Northern Province,-1.65,29.85,20.03,1.17,0.68
2026-08-26,Northern Province,-1.65,29.85,20.28,0.3,0.68
2026-08-27,Northern Province,-1.65,29.85,20.08,0.0,0.67
2026-08-28,Northern Province,-1.65,29.85,19.48,0.0,0.67
2026-08-29,Northern Province,-1.65,29.85,19.17,0.0,0.67
2026-08-30,Northern Province,-1.65,29.85,19.48,0.0,0.66
2026-08-31,Northern Province,-1.65,29.85,-999.0,-999.0,-999.0
2026-09-01,Northern Province,-1.65,29.85,-999.0,-999.0,-999.0
2026-09-02,Northern Province,-1.65,29.85,-999.0,-999.0,-999.0
2020-01-01,Southern Province,-2.45,29.75,20.99,1.48,0.86
2020-01-02,Southern Province,-2.45,29.75,20.68,1.73,0.86
2020-01-03,Southern Province,-2.45,29.75,20.83,0.94,0.86
2020-01-04,Southern Province,-2.45,29.75,19.77,23.85,0.86
2020-01-05,Southern Province,-2.45,29.75,20.39,4.73,0.86
2020-01-06,Southern Province,-2.45,29.75,20.64,1.64,0.86
2020-01-07,Southern Province,-2.45,29.75,20.28,0.79,0.86
2020-01-08,Southern Province,-2.45,29.75,18.36,10.2,0.86
2020-01-09,Southern Province,-2.45,29.75,19.9,1.15,0.86
2020-01-10,Southern Province,-2.45,29.75,19.1,6.93,0.86
2020-01-11,Southern Province,-2.45,29.75,19.83,2.33,0.86
2020-01-12,Southern Province,-2.45,29.75,20.35,2.0,0.86
2020-01-13,Southern Province,-2.45,29.75,19.93,2.12,0.86
2020-01-14,Southern Province,-2.45,29.75,20.74,0.28,0.86
2020-01-15,Southern Province,-2.45,29.75,20.95,0.42,0.85
2020-01-16,Southern Province,-2.45,29.75,20.67,3.4,0.85
2020-01-17,Southern Province,-2.45,29.75,20.18,4.47,0.85
2020-01-18,Southern Province,-2.45,29.75,21.19,3.3,0.85
2020-01-19,Southern Province,-2.45,29.75,19.95,17.41,0.86
2020-01-20,Southern Province,-2.45,29.75,20.67,0.98,0.86
2020-01-21,Southern Province,-2.45,29.75,21.88,0.37,0.85
2020-01-22,Southern Province,-2.45,29.75,21.99,0.17,0.85
2020-01-23,Southern Province,-2.45,29.75,20.99,16.68,0.85
2020-01-24,Southern Province,-2.45,29.75,20.41,21.36,0.86
2020-01-25,Southern Province,-2.45,29.75,20.3,1.67,0.86
2020-01-26,Southern Province,-2.45,29.75,19.85,7.22,0.86
2020-01-27,Southern Province,-2.45,29.75,20.28,6.69,0.86
2020-01-28,Southern Province,-2.45,29.75,19.96,25.51,0.87
2020-01-29,Southern Province,-2.45,29.75,18.69,13.14,0.88
2020-01-30,Southern Province,-2.45,29.75,19.45,2.0,0.88
2020-01-31,Southern Province,-2.45,29.75,19.41,8.11,0.88
2020-02-01,Southern Province,-2.45,29.75,19.07,27.07,0.89
2020-02-02,Southern Province,-2.45,29.75,19.48,5.18,0.9
2020-02-03,Southern Province,-2.45,29.75,19.69,8.27,0.9
2020-02-04,Southern Province,-2.45,29.75,19.27,10.64,0.9
2020-02-05,Southern Province,-2.45,29.75,19.83,8.16,0.91
2020-02-06,Southern Province,-2.45,29.75,20.01,7.13,0.91
2020-02-07,Southern Province,-2.45,29.75,20.49,0.11,0.9
2020-02-08,Southern Province,-2.45,29.75,20.94,0.16,0.9
2020-02-09,Southern Province,-2.45,29.75,20.74,0.08,0.9
2020-02-10,Southern Province,-2.45,29.75,20.54,0.03,0.89
2020-02-11,Southern Province,-2.45,29.75,21.21,0.03,0.89
2020-02-12,Southern Province,-2.45,29.75,21.95,0.12,0.89
2020-02-13,Southern Province,-2.45,29.75,20.55,2.55,0.88
2020-02-14,Southern Province,-2.45,29.75,20.52,2.91,0.88
2020-02-15,Southern Province,-2.45,29.75,20.41,0.44,0.88
2020-02-16,Southern Province,-2.45,29.75,20.55,0.11,0.88
2020-02-17,Southern Province,-2.45,29.75,20.81,0.51,0.87
2020-02-18,Southern Province,-2.45,29.75,21.44,0.36,0.87
2020-02-19,Southern Province,-2.45,29.75,19.88,2.18,0.87
2020-02-20,Southern Province,-2.45,29.75,20.0,0.78,0.87
2020-02-21,Southern Province,-2.45,29.75,20.76,1.98,0.86
2020-02-22,Southern Province,-2.45,29.75,21.39,0.34,0.86
2020-02-23,Southern Province,-2.45,29.75,21.49,0.39,0.86
2020-02-24,Southern Province,-2.45,29.75,21.67,10.43,0.86
2020-02-25,Southern Province,-2.45,29.75,20.79,83.83,0.87
2020-02-26,Southern Province,-2.45,29.75,21.18,6.47,0.88
2020-02-27,Southern Province,-2.45,29.75,20.3,20.79,0.88
2020-02-28,Southern Province,-2.45,29.75,19.97,6.69,0.89
2020-02-29,Southern Province,-2.45,29.75,21.1,4.29,0.89
2020-03-01,Southern Province,-2.45,29.75,21.9,6.59,0.89
2020-03-02,Southern Province,-2.45,29.75,19.97,9.93,0.89
2020-03-03,Southern Province,-2.45,29.75,20.97,2.2,0.89
2020-03-04,Southern Province,-2.45,29.75,19.87,2.59,0.89
2020-03-05,Southern Province,-2.45,29.75,21.0,2.21,0.89
2020-03-06,Southern Province,-2.45,29.75,21.03,2.42,0.89
2020-03-07,Southern Province,-2.45,29.75,20.69,0.69,0.89
2020-03-08,Southern Province,-2.45,29.75,21.57,2.28,0.88
2020-03-09,Southern Province,-2.45,29.75,21.55,19.95,0.88
2020-03-10,Southern Province,-2.45,29.75,21.48,20.32,0.9
2020-03-11,Southern Province,-2.45,29.75,20.86,2.12,0.9
2020-03-12,Southern Province,-2.45,29.75,21.17,1.2,0.9
2020-03-13,Southern Province,-2.45,29.75,20.23,11.47,0.9
2020-03-14,Southern Province,-2.45,29.75,20.37,1.22,0.9
2020-03-15,Southern Province,-2.45,29.75,21.51,3.64,0.9
2020-03-16,Southern Province,-2.45,29.75,21.77,25.67,0.9
2020-03-17,Southern Province,-2.45,29.75,21.7,8.15,0.91
2020-03-18,Southern Province,-2.45,29.75,21.01,6.44,0.91
2020-03-19,Southern Province,-2.45,29.75,20.78,2.14,0.91
2020-03-20,Southern Province,-2.45,29.75,20.78,2.57,0.9
2020-03-21,Southern Province,-2.45,29.75,19.75,11.03,0.91
2020-03-22,Southern Province,-2.45,29.75,20.91,3.23,0.91
2020-03-23,Southern Province,-2.45,29.75,20.3,3.69,0.9
2020-03-24,Southern Province,-2.45,29.75,19.52,6.45,0.9
2020-03-25,Southern Province,-2.45,29.75,19.47,25.08,0.91
2020-03-26,Southern Province,-2.45,29.75,19.81,14.89,0.92
2020-03-27,Southern Province,-2.45,29.75,20.23,26.85,0.92
2020-03-28,Southern Province,-2.45,29.75,19.15,14.33,0.93
2020-03-29,Southern Province,-2.45,29.75,20.0,1.82,0.93
2020-03-30,Southern Province,-2.45,29.75,20.53,2.1,0.93
2020-03-31,Southern Province,-2.45,29.75,20.09,5.78,0.93
2020-04-01,Southern Province,-2.45,29.75,20.51,3.93,0.93
2020-04-02,Southern Province,-2.45,29.75,20.66,4.35,0.93
2020-04-03,Southern Province,-2.45,29.75,20.84,1.12,0.93
2020-04-04,Southern Province,-2.45,29.75,20.37,2.18,0.92
2020-04-05,Southern Province,-2.45,29.75,20.06,1.63,0.92
2020-04-06,Southern Province,-2.45,29.75,20.44,0.74,0.92
2020-04-07,Southern Province,-2.45,29.75,20.58,2.61,0.92
2020-04-08,Southern Province,-2.45,29.75,20.31,2.2,0.91
2020-04-09,Southern Province,-2.45,29.75,20.45,1.56,0.91
2020-04-10,Southern Province,-2.45,29.75,20.29,3.14,0.91
2020-04-11,Southern Province,-2.45,29.75,20.31,2.43,0.91
2020-04-12,Southern Province,-2.45,29.75,20.84,2.09,0.91
2020-04-13,Southern Province,-2.45,29.75,21.13,13.72,0.91
2020-04-14,Southern Province,-2.45,29.75,20.05,5.11,0.91
2020-04-15,Southern Province,-2.45,29.75,20.93,0.66,0.91
2020-04-16,Southern Province,-2.45,29.75,20.67,4.83,0.91
2020-04-17,Southern Province,-2.45,29.75,19.74,16.44,0.91
2020-04-18,Southern Province,-2.45,29.75,20.37,47.25,0.92
2020-04-19,Southern Province,-2.45,29.75,19.63,15.41,0.93
2020-04-20,Southern Province,-2.45,29.75,19.96,19.91,0.94
2020-04-21,Southern Province,-2.45,29.75,18.93,16.06,0.95
2020-04-22,Southern Province,-2.45,29.75,19.73,26.2,0.95
2020-04-23,Southern Province,-2.45,29.75,20.18,17.42,0.96
2020-04-24,Southern Province,-2.45,29.75,21.29,5.45,0.96
2020-04-25,Southern Province,-2.45,29.75,19.85,14.74,0.96
2020-04-26,Southern Province,-2.45,29.75,19.62,1.72,0.96
2020-04-27,Southern Province,-2.45,29.75,19.07,11.36,0.96
2020-04-28,Southern Province,-2.45,29.75,19.36,3.26,0.96
2020-04-29,Southern Province,-2.45,29.75,18.86,18.61,0.97
2020-04-30,Southern Province,-2.45,29.75,19.28,4.41,0.97
2020-05-01,Southern Province,-2.45,29.75,19.81,2.5,0.96
2020-05-02,Southern Province,-2.45,29.75,19.69,7.26,0.96
2020-05-03,Southern Province,-2.45,29.75,19.66,2.35,0.96
2020-05-04,Southern Province,-2.45,29.75,19.68,0.27,0.96
2020-05-05,Southern Province,-2.45,29.75,20.02,7.94,0.96
2020-05-06,Southern Province,-2.45,29.75,19.92,8.69,0.96
2020-05-07,Southern Province,-2.45,29.75,19.65,4.19,0.96
2020-05-08,Southern Province,-2.45,29.75,19.53,2.2,0.96
2020-05-09,Southern Province,-2.45,29.75,19.47,5.5,0.95
2020-05-10,Southern Province,-2.45,29.75,18.76,2.2,0.95
2020-05-11,Southern Province,-2.45,29.75,18.81,2.24,0.95
2020-05-12,Southern Province,-2.45,29.75,19.27,1.95,0.95
2020-05-13,Southern Province,-2.45,29.75,20.05,2.42,0.95
2020-05-14,Southern Province,-2.45,29.75,20.28,7.9,0.94
2020-05-15,Southern Province,-2.45,29.75,20.42,13.22,0.95
2020-05-16,Southern Province,-2.45,29.75,19.32,13.7,0.95
2020-05-17,Southern Province,-2.45,29.75,19.74,2.37,0.95
2020-05-18,Southern Province,-2.45,29.75,19.2,0.31,0.95
2020-05-19,Southern Province,-2.45,29.75,18.45,0.11,0.95
2020-05-20,Southern Province,-2.45,29.75,18.37,1.26,0.94
2020-05-21,Southern Province,-2.45,29.75,19.01,0.24,0.94
2020-05-22,Southern Province,-2.45,29.75,18.67,0.01,0.94
2020-05-23,Southern Province,-2.45,29.75,17.75,0.0,0.93
2020-05-24,Southern Province,-2.45,29.75,17.74,0.0,0.93
2020-05-25,Southern Province,-2.45,29.75,18.53,0.0,0.93
2020-05-26,Southern Province,-2.45,29.75,19.61,0.15,0.92
2020-05-27,Southern Province,-2.45,29.75,20.09,0.39,0.92
2020-05-28,Southern Province,-2.45,29.75,19.84,0.19,0.92
2020-05-29,Southern Province,-2.45,29.75,19.69,0.12,0.91
2020-05-30,Southern Province,-2.45,29.75,19.12,0.21,0.91
2020-05-31,Southern Province,-2.45,29.75,18.05,0.0,0.91
2020-06-01,Southern Province,-2.45,29.75,18.11,0.0,0.9
2020-06-02,Southern Province,-2.45,29.75,18.26,0.0,0.9
2020-06-03,Southern Province,-2.45,29.75,18.61,0.0,0.9
2020-06-04,Southern Province,-2.45,29.75,18.46,0.0,0.89
2020-06-05,Southern Province,-2.45,29.75,18.01,0.23,0.89
2020-06-06,Southern Province,-2.45,29.75,18.51,0.15,0.89
2020-06-07,Southern Province,-2.45,29.75,18.2,0.05,0.89
2020-06-08,Southern Province,-2.45,29.75,18.3,0.39,0.88
2020-06-09,Southern Province,-2.45,29.75,18.48,1.29,0.88
2020-06-10,Southern Province,-2.45,29.75,17.04,1.12,0.88
2020-06-11,Southern Province,-2.45,29.75,17.91,1.6,0.88
2020-06-12,Southern Province,-2.45,29.75,19.04,21.21,0.88
2020-06-13,Southern Province,-2.45,29.75,17.57,21.36,0.9
2020-06-14,Southern Province,-2.45,29.75,18.39,12.49,0.9
2020-06-15,Southern Province,-2.45,29.75,17.97,0.81,0.9
2020-06-16,Southern Province,-2.45,29.75,17.81,0.06,0.9
2020-06-17,Southern Province,-2.45,29.75,17.25,0.01,0.9
2020-06-18,Southern Province,-2.45,29.75,16.94,0.01,0.89
2020-06-19,Southern Province,-2.45,29.75,17.06,0.03,0.89
2020-06-20,Southern Province,-2.45,29.75,17.75,1.02,0.89
2020-06-21,Southern Province,-2.45,29.75,17.45,1.57,0.89
2020-06-22,Southern Province,-2.45,29.75,18.14,0.86,0.88
2020-06-23,Southern Province,-2.45,29.75,18.03,0.73,0.88
2020-06-24,Southern Province,-2.45,29.75,17.73,0.35,0.88
2020-06-25,Southern Province,-2.45,29.75,17.57,0.56,0.88
2020-06-26,Southern Province,-2.45,29.75,17.58,0.11,0.88
2020-06-27,Southern Province,-2.45,29.75,17.9,0.21,0.87
2020-06-28,Southern Province,-2.45,29.75,18.12,0.3,0.87
2020-06-29,Southern Province,-2.45,29.75,17.95,0.0,0.87
2020-06-30,Southern Province,-2.45,29.75,17.68,0.0,0.86
2020-07-01,Southern Province,-2.45,29.75,17.75,0.0,0.86
2020-07-02,Southern Province,-2.45,29.75,17.6,0.0,0.86
2020-07-03,Southern Province,-2.45,29.75,17.6,0.0,0.85
2020-07-04,Southern Province,-2.45,29.75,17.25,0.0,0.85
2020-07-05,Southern Province,-2.45,29.75,17.28,0.02,0.85
2020-07-06,Southern Province,-2.45,29.75,17.66,0.04,0.85
2020-07-07,Southern Province,-2.45,29.75,17.43,0.02,0.85
2020-07-08,Southern Province,-2.45,29.75,17.55,0.0,0.84
2020-07-09,Southern Province,-2.45,29.75,17.54,0.01,0.84
2020-07-10,Southern Province,-2.45,29.75,18.0,4.66,0.84
2020-07-11,Southern Province,-2.45,29.75,18.27,1.18,0.84
2020-07-12,Southern Province,-2.45,29.75,18.61,4.2,0.84
2020-07-13,Southern Province,-2.45,29.75,17.47,3.67,0.84
2020-07-14,Southern Province,-2.45,29.75,17.56,1.87,0.84
2020-07-15,Southern Province,-2.45,29.75,18.05,0.07,0.83
2020-07-16,Southern Province,-2.45,29.75,17.61,0.1,0.83
2020-07-17,Southern Province,-2.45,29.75,16.02,0.01,0.83
2020-07-18,Southern Province,-2.45,29.75,15.42,0.02,0.83
2020-07-19,Southern Province,-2.45,29.75,16.44,0.0,0.82
2020-07-20,Southern Province,-2.45,29.75,16.59,2.14,0.82
2020-07-21,Southern Province,-2.45,29.75,16.43,4.88,0.82
2020-07-22,Southern Province,-2.45,29.75,17.45,2.57,0.82
2020-07-23,Southern Province,-2.45,29.75,17.24,7.33,0.82
2020-07-24,Southern Province,-2.45,29.75,17.51,1.14,0.82
2020-07-25,Southern Province,-2.45,29.75,17.42,0.13,0.82
2020-07-26,Southern Province,-2.45,29.75,17.7,0.0,0.82
2020-07-27,Southern Province,-2.45,29.75,18.31,0.02,0.82
2020-07-28,Southern Province,-2.45,29.75,17.77,0.01,0.81
2020-07-29,Southern Province,-2.45,29.75,17.74,0.0,0.81
2020-07-30,Southern Province,-2.45,29.75,18.08,0.0,0.81
2020-07-31,Southern Province,-2.45,29.75,18.68,0.0,0.81
2020-08-01,Southern Province,-2.45,29.75,18.24,0.0,0.8
2020-08-02,Southern Province,-2.45,29.75,17.3,0.0,0.8
2020-08-03,Southern Province,-2.45,29.75,16.68,0.0,0.8
2020-08-04,Southern Province,-2.45,29.75,18.09,0.13,0.8
2020-08-05,Southern Province,-2.45,29.75,18.92,0.28,0.79
2020-08-06,Southern Province,-2.45,29.75,19.12,0.0,0.79
2020-08-07,Southern Province,-2.45,29.75,19.38,0.13,0.79
2020-08-08,Southern Province,-2.45,29.75,18.6,0.32,0.78
2020-08-09,Southern Province,-2.45,29.75,18.51,0.04,0.78
2020-08-10,Southern Province,-2.45,29.75,19.56,0.03,0.78
2020-08-11,Southern Province,-2.45,29.75,20.39,0.3,0.78
2020-08-12,Southern Province,-2.45,29.75,20.39,0.26,0.78
2020-08-13,Southern Province,-2.45,29.75,20.11,0.11,0.77
2020-08-14,Southern Province,-2.45,29.75,20.29,0.04,0.77
2020-08-15,Southern Province,-2.45,29.75,20.27,0.1,0.77
2020-08-16,Southern Province,-2.45,29.75,20.14,0.04,0.77
2020-08-17,Southern Province,-2.45,29.75,19.87,0.0,0.76
2020-08-18,Southern Province,-2.45,29.75,19.5,0.01,0.76
2020-08-19,Southern Province,-2.45,29.75,20.2,0.06,0.76
2020-08-20,Southern Province,-2.45,29.75,20.81,1.41,0.76
2020-08-21,Southern Province,-2.45,29.75,20.47,1.71,0.75
2020-08-22,Southern Province,-2.45,29.75,19.3,0.53,0.75
2020-08-23,Southern Province,-2.45,29.75,19.15,0.34,0.75
2020-08-24,Southern Province,-2.45,29.75,19.18,2.85,0.75
2020-08-25,Southern Province,-2.45,29.75,19.74,3.07,0.75
2020-08-26,Southern Province,-2.45,29.75,20.5,2.1,0.75
2020-08-27,Southern Province,-2.45,29.75,20.21,0.05,0.75
2020-08-28,Southern Province,-2.45,29.75,19.97,0.15,0.74
2020-08-29,Southern Province,-2.45,29.75,20.73,0.92,0.74
2020-08-30,Southern Province,-2.45,29.75,20.61,0.02,0.74
2020-08-31,Southern Province,-2.45,29.75,20.73,1.13,0.74
2020-09-01,Southern Province,-2.45,29.75,20.23,0.32,0.73
2020-09-02,Southern Province,-2.45,29.75,19.1,0.0,0.73
2020-09-03,Southern Province,-2.45,29.75,19.03,0.0,0.73
2020-09-04,Southern Province,-2.45,29.75,20.68,0.03,0.73
2020-09-05,Southern Province,-2.45,29.75,20.83,0.17,0.72
2020-09-06,Southern Province,-2.45,29.75,20.01,0.69,0.72
2020-09-07,Southern Province,-2.45,29.75,19.36,2.35,0.72
2020-09-08,Southern Province,-2.45,29.75,19.76,1.93,0.72
2020-09-09,Southern Province,-2.45,29.75,19.83,1.08,0.72
2020-09-10,Southern Province,-2.45,29.75,19.83,0.34,0.72
2020-09-11,Southern Province,-2.45,29.75,19.87,0.21,0.72
2020-09-12,Southern Province,-2.45,29.75,20.08,1.18,0.72
2020-09-13,Southern Province,-2.45,29.75,20.96,0.15,0.71
2020-09-14,Southern Province,-2.45,29.75,21.46,0.02,0.71
2020-09-15,Southern Province,-2.45,29.75,21.96,0.15,0.71
2020-09-16,Southern Province,-2.45,29.75,22.33,0.28,0.71
2020-09-17,Southern Province,-2.45,29.75,22.74,0.05,0.71
2020-09-18,Southern Province,-2.45,29.75,22.44,0.0,0.7
2020-09-19,Southern Province,-2.45,29.75,22.08,0.3,0.7
2020-09-20,Southern Province,-2.45,29.75,22.43,0.49,0.7
2020-09-21,Southern Province,-2.45,29.75,21.89,2.81,0.7
2020-09-22,Southern Province,-2.45,29.75,21.18,3.38,0.7
2020-09-23,Southern Province,-2.45,29.75,21.77,1.04,0.7
2020-09-24,Southern Province,-2.45,29.75,21.42,0.46,0.7
2020-09-25,Southern Province,-2.45,29.75,21.89,0.97,0.7
2020-09-26,Southern Province,-2.45,29.75,21.55,1.23,0.69
2020-09-27,Southern Province,-2.45,29.75,20.91,2.61,0.69
2020-09-28,Southern Province,-2.45,29.75,21.29,6.94,0.69
2020-09-29,Southern Province,-2.45,29.75,20.74,4.01,0.7
2020-09-30,Southern Province,-2.45,29.75,19.16,5.6,0.7
2020-10-01,Southern Province,-2.45,29.75,18.66,17.49,0.71
2020-10-02,Southern Province,-2.45,29.75,20.51,0.57,0.71
2020-10-03,Southern Province,-2.45,29.75,21.18,0.92,0.71
2020-10-04,Southern Province,-2.45,29.75,21.38,1.03,0.71
2020-10-05,Southern Province,-2.45,29.75,21.19,0.48,0.7
2020-10-06,Southern Province,-2.45,29.75,21.49,0.65,0.7
2020-10-07,Southern Province,-2.45,29.75,21.23,2.52,0.7
2020-10-08,Southern Province,-2.45,29.75,21.09,0.84,0.7
2020-10-09,Southern Province,-2.45,29.75,21.17,1.01,0.7
2020-10-10,Southern Province,-2.45,29.75,21.33,2.03,0.7
2020-10-11,Southern Province,-2.45,29.75,21.56,1.0,0.69
2020-10-12,Southern Province,-2.45,29.75,20.97,6.89,0.69
2020-10-13,Southern Province,-2.45,29.75,20.63,10.31,0.7
2020-10-14,Southern Province,-2.45,29.75,20.86,3.95,0.7
2020-10-15,Southern Province,-2.45,29.75,21.38,0.71,0.7
2020-10-16,Southern Province,-2.45,29.75,20.61,5.02,0.7
2020-10-17,Southern Province,-2.45,29.75,21.28,2.09,0.7
2020-10-18,Southern Province,-2.45,29.75,20.22,4.23,0.7
2020-10-19,Southern Province,-2.45,29.75,20.46,7.92,0.7
2020-10-20,Southern Province,-2.45,29.75,20.39,11.25,0.7
2020-10-21,Southern Province,-2.45,29.75,20.12,11.21,0.71
2020-10-22,Southern Province,-2.45,29.75,20.15,6.85,0.71
2020-10-23,Southern Province,-2.45,29.75,20.87,0.84,0.71
2020-10-24,Southern Province,-2.45,29.75,21.65,0.34,0.71
2020-10-25,Southern Province,-2.45,29.75,20.95,11.07,0.71
2020-10-26,Southern Province,-2.45,29.75,19.05,16.81,0.72
2020-10-27,Southern Province,-2.45,29.75,19.71,3.92,0.73
2020-10-28,Southern Province,-2.45,29.75,20.59,7.21,0.73
2020-10-29,Southern Province,-2.45,29.75,19.47,8.09,0.73
2020-10-30,Southern Province,-2.45,29.75,19.43,2.17,0.73
2020-10-31,Southern Province,-2.45,29.75,19.1,4.28,0.73
2020-11-01,Southern Province,-2.45,29.75,19.43,1.03,0.73
2020-11-02,Southern Province,-2.45,29.75,20.06,0.69,0.73
2020-11-03,Southern Province,-2.45,29.75,20.31,0.7,0.72
2020-11-04,Southern Province,-2.45,29.75,19.57,22.05,0.73
2020-11-05,Southern Province,-2.45,29.75,19.16,14.02,0.74
2020-11-06,Southern Province,-2.45,29.75,18.06,6.53,0.75
2020-11-07,Southern Province,-2.45,29.75,19.92,4.5,0.75
2020-11-08,Southern Province,-2.45,29.75,19.71,2.11,0.75
2020-11-09,Southern Province,-2.45,29.75,19.52,15.83,0.75
2020-11-10,Southern Province,-2.45,29.75,18.42,14.29,0.76
2020-11-11,Southern Province,-2.45,29.75,19.83,5.72,0.76
2020-11-12,Southern Province,-2.45,29.75,20.38,0.74,0.76
2020-11-13,Southern Province,-2.45,29.75,19.97,3.57,0.76
2020-11-14,Southern Province,-2.45,29.75,20.62,5.31,0.76
2020-11-15,Southern Province,-2.45,29.75,20.95,5.95,0.76
2020-11-16,Southern Province,-2.45,29.75,20.33,13.81,0.76
2020-11-17,Southern Province,-2.45,29.75,20.28,108.56,0.78
2020-11-18,Southern Province,-2.45,29.75,19.94,100.53,0.8
2020-11-19,Southern Province,-2.45,29.75,18.33,60.28,0.83
2020-11-20,Southern Province,-2.45,29.75,20.05,1.8,0.83
2020-11-21,Southern Province,-2.45,29.75,20.25,25.12,0.83
2020-11-22,Southern Province,-2.45,29.75,20.1,10.12,0.84
2020-11-23,Southern Province,-2.45,29.75,20.71,3.17,0.84
2020-11-24,Southern Province,-2.45,29.75,20.86,3.7,0.84
2020-11-25,Southern Province,-2.45,29.75,20.22,5.27,0.84
2020-11-26,Southern Province,-2.45,29.75,20.49,1.04,0.84
2020-11-27,Southern Province,-2.45,29.75,20.05,7.62,0.84
2020-11-28,Southern Province,-2.45,29.75,19.81,15.69,0.84
2020-11-29,Southern Province,-2.45,29.75,18.6,53.99,0.85
2020-11-30,Southern Province,-2.45,29.75,19.65,39.63,0.87
2020-12-01,Southern Province,-2.45,29.75,20.29,4.37,0.87
2020-12-02,Southern Province,-2.45,29.75,20.19,1.85,0.87
2020-12-03,Southern Province,-2.45,29.75,19.52,12.29,0.87
2020-12-04,Southern Province,-2.45,29.75,19.39,5.15,0.87
2020-12-05,Southern Province,-2.45,29.75,19.58,1.17,0.87
2020-12-06,Southern Province,-2.45,29.75,19.68,0.67,0.87
2020-12-07,Southern Province,-2.45,29.75,20.22,1.58,0.87
2020-12-08,Southern Province,-2.45,29.75,20.18,0.86,0.87
2020-12-09,Southern Province,-2.45,29.75,19.59,4.49,0.86
2020-12-10,Southern Province,-2.45,29.75,20.1,10.91,0.86
2020-12-11,Southern Province,-2.45,29.75,19.17,1.84,0.87
2020-12-12,Southern Province,-2.45,29.75,19.55,19.93,0.87
2020-12-13,Southern Province,-2.45,29.75,19.8,9.53,0.88
2020-12-14,Southern Province,-2.45,29.75,19.85,0.94,0.88
2020-12-15,Southern Province,-2.45,29.75,20.06,3.04,0.87
2020-12-16,Southern Province,-2.45,29.75,20.28,9.88,0.87
2020-12-17,Southern Province,-2.45,29.75,20.04,12.4,0.88
2020-12-18,Southern Province,-2.45,29.75,19.24,14.85,0.88
2020-12-19,Southern Province,-2.45,29.75,17.99,8.35,0.89
2020-12-20,Southern Province,-2.45,29.75,19.23,1.83,0.89
2020-12-21,Southern Province,-2.45,29.75,19.71,1.22,0.88
2020-12-22,Southern Province,-2.45,29.75,19.92,2.46,0.88
2020-12-23,Southern Province,-2.45,29.75,20.26,2.84,0.88
2020-12-24,Southern Province,-2.45,29.75,20.42,3.33,0.88
2020-12-25,Southern Province,-2.45,29.75,20.41,3.27,0.88
2020-12-26,Southern Province,-2.45,29.75,20.27,3.01,0.87
2020-12-27,Southern Province,-2.45,29.75,20.14,5.15,0.87
2020-12-28,Southern Province,-2.45,29.75,20.01,0.14,0.87
2020-12-29,Southern Province,-2.45,29.75,20.05,0.13,0.87
2020-12-30,Southern Province,-2.45,29.75,20.62,2.35,0.87
2020-12-31,Southern Province,-2.45,29.75,20.71,4.14,0.86
2021-01-01,Southern Province,-2.45,29.75,19.06,17.14,0.87
2021-01-02,Southern Province,-2.45,29.75,19.52,2.17,0.87
2021-01-03,Southern Province,-2.45,29.75,19.23,1.49,0.87
2021-01-04,Southern Province,-2.45,29.75,19.8,2.15,0.87
2021-01-05,Southern Province,-2.45,29.75,19.58,2.63,0.87
2021-01-06,Southern Province,-2.45,29.75,19.74,2.12,0.87
2021-01-07,Southern Province,-2.45,29.75,20.35,0.4,0.86
2021-01-08,Southern Province,-2.45,29.75,21.52,0.29,0.86
2021-01-09,Southern Province,-2.45,29.75,20.17,31.22,0.86
2021-01-10,Southern Province,-2.45,29.75,19.45,11.75,0.87
2021-01-11,Southern Province,-2.45,29.75,20.49,15.74,0.88
2021-01-12,Southern Province,-2.45,29.75,19.03,34.38,0.89
2021-01-13,Southern Province,-2.45,29.75,18.78,16.11,0.9
2021-01-14,Southern Province,-2.45,29.75,19.9,7.78,0.9
2021-01-15,Southern Province,-2.45,29.75,19.87,6.41,0.9
2021-01-16,Southern Province,-2.45,29.75,19.44,3.8,0.9
2021-01-17,Southern Province,-2.45,29.75,19.99,2.96,0.9
2021-01-18,Southern Province,-2.45,29.75,19.87,2.03,0.9
2021-01-19,Southern Province,-2.45,29.75,20.03,14.67,0.9
2021-01-20,Southern Province,-2.45,29.75,18.78,22.13,0.91
2021-01-21,Southern Province,-2.45,29.75,19.47,7.73,0.91
2021-01-22,Southern Province,-2.45,29.75,20.0,4.62,0.91
2021-01-23,Southern Province,-2.45,29.75,19.06,1.87,0.91
2021-01-24,Southern Province,-2.45,29.75,19.72,6.04,0.91
2021-01-25,Southern Province,-2.45,29.75,19.59,12.73,0.91
2021-01-26,Southern Province,-2.45,29.75,19.35,20.65,0.92
2021-01-27,Southern Province,-2.45,29.75,19.82,1.39,0.92
2021-01-28,Southern Province,-2.45,29.75,20.25,1.55,0.91
2021-01-29,Southern Province,-2.45,29.75,20.16,0.99,0.91
2021-01-30,Southern Province,-2.45,29.75,20.19,10.34,0.91
2021-01-31,Southern Province,-2.45,29.75,20.52,13.59,0.91
2021-02-01,Southern Province,-2.45,29.75,20.68,0.82,0.91
2021-02-02,Southern Province,-2.45,29.75,20.64,0.96,0.91
2021-02-03,Southern Province,-2.45,29.75,20.24,1.36,0.9
2021-02-04,Southern Province,-2.45,29.75,20.49,11.16,0.9
2021-02-05,Southern Province,-2.45,29.75,19.44,40.45,0.91
2021-02-06,Southern Province,-2.45,29.75,20.32,9.42,0.91
2021-02-07,Southern Province,-2.45,29.75,20.78,1.68,0.91
2021-02-08,Southern Province,-2.45,29.75,21.15,1.06,0.91
2021-02-09,Southern Province,-2.45,29.75,21.27,3.52,0.91
2021-02-10,Southern Province,-2.45,29.75,21.16,6.6,0.91
2021-02-11,Southern Province,-2.45,29.75,20.4,46.53,0.92
2021-02-12,Southern Province,-2.45,29.75,19.97,52.45,0.94
2021-02-13,Southern Province,-2.45,29.75,20.36,2.53,0.94
2021-02-14,Southern Province,-2.45,29.75,19.93,2.88,0.94
2021-02-15,Southern Province,-2.45,29.75,20.63,3.54,0.94
2021-02-16,Southern Province,-2.45,29.75,20.53,44.34,0.94
2021-02-17,Southern Province,-2.45,29.75,20.84,22.14,0.96
2021-02-18,Southern Province,-2.45,29.75,20.47,5.09,0.95
2021-02-19,Southern Province,-2.45,29.75,20.58,1.44,0.95
2021-02-20,Southern Province,-2.45,29.75,20.7,3.23,0.95
2021-02-21,Southern Province,-2.45,29.75,20.3,4.43,0.95
2021-02-22,Southern Province,-2.45,29.75,20.23,1.59,0.95
2021-02-23,Southern Province,-2.45,29.75,19.48,5.58,0.95
2021-02-24,Southern Province,-2.45,29.75,19.42,5.52,0.95
2021-02-25,Southern Province,-2.45,29.75,19.95,0.48,0.95
2021-02-26,Southern Province,-2.45,29.75,20.19,2.92,0.94
2021-02-27,Southern Province,-2.45,29.75,20.23,1.14,0.94
2021-02-28,Southern Province,-2.45,29.75,20.5,0.51,0.94
2021-03-01,Southern Province,-2.45,29.75,20.32,0.78,0.93
2021-03-02,Southern Province,-2.45,29.75,20.5,1.58,0.93
2021-03-03,Southern Province,-2.45,29.75,21.16,1.82,0.93
2021-03-04,Southern Province,-2.45,29.75,20.76,4.58,0.93
2021-03-05,Southern Province,-2.45,29.75,19.9,15.44,0.93
2021-03-06,Southern Province,-2.45,29.75,20.21,3.93,0.93
2021-03-07,Southern Province,-2.45,29.75,18.86,4.99,0.93
2021-03-08,Southern Province,-2.45,29.75,20.27,0.79,0.93
2021-03-09,Southern Province,-2.45,29.75,19.84,7.87,0.93
2021-03-10,Southern Province,-2.45,29.75,20.11,2.84,0.93
2021-03-11,Southern Province,-2.45,29.75,20.22,0.06,0.93
2021-03-12,Southern Province,-2.45,29.75,19.89,0.01,0.92
2021-03-13,Southern Province,-2.45,29.75,19.86,0.01,0.92
2021-03-14,Southern Province,-2.45,29.75,19.78,0.08,0.91
2021-03-15,Southern Province,-2.45,29.75,20.03,0.81,0.91
2021-03-16,Southern Province,-2.45,29.75,19.81,1.11,0.91
2021-03-17,Southern Province,-2.45,29.75,19.01,2.51,0.91
2021-03-18,Southern Province,-2.45,29.75,19.67,0.47,0.9
2021-03-19,Southern Province,-2.45,29.75,19.83,1.18,0.9
2021-03-20,Southern Province,-2.45,29.75,19.47,1.64,0.9
2021-03-21,Southern Province,-2.45,29.75,19.25,2.54,0.9
2021-03-22,Southern Province,-2.45,29.75,19.17,2.18,0.9
2021-03-23,Southern Province,-2.45,29.75,19.42,1.28,0.9
2021-03-24,Southern Province,-2.45,29.75,18.85,3.84,0.89
2021-03-25,Southern Province,-2.45,29.75,19.33,2.67,0.89
2021-03-26,Southern Province,-2.45,29.75,20.34,0.95,0.89
2021-03-27,Southern Province,-2.45,29.75,19.62,0.22,0.89
2021-03-28,Southern Province,-2.45,29.75,20.32,0.02,0.89
2021-03-29,Southern Province,-2.45,29.75,20.41,1.38,0.88
2021-03-30,Southern Province,-2.45,29.75,19.3,6.81,0.88
2021-03-31,Southern Province,-2.45,29.75,18.46,2.08,0.88
2021-04-01,Southern Province,-2.45,29.75,19.45,2.32,0.88
2021-04-02,Southern Province,-2.45,29.75,19.82,6.52,0.88
2021-04-03,Southern Province,-2.45,29.75,19.7,4.72,0.88
2021-04-04,Southern Province,-2.45,29.75,19.09,13.97,0.89
2021-04-05,Southern Province,-2.45,29.75,20.16,11.38,0.89
2021-04-06,Southern Province,-2.45,29.75,19.62,7.99,0.89
2021-04-07,Southern Province,-2.45,29.75,18.81,2.21,0.89
2021-04-08,Southern Province,-2.45,29.75,19.33,8.33,0.9
2021-04-09,Southern Province,-2.45,29.75,18.69,48.5,0.91
2021-04-10,Southern Province,-2.45,29.75,19.56,4.51,0.91
2021-04-11,Southern Province,-2.45,29.75,18.98,6.06,0.91
2021-04-12,Southern Province,-2.45,29.75,19.31,2.7,0.91
2021-04-13,Southern Province,-2.45,29.75,19.48,1.76,0.91
2021-04-14,Southern Province,-2.45,29.75,19.78,2.4,0.91
2021-04-15,Southern Province,-2.45,29.75,20.25,4.6,0.91
2021-04-16,Southern Province,-2.45,29.75,20.42,1.36,0.91
2021-04-17,Southern Province,-2.45,29.75,19.64,2.21,0.9
2021-04-18,Southern Province,-2.45,29.75,19.82,2.26,0.9
2021-04-19,Southern Province,-2.45,29.75,19.49,1.61,0.9
2021-04-20,Southern Province,-2.45,29.75,18.57,16.93,0.91
2021-04-21,Southern Province,-2.45,29.75,19.21,8.58,0.91
2021-04-22,Southern Province,-2.45,29.75,19.56,7.19,0.91
2021-04-23,Southern Province,-2.45,29.75,19.25,18.54,0.92
2021-04-24,Southern Province,-2.45,29.75,19.89,1.75,0.91
2021-04-25,Southern Province,-2.45,29.75,20.13,14.44,0.92
2021-04-26,Southern Province,-2.45,29.75,19.55,0.38,0.92
2021-04-27,Southern Province,-2.45,29.75,20.45,0.62,0.92
2021-04-28,Southern Province,-2.45,29.75,19.76,3.74,0.92
2021-04-29,Southern Province,-2.45,29.75,19.92,0.76,0.91
2021-04-30,Southern Province,-2.45,29.75,20.18,0.82,0.91
2021-05-01,Southern Province,-2.45,29.75,20.28,2.21,0.91
2021-05-02,Southern Province,-2.45,29.75,19.97,2.91,0.91
2021-05-03,Southern Province,-2.45,29.75,19.86,1.7,0.9
2021-05-04,Southern Province,-2.45,29.75,19.84,2.32,0.9
2021-05-05,Southern Province,-2.45,29.75,19.82,1.61,0.9
2021-05-06,Southern Province,-2.45,29.75,19.49,3.33,0.9
2021-05-07,Southern Province,-2.45,29.75,19.13,1.62,0.9
2021-05-08,Southern Province,-2.45,29.75,18.97,12.5,0.9
2021-05-09,Southern Province,-2.45,29.75,19.37,10.03,0.91
2021-05-10,Southern Province,-2.45,29.75,17.52,7.48,0.91
2021-05-11,Southern Province,-2.45,29.75,18.16,15.02,0.91
2021-05-12,Southern Province,-2.45,29.75,18.52,4.72,0.92
2021-05-13,Southern Province,-2.45,29.75,19.53,4.45,0.92
2021-05-14,Southern Province,-2.45,29.75,19.6,3.75,0.92
2021-05-15,Southern Province,-2.45,29.75,19.6,2.66,0.91
2021-05-16,Southern Province,-2.45,29.75,20.11,0.76,0.91
2021-05-17,Southern Province,-2.45,29.75,20.31,0.82,0.91
2021-05-18,Southern Province,-2.45,29.75,20.14,1.57,0.91
2021-05-19,Southern Province,-2.45,29.75,19.64,0.72,0.9
2021-05-20,Southern Province,-2.45,29.75,19.96,1.13,0.9
2021-05-21,Southern Province,-2.45,29.75,20.38,1.28,0.9
2021-05-22,Southern Province,-2.45,29.75,20.15,0.28,0.9
2021-05-23,Southern Province,-2.45,29.75,19.1,0.09,0.89
2021-05-24,Southern Province,-2.45,29.75,18.18,0.09,0.89
2021-05-25,Southern Province,-2.45,29.75,18.02,0.02,0.89
2021-05-26,Southern Province,-2.45,29.75,18.13,0.0,0.88
2021-05-27,Southern Province,-2.45,29.75,18.84,0.08,0.88
2021-05-28,Southern Province,-2.45,29.75,18.56,0.0,0.88
2021-05-29,Southern Province,-2.45,29.75,19.42,0.03,0.88
2021-05-30,Southern Province,-2.45,29.75,19.0,0.03,0.87
2021-05-31,Southern Province,-2.45,29.75,18.8,0.32,0.87
2021-06-01,Southern Province,-2.45,29.75,19.05,0.7,0.87
2021-06-02,Southern Province,-2.45,29.75,19.14,0.06,0.86
2021-06-03,Southern Province,-2.45,29.75,19.04,0.23,0.86
2021-06-04,Southern Province,-2.45,29.75,18.55,0.13,0.86
2021-06-05,Southern Province,-2.45,29.75,18.68,0.04,0.86
2021-06-06,Southern Province,-2.45,29.75,18.2,0.18,0.85
2021-06-07,Southern Province,-2.45,29.75,18.16,0.05,0.85
2021-06-08,Southern Province,-2.45,29.75,17.81,0.03,0.85
2021-06-09,Southern Province,-2.45,29.75,17.88,0.01,0.85
2021-06-10,Southern Province,-2.45,29.75,17.75,0.36,0.84
2021-06-11,Southern Province,-2.45,29.75,18.11,0.12,0.84
2021-06-12,Southern Province,-2.45,29.75,18.07,0.02,0.84
2021-06-13,Southern Province,-2.45,29.75,18.05,0.01,0.83
2021-06-14,Southern Province,-2.45,29.75,18.59,0.64,0.83
2021-06-15,Southern Province,-2.45,29.75,19.28,0.61,0.83
2021-06-16,Southern Province,-2.45,29.75,18.54,2.57,0.83
2021-06-17,Southern Province,-2.45,29.75,18.17,1.55,0.83
2021-06-18,Southern Province,-2.45,29.75,17.32,3.67,0.83
2021-06-19,Southern Province,-2.45,29.75,17.8,0.84,0.83
2021-06-20,Southern Province,-2.45,29.75,18.14,0.07,0.82
2021-06-21,Southern Province,-2.45,29.75,16.73,0.0,0.82
2021-06-22,Southern Province,-2.45,29.75,16.89,0.01,0.82
2021-06-23,Southern Province,-2.45,29.75,17.58,0.0,0.82
2021-06-24,Southern Province,-2.45,29.75,18.08,0.0,0.81
2021-06-25,Southern Province,-2.45,29.75,18.07,0.02,0.81
2021-06-26,Southern Province,-2.45,29.75,18.12,0.04,0.81
2021-06-27,Southern Province,-2.45,29.75,17.74,0.0,0.8
2021-06-28,Southern Province,-2.45,29.75,17.18,0.07,0.8
2021-06-29,Southern Province,-2.45,29.75,16.99,0.11,0.8
2021-06-30,Southern Province,-2.45,29.75,17.85,0.02,0.8
2021-07-01,Southern Province,-2.45,29.75,18.38,0.07,0.79
2021-07-02,Southern Province,-2.45,29.75,18.36,0.02,0.79
2021-07-03,Southern Province,-2.45,29.75,18.45,0.0,0.79
2021-07-04,Southern Province,-2.45,29.75,17.98,0.0,0.79
2021-07-05,Southern Province,-2.45,29.75,17.79,0.0,0.78
2021-07-06,Southern Province,-2.45,29.75,17.49,0.0,0.78
2021-07-07,Southern Province,-2.45,29.75,17.35,0.0,0.78
2021-07-08,Southern Province,-2.45,29.75,17.47,0.16,0.78
2021-07-09,Southern Province,-2.45,29.75,17.69,0.4,0.77
2021-07-10,Southern Province,-2.45,29.75,17.52,0.23,0.77
2021-07-11,Southern Province,-2.45,29.75,17.64,0.26,0.77
2021-07-12,Southern Province,-2.45,29.75,17.65,0.04,0.77
2021-07-13,Southern Province,-2.45,29.75,18.8,0.35,0.77
2021-07-14,Southern Province,-2.45,29.75,18.02,2.67,0.77
2021-07-15,Southern Province,-2.45,29.75,18.22,0.63,0.76
2021-07-16,Southern Province,-2.45,29.75,17.76,0.16,0.76
2021-07-17,Southern Province,-2.45,29.75,17.24,0.04,0.76
2021-07-18,Southern Province,-2.45,29.75,17.29,0.07,0.76
2021-07-19,Southern Province,-2.45,29.75,17.58,0.01,0.76
2021-07-20,Southern Province,-2.45,29.75,18.13,0.0,0.75
2021-07-21,Southern Province,-2.45,29.75,18.26,0.0,0.75
2021-07-22,Southern Province,-2.45,29.75,17.72,0.0,0.75
2021-07-23,Southern Province,-2.45,29.75,18.58,0.0,0.75
2021-07-24,Southern Province,-2.45,29.75,17.32,0.0,0.74
2021-07-25,Southern Province,-2.45,29.75,17.01,0.0,0.74
2021-07-26,Southern Province,-2.45,29.75,16.42,0.0,0.74
2021-07-27,Southern Province,-2.45,29.75,16.87,0.0,0.74
2021-07-28,Southern Province,-2.45,29.75,17.92,0.0,0.74
2021-07-29,Southern Province,-2.45,29.75,18.62,0.0,0.73
2021-07-30,Southern Province,-2.45,29.75,18.15,0.4,0.73
2021-07-31,Southern Province,-2.45,29.75,17.13,0.03,0.73
2021-08-01,Southern Province,-2.45,29.75,17.26,2.37,0.73
2021-08-02,Southern Province,-2.45,29.75,18.22,1.68,0.73
2021-08-03,Southern Province,-2.45,29.75,19.02,0.94,0.73
2021-08-04,Southern Province,-2.45,29.75,19.32,0.19,0.73
2021-08-05,Southern Province,-2.45,29.75,19.44,0.26,0.72
2021-08-06,Southern Province,-2.45,29.75,19.37,0.15,0.72
2021-08-07,Southern Province,-2.45,29.75,19.89,0.36,0.72
2021-08-08,Southern Province,-2.45,29.75,20.0,0.56,0.72
2021-08-09,Southern Province,-2.45,29.75,20.34,4.41,0.72
2021-08-10,Southern Province,-2.45,29.75,19.04,31.17,0.72
2021-08-11,Southern Province,-2.45,29.75,19.09,5.24,0.74
2021-08-12,Southern Province,-2.45,29.75,19.15,1.37,0.74
2021-08-13,Southern Province,-2.45,29.75,20.14,1.95,0.74
2021-08-14,Southern Province,-2.45,29.75,19.71,0.22,0.74
2021-08-15,Southern Province,-2.45,29.75,18.66,0.02,0.73
2021-08-16,Southern Province,-2.45,29.75,18.32,0.01,0.73
2021-08-17,Southern Province,-2.45,29.75,19.4,0.08,0.73
2021-08-18,Southern Province,-2.45,29.75,19.99,0.1,0.73
2021-08-19,Southern Province,-2.45,29.75,19.88,1.01,0.72
2021-08-20,Southern Province,-2.45,29.75,19.61,0.86,0.72
2021-08-21,Southern Province,-2.45,29.75,20.66,0.99,0.72
2021-08-22,Southern Province,-2.45,29.75,20.76,0.3,0.72
2021-08-23,Southern Province,-2.45,29.75,20.3,0.11,0.72
2021-08-24,Southern Province,-2.45,29.75,20.01,0.0,0.72
2021-08-25,Southern Province,-2.45,29.75,19.75,0.0,0.71
2021-08-26,Southern Province,-2.45,29.75,19.98,0.0,0.71
2021-08-27,Southern Province,-2.45,29.75,20.37,0.0,0.71
2021-08-28,Southern Province,-2.45,29.75,20.74,0.0,0.71
2021-08-29,Southern Province,-2.45,29.75,21.73,0.07,0.7
2021-08-30,Southern Province,-2.45,29.75,21.04,0.53,0.7
2021-08-31,Southern Province,-2.45,29.75,21.23,0.21,0.7
2021-09-01,Southern Province,-2.45,29.75,20.69,1.21,0.7
2021-09-02,Southern Province,-2.45,29.75,20.73,2.34,0.7
2021-09-03,Southern Province,-2.45,29.75,20.66,4.01,0.7
2021-09-04,Southern Province,-2.45,29.75,20.34,0.2,0.7
2021-09-05,Southern Province,-2.45,29.75,20.93,2.11,0.7
2021-09-06,Southern Province,-2.45,29.75,20.39,3.12,0.7
2021-09-07,Southern Province,-2.45,29.75,20.98,12.4,0.7
2021-09-08,Southern Province,-2.45,29.75,20.93,0.72,0.7
2021-09-09,Southern Province,-2.45,29.75,20.86,0.36,0.7
2021-09-10,Southern Province,-2.45,29.75,20.53,0.06,0.7
2021-09-11,Southern Province,-2.45,29.75,19.99,0.05,0.7
2021-09-12,Southern Province,-2.45,29.75,20.33,0.03,0.7
2021-09-13,Southern Province,-2.45,29.75,20.98,0.36,0.69
2021-09-14,Southern Province,-2.45,29.75,21.38,0.04,0.69
2021-09-15,Southern Province,-2.45,29.75,22.4,1.35,0.69
2021-09-16,Southern Province,-2.45,29.75,21.67,68.83,0.7
2021-09-17,Southern Province,-2.45,29.75,19.13,26.76,0.72
2021-09-18,Southern Province,-2.45,29.75,18.11,44.67,0.74
2021-09-19,Southern Province,-2.45,29.75,18.86,0.19,0.75
2021-09-20,Southern Province,-2.45,29.75,19.97,0.04,0.74
2021-09-21,Southern Province,-2.45,29.75,20.76,0.01,0.74
2021-09-22,Southern Province,-2.45,29.75,20.44,0.49,0.74
2021-09-23,Southern Province,-2.45,29.75,19.97,2.98,0.74
2021-09-24,Southern Province,-2.45,29.75,20.42,1.79,0.74
2021-09-25,Southern Province,-2.45,29.75,19.38,1.11,0.73
2021-09-26,Southern Province,-2.45,29.75,19.83,1.21,0.73
2021-09-27,Southern Province,-2.45,29.75,21.19,1.46,0.73
2021-09-28,Southern Province,-2.45,29.75,21.15,2.35,0.73
2021-09-29,Southern Province,-2.45,29.75,21.47,0.69,0.73
2021-09-30,Southern Province,-2.45,29.75,21.68,1.09,0.73
2021-10-01,Southern Province,-2.45,29.75,21.59,2.53,0.72
2021-10-02,Southern Province,-2.45,29.75,21.62,2.79,0.72
2021-10-03,Southern Province,-2.45,29.75,20.47,4.82,0.72
2021-10-04,Southern Province,-2.45,29.75,20.78,0.72,0.72
2021-10-05,Southern Province,-2.45,29.75,21.47,0.77,0.72
2021-10-06,Southern Province,-2.45,29.75,22.02,0.42,0.72
2021-10-07,Southern Province,-2.45,29.75,21.9,0.04,0.72
2021-10-08,Southern Province,-2.45,29.75,21.82,0.04,0.71
2021-10-09,Southern Province,-2.45,29.75,22.34,1.63,0.71
2021-10-10,Southern Province,-2.45,29.75,22.48,1.5,0.71
2021-10-11,Southern Province,-2.45,29.75,21.59,1.44,0.71
2021-10-12,Southern Province,-2.45,29.75,21.5,0.06,0.71
2021-10-13,Southern Province,-2.45,29.75,21.01,0.13,0.71
2021-10-14,Southern Province,-2.45,29.75,21.25,0.92,0.7
2021-10-15,Southern Province,-2.45,29.75,21.56,3.25,0.7
2021-10-16,Southern Province,-2.45,29.75,21.92,4.65,0.7
2021-10-17,Southern Province,-2.45,29.75,21.64,11.96,0.7
2021-10-18,Southern Province,-2.45,29.75,21.6,10.21,0.71
2021-10-19,Southern Province,-2.45,29.75,20.87,5.07,0.71
2021-10-20,Southern Province,-2.45,29.75,19.08,5.44,0.72
2021-10-21,Southern Province,-2.45,29.75,20.23,5.09,0.72
2021-10-22,Southern Province,-2.45,29.75,20.33,3.31,0.72
2021-10-23,Southern Province,-2.45,29.75,21.24,11.22,0.72
2021-10-24,Southern Province,-2.45,29.75,21.87,1.16,0.72
2021-10-25,Southern Province,-2.45,29.75,22.41,1.58,0.72
2021-10-26,Southern Province,-2.45,29.75,21.89,1.79,0.72
2021-10-27,Southern Province,-2.45,29.75,20.91,9.91,0.72
2021-10-28,Southern Province,-2.45,29.75,21.0,0.92,0.72
2021-10-29,Southern Province,-2.45,29.75,21.01,1.49,0.72
2021-10-30,Southern Province,-2.45,29.75,20.56,3.02,0.72
2021-10-31,Southern Province,-2.45,29.75,21.23,4.39,0.72
2021-11-01,Southern Province,-2.45,29.75,21.26,8.21,0.72
2021-11-02,Southern Province,-2.45,29.75,20.69,13.1,0.72
2021-11-03,Southern Province,-2.45,29.75,20.18,16.04,0.73
2021-11-04,Southern Province,-2.45,29.75,20.89,6.18,0.73
2021-11-05,Southern Province,-2.45,29.75,20.19,9.38,0.74
2021-11-06,Southern Province,-2.45,29.75,20.54,3.65,0.74
2021-11-07,Southern Province,-2.45,29.75,20.26,0.64,0.74
2021-11-08,Southern Province,-2.45,29.75,20.24,0.02,0.73
2021-11-09,Southern Province,-2.45,29.75,19.54,0.02,0.73
2021-11-10,Southern Province,-2.45,29.75,20.65,3.34,0.73
2021-11-11,Southern Province,-2.45,29.75,20.57,1.27,0.73
2021-11-12,Southern Province,-2.45,29.75,21.33,0.88,0.73
2021-11-13,Southern Province,-2.45,29.75,20.65,0.74,0.72
2021-11-14,Southern Province,-2.45,29.75,21.06,1.79,0.72
2021-11-15,Southern Province,-2.45,29.75,20.21,3.49,0.72
2021-11-16,Southern Province,-2.45,29.75,20.48,33.15,0.72
2021-11-17,Southern Province,-2.45,29.75,19.39,8.85,0.74
2021-11-18,Southern Province,-2.45,29.75,20.1,3.08,0.74
2021-11-19,Southern Province,-2.45,29.75,20.24,2.17,0.74
2021-11-20,Southern Province,-2.45,29.75,20.84,1.88,0.74
2021-11-21,Southern Province,-2.45,29.75,20.6,17.91,0.74
2021-11-22,Southern Province,-2.45,29.75,19.96,2.78,0.74
2021-11-23,Southern Province,-2.45,29.75,19.53,1.78,0.74
2021-11-24,Southern Province,-2.45,29.75,20.88,0.84,0.74
2021-11-25,Southern Province,-2.45,29.75,20.83,4.49,0.74
2021-11-26,Southern Province,-2.45,29.75,19.14,21.59,0.75
2021-11-27,Southern Province,-2.45,29.75,19.12,6.75,0.75
2021-11-28,Southern Province,-2.45,29.75,19.61,2.73,0.75
2021-11-29,Southern Province,-2.45,29.75,19.57,2.21,0.75
2021-11-30,Southern Province,-2.45,29.75,19.84,4.11,0.75
2021-12-01,Southern Province,-2.45,29.75,20.2,3.17,0.75
2021-12-02,Southern Province,-2.45,29.75,19.7,5.98,0.75
2021-12-03,Southern Province,-2.45,29.75,19.54,3.33,0.75
2021-12-04,Southern Province,-2.45,29.75,19.76,0.99,0.75
2021-12-05,Southern Province,-2.45,29.75,19.24,1.23,0.75
2021-12-06,Southern Province,-2.45,29.75,19.8,0.9,0.75
2021-12-07,Southern Province,-2.45,29.75,20.18,3.64,0.75
2021-12-08,Southern Province,-2.45,29.75,19.03,2.51,0.75
2021-12-09,Southern Province,-2.45,29.75,20.13,1.54,0.75
2021-12-10,Southern Province,-2.45,29.75,20.31,6.2,0.75
2021-12-11,Southern Province,-2.45,29.75,20.35,6.55,0.75
2021-12-12,Southern Province,-2.45,29.75,20.24,36.37,0.76
2021-12-13,Southern Province,-2.45,29.75,19.54,9.52,0.77
2021-12-14,Southern Province,-2.45,29.75,19.2,20.29,0.77
2021-12-15,Southern Province,-2.45,29.75,20.0,18.4,0.78
2021-12-16,Southern Province,-2.45,29.75,20.24,4.36,0.79
2021-12-17,Southern Province,-2.45,29.75,20.39,3.12,0.79
2021-12-18,Southern Province,-2.45,29.75,20.16,1.4,0.79
2021-12-19,Southern Province,-2.45,29.75,20.83,1.21,0.79
2021-12-20,Southern Province,-2.45,29.75,20.23,2.18,0.78
2021-12-21,Southern Province,-2.45,29.75,20.29,1.95,0.78
2021-12-22,Southern Province,-2.45,29.75,20.3,12.66,0.79
2021-12-23,Southern Province,-2.45,29.75,20.61,3.28,0.79
2021-12-24,Southern Province,-2.45,29.75,20.79,4.98,0.79
2021-12-25,Southern Province,-2.45,29.75,19.82,4.31,0.79
2021-12-26,Southern Province,-2.45,29.75,19.48,22.97,0.79
2021-12-27,Southern Province,-2.45,29.75,18.91,17.11,0.8
2021-12-28,Southern Province,-2.45,29.75,18.56,5.18,0.81
2021-12-29,Southern Province,-2.45,29.75,19.38,8.67,0.81
2021-12-30,Southern Province,-2.45,29.75,20.15,17.49,0.82
2021-12-31,Southern Province,-2.45,29.75,19.88,25.5,0.83
2022-01-01,Southern Province,-2.45,29.75,19.7,0.76,0.83
2022-01-02,Southern Province,-2.45,29.75,19.94,0.33,0.83
2022-01-03,Southern Province,-2.45,29.75,20.48,2.07,0.83
2022-01-04,Southern Province,-2.45,29.75,20.27,1.32,0.83
2022-01-05,Southern Province,-2.45,29.75,20.3,0.07,0.82
2022-01-06,Southern Province,-2.45,29.75,20.52,0.02,0.82
2022-01-07,Southern Province,-2.45,29.75,21.34,0.1,0.82
2022-01-08,Southern Province,-2.45,29.75,20.92,0.1,0.81
2022-01-09,Southern Province,-2.45,29.75,20.75,0.05,0.81
2022-01-10,Southern Province,-2.45,29.75,20.95,0.01,0.81
2022-01-11,Southern Province,-2.45,29.75,20.15,0.76,0.81
2022-01-12,Southern Province,-2.45,29.75,20.75,0.42,0.8
2022-01-13,Southern Province,-2.45,29.75,21.37,0.15,0.8
2022-01-14,Southern Province,-2.45,29.75,21.18,5.11,0.8
2022-01-15,Southern Province,-2.45,29.75,20.13,5.96,0.8
2022-01-16,Southern Province,-2.45,29.75,18.69,7.49,0.8
2022-01-17,Southern Province,-2.45,29.75,18.84,9.31,0.81
2022-01-18,Southern Province,-2.45,29.75,19.58,3.43,0.81
2022-01-19,Southern Province,-2.45,29.75,18.92,16.64,0.82
2022-01-20,Southern Province,-2.45,29.75,19.39,14.71,0.82
2022-01-21,Southern Province,-2.45,29.75,19.39,1.05,0.82
2022-01-22,Southern Province,-2.45,29.75,20.01,2.66,0.82
2022-01-23,Southern Province,-2.45,29.75,19.52,6.49,0.82
2022-01-24,Southern Province,-2.45,29.75,19.99,2.53,0.82
2022-01-25,Southern Province,-2.45,29.75,20.7,1.13,0.82
2022-01-26,Southern Province,-2.45,29.75,20.96,0.17,0.82
2022-01-27,Southern Province,-2.45,29.75,20.59,1.07,0.82
2022-01-28,Southern Province,-2.45,29.75,20.67,2.22,0.81
2022-01-29,Southern Province,-2.45,29.75,20.59,4.22,0.81
2022-01-30,Southern Province,-2.45,29.75,20.34,33.79,0.81
2022-01-31,Southern Province,-2.45,29.75,19.34,17.64,0.83
2022-02-01,Southern Province,-2.45,29.75,20.03,2.81,0.83
2022-02-02,Southern Province,-2.45,29.75,19.94,7.71,0.83
2022-02-03,Southern Province,-2.45,29.75,19.64,5.86,0.83
2022-02-04,Southern Province,-2.45,29.75,20.09,1.48,0.83
2022-02-05,Southern Province,-2.45,29.75,18.7,51.61,0.84
2022-02-06,Southern Province,-2.45,29.75,20.1,10.1,0.85
2022-02-07,Southern Province,-2.45,29.75,19.28,39.55,0.87
2022-02-08,Southern Province,-2.45,29.75,20.01,6.82,0.87
2022-02-09,Southern Province,-2.45,29.75,19.93,21.58,0.88
2022-02-10,Southern Province,-2.45,29.75,19.9,30.17,0.89
2022-02-11,Southern Province,-2.45,29.75,20.05,24.45,0.9
2022-02-12,Southern Province,-2.45,29.75,19.82,15.29,0.91
2022-02-13,Southern Province,-2.45,29.75,20.73,5.1,0.91
2022-02-14,Southern Province,-2.45,29.75,20.3,8.21,0.91
2022-02-15,Southern Province,-2.45,29.75,20.13,3.12,0.91
2022-02-16,Southern Province,-2.45,29.75,20.05,8.69,0.91
2022-02-17,Southern Province,-2.45,29.75,19.46,7.99,0.91
2022-02-18,Southern Province,-2.45,29.75,20.07,7.84,0.92
2022-02-19,Southern Province,-2.45,29.75,19.41,12.64,0.92
2022-02-20,Southern Province,-2.45,29.75,19.75,8.17,0.93
2022-02-21,Southern Province,-2.45,29.75,20.73,6.12,0.93
2022-02-22,Southern Province,-2.45,29.75,20.81,7.54,0.93
2022-02-23,Southern Province,-2.45,29.75,20.46,42.24,0.93
2022-02-24,Southern Province,-2.45,29.75,19.64,8.32,0.94
2022-02-25,Southern Province,-2.45,29.75,20.01,1.58,0.94
2022-02-26,Southern Province,-2.45,29.75,19.72,3.38,0.93
2022-02-27,Southern Province,-2.45,29.75,20.01,1.55,0.93
2022-02-28,Southern Province,-2.45,29.75,20.59,0.4,0.93
2022-03-01,Southern Province,-2.45,29.75,20.42,0.85,0.93
2022-03-02,Southern Province,-2.45,29.75,20.6,3.04,0.92
2022-03-03,Southern Province,-2.45,29.75,20.67,0.62,0.92
2022-03-04,Southern Province,-2.45,29.75,20.32,0.61,0.92
2022-03-05,Southern Province,-2.45,29.75,21.17,0.56,0.92
2022-03-06,Southern Province,-2.45,29.75,21.16,1.09,0.91
2022-03-07,Southern Province,-2.45,29.75,21.24,1.85,0.91
2022-03-08,Southern Province,-2.45,29.75,21.07,30.55,0.91
2022-03-09,Southern Province,-2.45,29.75,21.22,4.97,0.92
2022-03-10,Southern Province,-2.45,29.75,20.55,0.43,0.91
2022-03-11,Southern Province,-2.45,29.75,20.5,0.45,0.91
2022-03-12,Southern Province,-2.45,29.75,20.79,0.95,0.91
2022-03-13,Southern Province,-2.45,29.75,21.15,0.82,0.9
2022-03-14,Southern Province,-2.45,29.75,20.99,0.29,0.9
2022-03-15,Southern Province,-2.45,29.75,21.21,0.69,0.9
2022-03-16,Southern Province,-2.45,29.75,21.62,2.34,0.89
2022-03-17,Southern Province,-2.45,29.75,20.06,12.77,0.89
2022-03-18,Southern Province,-2.45,29.75,19.89,11.1,0.9
2022-03-19,Southern Province,-2.45,29.75,20.7,0.17,0.9
2022-03-20,Southern Province,-2.45,29.75,20.32,0.98,0.9
2022-03-21,Southern Province,-2.45,29.75,20.57,1.91,0.89
2022-03-22,Southern Province,-2.45,29.75,20.05,13.0,0.89
2022-03-23,Southern Province,-2.45,29.75,19.85,4.56,0.9
2022-03-24,Southern Province,-2.45,29.75,19.58,1.86,0.9
2022-03-25,Southern Province,-2.45,29.75,20.14,3.93,0.9
2022-03-26,Southern Province,-2.45,29.75,19.55,5.54,0.9
2022-03-27,Southern Province,-2.45,29.75,19.39,6.74,0.9
2022-03-28,Southern Province,-2.45,29.75,19.46,5.7,0.9
2022-03-29,Southern Province,-2.45,29.75,19.63,35.18,0.91
2022-03-30,Southern Province,-2.45,29.75,18.35,12.96,0.92
2022-03-31,Southern Province,-2.45,29.75,19.24,27.98,0.93
2022-04-01,Southern Province,-2.45,29.75,19.52,0.65,0.93
2022-04-02,Southern Province,-2.45,29.75,19.21,6.01,0.93
2022-04-03,Southern Province,-2.45,29.75,19.63,1.15,0.92
2022-04-04,Southern Province,-2.45,29.75,20.61,0.46,0.92
2022-04-05,Southern Province,-2.45,29.75,20.2,0.63,0.92
2022-04-06,Southern Province,-2.45,29.75,20.39,7.72,0.92
2022-04-07,Southern Province,-2.45,29.75,18.91,22.95,0.92
2022-04-08,Southern Province,-2.45,29.75,18.78,3.54,0.93
2022-04-09,Southern Province,-2.45,29.75,19.65,8.78,0.93
2022-04-10,Southern Province,-2.45,29.75,19.62,1.23,0.93
2022-04-11,Southern Province,-2.45,29.75,19.17,0.62,0.92
2022-04-12,Southern Province,-2.45,29.75,19.28,0.76,0.92
2022-04-13,Southern Province,-2.45,29.75,19.85,1.38,0.92
2022-04-14,Southern Province,-2.45,29.75,19.56,10.89,0.92
2022-04-15,Southern Province,-2.45,29.75,18.3,20.74,0.93
2022-04-16,Southern Province,-2.45,29.75,19.4,0.6,0.93
2022-04-17,Southern Province,-2.45,29.75,19.76,0.58,0.92
2022-04-18,Southern Province,-2.45,29.75,20.06,1.4,0.92
2022-04-19,Southern Province,-2.45,29.75,20.4,2.56,0.92
2022-04-20,Southern Province,-2.45,29.75,19.7,3.66,0.92
2022-04-21,Southern Province,-2.45,29.75,19.81,5.47,0.92
2022-04-22,Southern Province,-2.45,29.75,20.6,5.78,0.92
2022-04-23,Southern Province,-2.45,29.75,20.3,2.96,0.92
2022-04-24,Southern Province,-2.45,29.75,20.39,13.43,0.92
2022-04-25,Southern Province,-2.45,29.75,20.29,4.44,0.92
2022-04-26,Southern Province,-2.45,29.75,19.95,2.06,0.92
2022-04-27,Southern Province,-2.45,29.75,20.06,4.45,0.92
2022-04-28,Southern Province,-2.45,29.75,19.15,3.78,0.92
2022-04-29,Southern Province,-2.45,29.75,18.72,9.02,0.92
2022-04-30,Southern Province,-2.45,29.75,19.73,1.32,0.92
2022-05-01,Southern Province,-2.45,29.75,19.81,9.44,0.92
2022-05-02,Southern Province,-2.45,29.75,19.41,8.74,0.92
2022-05-03,Southern Province,-2.45,29.75,19.43,4.92,0.92
2022-05-04,Southern Province,-2.45,29.75,19.04,0.99,0.92
2022-05-05,Southern Province,-2.45,29.75,19.02,1.59,0.92
2022-05-06,Southern Province,-2.45,29.75,19.33,0.55,0.92
2022-05-07,Southern Province,-2.45,29.75,19.86,1.14,0.91
2022-05-08,Southern Province,-2.45,29.75,19.7,0.8,0.91
2022-05-09,Southern Province,-2.45,29.75,19.82,0.27,0.91
2022-05-10,Southern Province,-2.45,29.75,19.96,0.1,0.9
2022-05-11,Southern Province,-2.45,29.75,19.94,0.38,0.9
2022-05-12,Southern Province,-2.45,29.75,19.66,1.37,0.9
2022-05-13,Southern Province,-2.45,29.75,19.82,2.61,0.9
2022-05-14,Southern Province,-2.45,29.75,19.77,3.64,0.9
2022-05-15,Southern Province,-2.45,29.75,19.59,0.68,0.9
2022-05-16,Southern Province,-2.45,29.75,19.3,0.74,0.89
2022-05-17,Southern Province,-2.45,29.75,18.89,2.2,0.89
2022-05-18,Southern Province,-2.45,29.75,19.1,0.38,0.89
2022-05-19,Southern Province,-2.45,29.75,18.69,0.01,0.89
2022-05-20,Southern Province,-2.45,29.75,18.64,0.33,0.88
2022-05-21,Southern Province,-2.45,29.75,19.2,0.03,0.88
2022-05-22,Southern Province,-2.45,29.75,19.82,0.21,0.88
2022-05-23,Southern Province,-2.45,29.75,19.32,0.37,0.87
2022-05-24,Southern Province,-2.45,29.75,19.13,0.08,0.87
2022-05-25,Southern Province,-2.45,29.75,18.86,0.94,0.87
2022-05-26,Southern Province,-2.45,29.75,19.49,10.06,0.87
2022-05-27,Southern Province,-2.45,29.75,19.74,1.75,0.87
2022-05-28,Southern Province,-2.45,29.75,19.41,7.87,0.87
2022-05-29,Southern Province,-2.45,29.75,18.23,11.57,0.88
2022-05-30,Southern Province,-2.45,29.75,18.66,1.82,0.88
2022-05-31,Southern Province,-2.45,29.75,19.09,1.95,0.88
2022-06-01,Southern Province,-2.45,29.75,18.5,2.57,0.88
2022-06-02,Southern Province,-2.45,29.75,17.96,2.48,0.87
2022-06-03,Southern Province,-2.45,29.75,17.29,0.37,0.87
2022-06-04,Southern Province,-2.45,29.75,17.42,0.11,0.87
2022-06-05,Southern Province,-2.45,29.75,17.65,0.06,0.87
2022-06-06,Southern Province,-2.45,29.75,17.32,0.14,0.86
2022-06-07,Southern Province,-2.45,29.75,17.15,0.72,0.86
2022-06-08,Southern Province,-2.45,29.75,17.56,1.04,0.86
2022-06-09,Southern Province,-2.45,29.75,17.34,1.39,0.86
2022-06-10,Southern Province,-2.45,29.75,18.14,0.26,0.85
2022-06-11,Southern Province,-2.45,29.75,18.05,0.16,0.85
2022-06-12,Southern Province,-2.45,29.75,18.1,1.33,0.85
2022-06-13,Southern Province,-2.45,29.75,18.1,0.19,0.85
2022-06-14,Southern Province,-2.45,29.75,18.71,0.27,0.84
2022-06-15,Southern Province,-2.45,29.75,18.83,0.29,0.84
2022-06-16,Southern Province,-2.45,29.75,18.57,0.28,0.84
2022-06-17,Southern Province,-2.45,29.75,18.46,0.96,0.84
2022-06-18,Southern Province,-2.45,29.75,18.19,1.93,0.83
2022-06-19,Southern Province,-2.45,29.75,18.0,1.23,0.83
2022-06-20,Southern Province,-2.45,29.75,17.61,0.18,0.83
2022-06-21,Southern Province,-2.45,29.75,17.04,0.01,0.83
2022-06-22,Southern Province,-2.45,29.75,17.31,0.0,0.82
2022-06-23,Southern Province,-2.45,29.75,17.76,0.02,0.82
2022-06-24,Southern Province,-2.45,29.75,16.98,0.05,0.82
2022-06-25,Southern Province,-2.45,29.75,17.51,0.2,0.82
2022-06-26,Southern Province,-2.45,29.75,16.9,0.68,0.81
2022-06-27,Southern Province,-2.45,29.75,16.59,0.23,0.81
2022-06-28,Southern Province,-2.45,29.75,16.29,0.12,0.81
2022-06-29,Southern Province,-2.45,29.75,16.29,0.0,0.81
2022-06-30,Southern Province,-2.45,29.75,17.01,0.0,0.8
2022-07-01,Southern Province,-2.45,29.75,17.08,0.0,0.8
2022-07-02,Southern Province,-2.45,29.75,16.89,0.0,0.8
2022-07-03,Southern Province,-2.45,29.75,16.57,0.0,0.8
2022-07-04,Southern Province,-2.45,29.75,16.39,0.0,0.79
2022-07-05,Southern Province,-2.45,29.75,16.93,0.0,0.79
2022-07-06,Southern Province,-2.45,29.75,17.6,0.0,0.79
2022-07-07,Southern Province,-2.45,29.75,17.87,0.0,0.79
2022-07-08,Southern Province,-2.45,29.75,16.85,0.0,0.78
2022-07-09,Southern Province,-2.45,29.75,16.31,0.02,0.78
2022-07-10,Southern Province,-2.45,29.75,16.43,0.0,0.78
2022-07-11,Southern Province,-2.45,29.75,17.04,0.0,0.78
2022-07-12,Southern Province,-2.45,29.75,17.41,0.0,0.77
2022-07-13,Southern Province,-2.45,29.75,17.4,0.0,0.77
2022-07-14,Southern Province,-2.45,29.75,17.71,0.0,0.77
2022-07-15,Southern Province,-2.45,29.75,18.02,0.09,0.77
2022-07-16,Southern Province,-2.45,29.75,18.58,0.18,0.76
2022-07-17,Southern Province,-2.45,29.75,17.89,0.04,0.76
2022-07-18,Southern Province,-2.45,29.75,17.34,0.0,0.76
2022-07-19,Southern Province,-2.45,29.75,17.28,0.05,0.76
2022-07-20,Southern Province,-2.45,29.75,17.48,0.88,0.75
2022-07-21,Southern Province,-2.45,29.75,17.17,0.2,0.75
2022-07-22,Southern Province,-2.45,29.75,17.43,0.11,0.75
2022-07-23,Southern Province,-2.45,29.75,17.53,0.14,0.75
2022-07-24,Southern Province,-2.45,29.75,17.95,1.85,0.75
2022-07-25,Southern Province,-2.45,29.75,18.55,0.09,0.74
2022-07-26,Southern Province,-2.45,29.75,18.45,0.09,0.74
2022-07-27,Southern Province,-2.45,29.75,19.16,0.09,0.74
2022-07-28,Southern Province,-2.45,29.75,18.7,0.45,0.74
2022-07-29,Southern Province,-2.45,29.75,18.82,2.91,0.74
2022-07-30,Southern Province,-2.45,29.75,18.64,1.64,0.74
2022-07-31,Southern Province,-2.45,29.75,19.54,1.97,0.74
2022-08-01,Southern Province,-2.45,29.75,18.8,6.92,0.74
2022-08-02,Southern Province,-2.45,29.75,18.77,2.99,0.74
2022-08-03,Southern Province,-2.45,29.75,18.19,1.0,0.74
2022-08-04,Southern Province,-2.45,29.75,18.3,0.06,0.74
2022-08-05,Southern Province,-2.45,29.75,18.4,0.0,0.73
2022-08-06,Southern Province,-2.45,29.75,18.8,0.0,0.73
2022-08-07,Southern Province,-2.45,29.75,18.93,0.0,0.73
2022-08-08,Southern Province,-2.45,29.75,18.68,0.0,0.73
2022-08-09,Southern Province,-2.45,29.75,18.75,0.0,0.72
2022-08-10,Southern Province,-2.45,29.75,18.79,0.0,0.72
2022-08-11,Southern Province,-2.45,29.75,19.29,0.01,0.72
2022-08-12,Southern Province,-2.45,29.75,19.17,0.0,0.72
2022-08-13,Southern Province,-2.45,29.75,19.5,0.11,0.72
2022-08-14,Southern Province,-2.45,29.75,19.07,26.58,0.72
2022-08-15,Southern Province,-2.45,29.75,19.13,19.61,0.73
2022-08-16,Southern Province,-2.45,29.75,19.26,17.6,0.74
2022-08-17,Southern Province,-2.45,29.75,18.07,39.26,0.75
2022-08-18,Southern Province,-2.45,29.75,18.18,19.15,0.77
2022-08-19,Southern Province,-2.45,29.75,19.93,0.12,0.77
2022-08-20,Southern Province,-2.45,29.75,20.15,0.41,0.77
2022-08-21,Southern Province,-2.45,29.75,20.21,0.28,0.77
2022-08-22,Southern Province,-2.45,29.75,19.27,0.3,0.76
2022-08-23,Southern Province,-2.45,29.75,19.3,0.03,0.76
2022-08-24,Southern Province,-2.45,29.75,19.12,0.23,0.76
2022-08-25,Southern Province,-2.45,29.75,18.67,0.01,0.76
2022-08-26,Southern Province,-2.45,29.75,19.17,0.2,0.75
2022-08-27,Southern Province,-2.45,29.75,19.65,0.72,0.75
2022-08-28,Southern Province,-2.45,29.75,19.76,7.13,0.75
2022-08-29,Southern Province,-2.45,29.75,19.13,10.95,0.75
2022-08-30,Southern Province,-2.45,29.75,20.06,38.23,0.76
2022-08-31,Southern Province,-2.45,29.75,19.29,22.01,0.78
2022-09-01,Southern Province,-2.45,29.75,18.87,3.32,0.78
2022-09-02,Southern Province,-2.45,29.75,19.15,0.12,0.78
2022-09-03,Southern Province,-2.45,29.75,19.01,0.01,0.78
2022-09-04,Southern Province,-2.45,29.75,19.46,0.08,0.77
2022-09-05,Southern Province,-2.45,29.75,20.15,0.03,0.77
2022-09-06,Southern Province,-2.45,29.75,20.44,0.22,0.77
2022-09-07,Southern Province,-2.45,29.75,18.83,1.47,0.77
2022-09-08,Southern Province,-2.45,29.75,19.06,10.68,0.77
2022-09-09,Southern Province,-2.45,29.75,19.78,3.2,0.77
2022-09-10,Southern Province,-2.45,29.75,19.22,7.33,0.77
2022-09-11,Southern Province,-2.45,29.75,20.5,2.15,0.77
2022-09-12,Southern Province,-2.45,29.75,20.6,3.03,0.77
2022-09-13,Southern Province,-2.45,29.75,20.84,3.37,0.77
2022-09-14,Southern Province,-2.45,29.75,19.27,9.16,0.77
2022-09-15,Southern Province,-2.45,29.75,19.91,3.81,0.77
2022-09-16,Southern Province,-2.45,29.75,19.98,0.57,0.77
2022-09-17,Southern Province,-2.45,29.75,20.5,0.16,0.77
2022-09-18,Southern Province,-2.45,29.75,20.48,5.01,0.77
2022-09-19,Southern Province,-2.45,29.75,20.52,26.96,0.77
2022-09-20,Southern Province,-2.45,29.75,21.35,3.49,0.78
2022-09-21,Southern Province,-2.45,29.75,21.1,2.67,0.78
2022-09-22,Southern Province,-2.45,29.75,20.85,3.9,0.78
2022-09-23,Southern Province,-2.45,29.75,21.22,0.4,0.78
2022-09-24,Southern Province,-2.45,29.75,21.13,0.24,0.77
2022-09-25,Southern Province,-2.45,29.75,20.54,1.96,0.77
2022-09-26,Southern Province,-2.45,29.75,20.54,1.24,0.77
2022-09-27,Southern Province,-2.45,29.75,21.05,0.35,0.77
2022-09-28,Southern Province,-2.45,29.75,20.48,0.09,0.76
2022-09-29,Southern Province,-2.45,29.75,20.7,0.06,0.76
2022-09-30,Southern Province,-2.45,29.75,21.02,0.36,0.76
2022-10-01,Southern Province,-2.45,29.75,20.38,1.08,0.76
2022-10-02,Southern Province,-2.45,29.75,20.07,1.66,0.76
2022-10-03,Southern Province,-2.45,29.75,20.31,0.16,0.75
2022-10-04,Southern Province,-2.45,29.75,21.06,1.07,0.75
2022-10-05,Southern Province,-2.45,29.75,20.14,9.07,0.75
2022-10-06,Southern Province,-2.45,29.75,20.42,4.93,0.75
2022-10-07,Southern Province,-2.45,29.75,20.55,1.67,0.75
2022-10-08,Southern Province,-2.45,29.75,20.52,0.28,0.75
2022-10-09,Southern Province,-2.45,29.75,19.82,0.52,0.75
2022-10-10,Southern Province,-2.45,29.75,20.68,0.92,0.75
2022-10-11,Southern Province,-2.45,29.75,21.06,0.95,0.74
2022-10-12,Southern Province,-2.45,29.75,20.43,1.17,0.74
2022-10-13,Southern Province,-2.45,29.75,21.03,0.18,0.74
2022-10-14,Southern Province,-2.45,29.75,20.97,0.02,0.74
2022-10-15,Southern Province,-2.45,29.75,21.24,0.04,0.73
2022-10-16,Southern Province,-2.45,29.75,20.42,1.06,0.73
2022-10-17,Southern Province,-2.45,29.75,20.33,2.43,0.73
2022-10-18,Southern Province,-2.45,29.75,19.54,2.87,0.73
2022-10-19,Southern Province,-2.45,29.75,19.84,22.31,0.73
2022-10-20,Southern Province,-2.45,29.75,20.14,7.66,0.75
2022-10-21,Southern Province,-2.45,29.75,19.48,11.27,0.75
2022-10-22,Southern Province,-2.45,29.75,20.39,0.1,0.75
2022-10-23,Southern Province,-2.45,29.75,20.57,0.02,0.75
2022-10-24,Southern Province,-2.45,29.75,21.0,0.14,0.75
2022-10-25,Southern Province,-2.45,29.75,21.77,0.33,0.74
2022-10-26,Southern Province,-2.45,29.75,20.97,0.54,0.74
2022-10-27,Southern Province,-2.45,29.75,21.46,0.79,0.74
2022-10-28,Southern Province,-2.45,29.75,21.69,0.64,0.73
2022-10-29,Southern Province,-2.45,29.75,21.26,2.16,0.73
2022-10-30,Southern Province,-2.45,29.75,20.94,1.98,0.73
2022-10-31,Southern Province,-2.45,29.75,21.51,0.53,0.73
2022-11-01,Southern Province,-2.45,29.75,21.74,0.43,0.73
2022-11-02,Southern Province,-2.45,29.75,20.18,2.16,0.73
2022-11-03,Southern Province,-2.45,29.75,20.04,1.71,0.73
2022-11-04,Southern Province,-2.45,29.75,20.23,1.19,0.73
2022-11-05,Southern Province,-2.45,29.75,20.61,2.68,0.72
2022-11-06,Southern Province,-2.45,29.75,20.52,0.55,0.72
2022-11-07,Southern Province,-2.45,29.75,19.09,9.61,0.72
2022-11-08,Southern Province,-2.45,29.75,19.73,0.85,0.73
2022-11-09,Southern Province,-2.45,29.75,18.84,4.5,0.73
2022-11-10,Southern Province,-2.45,29.75,19.87,1.38,0.73
2022-11-11,Southern Province,-2.45,29.75,20.49,1.91,0.73
2022-11-12,Southern Province,-2.45,29.75,19.53,11.52,0.73
2022-11-13,Southern Province,-2.45,29.75,18.66,4.58,0.73
2022-11-14,Southern Province,-2.45,29.75,20.34,0.72,0.73
2022-11-15,Southern Province,-2.45,29.75,20.46,27.67,0.73
2022-11-16,Southern Province,-2.45,29.75,19.53,29.51,0.76
2022-11-17,Southern Province,-2.45,29.75,19.92,11.54,0.76
2022-11-18,Southern Province,-2.45,29.75,17.85,11.73,0.77
2022-11-19,Southern Province,-2.45,29.75,19.06,2.33,0.77
2022-11-20,Southern Province,-2.45,29.75,18.9,7.98,0.77
2022-11-21,Southern Province,-2.45,29.75,18.62,5.71,0.77
2022-11-22,Southern Province,-2.45,29.75,19.57,7.39,0.77
2022-11-23,Southern Province,-2.45,29.75,19.65,0.98,0.77
2022-11-24,Southern Province,-2.45,29.75,19.85,1.38,0.77
2022-11-25,Southern Province,-2.45,29.75,19.17,1.65,0.77
2022-11-26,Southern Province,-2.45,29.75,19.43,1.34,0.77
2022-11-27,Southern Province,-2.45,29.75,20.16,1.77,0.77
2022-11-28,Southern Province,-2.45,29.75,19.59,2.72,0.77
2022-11-29,Southern Province,-2.45,29.75,19.13,9.65,0.77
2022-11-30,Southern Province,-2.45,29.75,19.24,12.42,0.77
2022-12-01,Southern Province,-2.45,29.75,19.01,18.28,0.78
2022-12-02,Southern Province,-2.45,29.75,19.52,1.65,0.78
2022-12-03,Southern Province,-2.45,29.75,20.43,0.55,0.78
2022-12-04,Southern Province,-2.45,29.75,20.47,0.96,0.78
2022-12-05,Southern Province,-2.45,29.75,19.88,2.38,0.78
2022-12-06,Southern Province,-2.45,29.75,19.77,0.37,0.78
2022-12-07,Southern Province,-2.45,29.75,20.36,0.42,0.77
2022-12-08,Southern Province,-2.45,29.75,18.54,2.27,0.77
2022-12-09,Southern Province,-2.45,29.75,19.48,1.84,0.77
2022-12-10,Southern Province,-2.45,29.75,19.49,2.29,0.77
2022-12-11,Southern Province,-2.45,29.75,20.26,0.97,0.77
2022-12-12,Southern Province,-2.45,29.75,19.67,3.41,0.77
2022-12-13,Southern Province,-2.45,29.75,19.02,5.22,0.77
2022-12-14,Southern Province,-2.45,29.75,19.34,2.98,0.77
2022-12-15,Southern Province,-2.45,29.75,19.02,4.42,0.77
2022-12-16,Southern Province,-2.45,29.75,19.56,3.17,0.77
2022-12-17,Southern Province,-2.45,29.75,20.45,1.0,0.77
2022-12-18,Southern Province,-2.45,29.75,20.71,0.88,0.76
2022-12-19,Southern Province,-2.45,29.75,20.41,5.13,0.76
2022-12-20,Southern Province,-2.45,29.75,19.92,12.73,0.76
2022-12-21,Southern Province,-2.45,29.75,19.67,4.26,0.77
2022-12-22,Southern Province,-2.45,29.75,20.33,0.21,0.77
2022-12-23,Southern Province,-2.45,29.75,19.86,3.03,0.77
2022-12-24,Southern Province,-2.45,29.75,19.89,18.86,0.77
2022-12-25,Southern Province,-2.45,29.75,20.14,6.92,0.78
2022-12-26,Southern Province,-2.45,29.75,20.11,5.14,0.78
2022-12-27,Southern Province,-2.45,29.75,19.71,13.78,0.78
2022-12-28,Southern Province,-2.45,29.75,20.29,3.39,0.78
2022-12-29,Southern Province,-2.45,29.75,19.94,3.13,0.78
2022-12-30,Southern Province,-2.45,29.75,19.59,1.46,0.78
2022-12-31,Southern Province,-2.45,29.75,19.89,1.33,0.78
2023-01-01,Southern Province,-2.45,29.75,19.7,0.05,0.78
2023-01-02,Southern Province,-2.45,29.75,19.55,0.01,0.77
2023-01-03,Southern Province,-2.45,29.75,19.95,0.07,0.77
2023-01-04,Southern Province,-2.45,29.75,20.04,0.14,0.77
2023-01-05,Southern Province,-2.45,29.75,19.34,0.12,0.77
2023-01-06,Southern Province,-2.45,29.75,20.02,0.23,0.76
2023-01-07,Southern Province,-2.45,29.75,20.35,0.1,0.76
2023-01-08,Southern Province,-2.45,29.75,20.34,1.44,0.76
2023-01-09,Southern Province,-2.45,29.75,20.34,1.72,0.75
2023-01-10,Southern Province,-2.45,29.75,19.79,7.86,0.75
2023-01-11,Southern Province,-2.45,29.75,19.42,9.99,0.76
2023-01-12,Southern Province,-2.45,29.75,20.06,1.31,0.76
2023-01-13,Southern Province,-2.45,29.75,19.91,1.81,0.76
2023-01-14,Southern Province,-2.45,29.75,20.11,6.9,0.76
2023-01-15,Southern Province,-2.45,29.75,20.0,2.6,0.76
2023-01-16,Southern Province,-2.45,29.75,19.82,1.63,0.76
2023-01-17,Southern Province,-2.45,29.75,20.29,2.22,0.75
2023-01-18,Southern Province,-2.45,29.75,20.91,4.32,0.75
2023-01-19,Southern Province,-2.45,29.75,20.62,2.04,0.75
2023-01-20,Southern Province,-2.45,29.75,20.75,0.83,0.75
2023-01-21,Southern Province,-2.45,29.75,20.76,0.97,0.75
2023-01-22,Southern Province,-2.45,29.75,20.13,0.47,0.75
2023-01-23,Southern Province,-2.45,29.75,20.22,0.56,0.74
2023-01-24,Southern Province,-2.45,29.75,19.88,2.04,0.74
2023-01-25,Southern Province,-2.45,29.75,18.93,2.13,0.74
2023-01-26,Southern Province,-2.45,29.75,19.73,1.29,0.74
2023-01-27,Southern Province,-2.45,29.75,20.4,0.9,0.74
2023-01-28,Southern Province,-2.45,29.75,20.27,2.6,0.74
2023-01-29,Southern Province,-2.45,29.75,20.99,0.3,0.74
2023-01-30,Southern Province,-2.45,29.75,21.11,0.71,0.73
2023-01-31,Southern Province,-2.45,29.75,20.99,1.84,0.73
2023-02-01,Southern Province,-2.45,29.75,21.61,3.27,0.73
2023-02-02,Southern Province,-2.45,29.75,21.05,2.06,0.73
2023-02-03,Southern Province,-2.45,29.75,20.82,2.14,0.73
2023-02-04,Southern Province,-2.45,29.75,20.09,2.09,0.73
2023-02-05,Southern Province,-2.45,29.75,20.6,1.42,0.73
2023-02-06,Southern Province,-2.45,29.75,21.2,4.43,0.73
2023-02-07,Southern Province,-2.45,29.75,20.38,3.15,0.73
2023-02-08,Southern Province,-2.45,29.75,20.91,2.76,0.73
2023-02-09,Southern Province,-2.45,29.75,20.5,1.44,0.72
2023-02-10,Southern Province,-2.45,29.75,21.27,0.32,0.72
2023-02-11,Southern Province,-2.45,29.75,21.77,0.07,0.72
2023-02-12,Southern Province,-2.45,29.75,21.81,0.23,0.72
2023-02-13,Southern Province,-2.45,29.75,21.56,0.07,0.72
2023-02-14,Southern Province,-2.45,29.75,21.85,0.76,0.71
2023-02-15,Southern Province,-2.45,29.75,22.07,1.59,0.71
2023-02-16,Southern Province,-2.45,29.75,21.58,0.45,0.71
2023-02-17,Southern Province,-2.45,29.75,21.35,3.14,0.71
2023-02-18,Southern Province,-2.45,29.75,21.2,3.8,0.71
2023-02-19,Southern Province,-2.45,29.75,22.0,0.03,0.71
2023-02-20,Southern Province,-2.45,29.75,22.7,0.01,0.71
2023-02-21,Southern Province,-2.45,29.75,20.88,6.47,0.71
2023-02-22,Southern Province,-2.45,29.75,19.5,15.43,0.71
2023-02-23,Southern Province,-2.45,29.75,20.24,3.83,0.72
2023-02-24,Southern Province,-2.45,29.75,20.24,0.81,0.72
2023-02-25,Southern Province,-2.45,29.75,21.66,0.48,0.71
2023-02-26,Southern Province,-2.45,29.75,20.91,2.02,0.71
2023-02-27,Southern Province,-2.45,29.75,20.64,5.88,0.71
2023-02-28,Southern Province,-2.45,29.75,19.94,2.81,0.71
2023-03-01,Southern Province,-2.45,29.75,20.77,1.0,0.71
2023-03-02,Southern Province,-2.45,29.75,21.47,1.94,0.71
2023-03-03,Southern Province,-2.45,29.75,20.15,5.7,0.71
2023-03-04,Southern Province,-2.45,29.75,20.91,2.62,0.71
2023-03-05,Southern Province,-2.45,29.75,21.43,1.58,0.71
2023-03-06,Southern Province,-2.45,29.75,21.75,0.86,0.71
2023-03-07,Southern Province,-2.45,29.75,22.61,0.01,0.71
2023-03-08,Southern Province,-2.45,29.75,23.04,0.26,0.7
2023-03-09,Southern Province,-2.45,29.75,22.82,1.6,0.7
2023-03-10,Southern Province,-2.45,29.75,21.87,5.51,0.7
2023-03-11,Southern Province,-2.45,29.75,20.59,4.64,0.7
2023-03-12,Southern Province,-2.45,29.75,20.4,4.26,0.71
2023-03-13,Southern Province,-2.45,29.75,20.84,1.98,0.7
2023-03-14,Southern Province,-2.45,29.75,20.69,7.23,0.71
2023-03-15,Southern Province,-2.45,29.75,20.65,3.62,0.71
2023-03-16,Southern Province,-2.45,29.75,21.11,0.84,0.71
2023-03-17,Southern Province,-2.45,29.75,19.47,6.36,0.71
2023-03-18,Southern Province,-2.45,29.75,17.94,12.11,0.71
2023-03-19,Southern Province,-2.45,29.75,18.63,6.67,0.72
2023-03-20,Southern Province,-2.45,29.75,18.46,7.16,0.72
2023-03-21,Southern Province,-2.45,29.75,18.28,15.52,0.73
2023-03-22,Southern Province,-2.45,29.75,19.2,0.76,0.73
2023-03-23,Southern Province,-2.45,29.75,19.9,10.4,0.73
2023-03-24,Southern Province,-2.45,29.75,19.4,9.79,0.74
2023-03-25,Southern Province,-2.45,29.75,18.37,11.35,0.74
2023-03-26,Southern Province,-2.45,29.75,19.33,8.39,0.74
2023-03-27,Southern Province,-2.45,29.75,20.12,1.57,0.75
2023-03-28,Southern Province,-2.45,29.75,19.85,4.56,0.75
2023-03-29,Southern Province,-2.45,29.75,19.89,5.29,0.75
2023-03-30,Southern Province,-2.45,29.75,20.65,1.49,0.75
2023-03-31,Southern Province,-2.45,29.75,20.9,6.15,0.74
2023-04-01,Southern Province,-2.45,29.75,18.81,8.12,0.75
2023-04-02,Southern Province,-2.45,29.75,20.42,0.98,0.75
2023-04-03,Southern Province,-2.45,29.75,19.68,11.52,0.75
2023-04-04,Southern Province,-2.45,29.75,19.52,6.68,0.75
2023-04-05,Southern Province,-2.45,29.75,19.92,3.79,0.75
2023-04-06,Southern Province,-2.45,29.75,19.49,5.62,0.75
2023-04-07,Southern Province,-2.45,29.75,20.45,1.24,0.75
2023-04-08,Southern Province,-2.45,29.75,20.74,1.48,0.75
2023-04-09,Southern Province,-2.45,29.75,20.06,1.66,0.75
2023-04-10,Southern Province,-2.45,29.75,21.01,1.09,0.75
2023-04-11,Southern Province,-2.45,29.75,21.13,2.17,0.74
2023-04-12,Southern Province,-2.45,29.75,19.95,4.87,0.74
2023-04-13,Southern Province,-2.45,29.75,20.6,0.85,0.74
2023-04-14,Southern Province,-2.45,29.75,19.92,2.61,0.74
2023-04-15,Southern Province,-2.45,29.75,20.32,2.6,0.74
2023-04-16,Southern Province,-2.45,29.75,19.06,37.41,0.75
2023-04-17,Southern Province,-2.45,29.75,20.07,15.52,0.76
2023-04-18,Southern Province,-2.45,29.75,19.17,29.05,0.78
2023-04-19,Southern Province,-2.45,29.75,20.0,2.27,0.78
2023-04-20,Southern Province,-2.45,29.75,20.43,2.49,0.78
2023-04-21,Southern Province,-2.45,29.75,20.42,3.71,0.78
2023-04-22,Southern Province,-2.45,29.75,20.34,8.9,0.78
2023-04-23,Southern Province,-2.45,29.75,20.1,4.57,0.78
2023-04-24,Southern Province,-2.45,29.75,20.31,2.55,0.78
2023-04-25,Southern Province,-2.45,29.75,20.03,8.0,0.78
2023-04-26,Southern Province,-2.45,29.75,20.39,23.0,0.79
2023-04-27,Southern Province,-2.45,29.75,19.68,5.11,0.79
2023-04-28,Southern Province,-2.45,29.75,20.32,9.18,0.79
2023-04-29,Southern Province,-2.45,29.75,19.7,17.0,0.8
2023-04-30,Southern Province,-2.45,29.75,19.74,7.02,0.8
2023-05-01,Southern Province,-2.45,29.75,19.79,3.77,0.8
2023-05-02,Southern Province,-2.45,29.75,20.13,7.33,0.8
2023-05-03,Southern Province,-2.45,29.75,19.35,39.96,0.81
2023-05-04,Southern Province,-2.45,29.75,19.55,14.22,0.83
2023-05-05,Southern Province,-2.45,29.75,20.19,5.51,0.83
2023-05-06,Southern Province,-2.45,29.75,20.15,0.16,0.83
2023-05-07,Southern Province,-2.45,29.75,20.13,0.48,0.83
2023-05-08,Southern Province,-2.45,29.75,20.11,0.21,0.82
2023-05-09,Southern Province,-2.45,29.75,19.86,1.41,0.82
2023-05-10,Southern Province,-2.45,29.75,19.63,2.81,0.82
2023-05-11,Southern Province,-2.45,29.75,19.85,0.81,0.82
2023-05-12,Southern Province,-2.45,29.75,19.83,0.81,0.82
2023-05-13,Southern Province,-2.45,29.75,20.53,0.83,0.81
2023-05-14,Southern Province,-2.45,29.75,20.56,0.34,0.81
2023-05-15,Southern Province,-2.45,29.75,20.73,0.09,0.81
2023-05-16,Southern Province,-2.45,29.75,20.83,0.31,0.8
2023-05-17,Southern Province,-2.45,29.75,20.44,1.67,0.8
2023-05-18,Southern Province,-2.45,29.75,20.86,2.38,0.8
2023-05-19,Southern Province,-2.45,29.75,20.69,1.21,0.8
2023-05-20,Southern Province,-2.45,29.75,20.32,0.3,0.8
2023-05-21,Southern Province,-2.45,29.75,20.43,0.1,0.79
2023-05-22,Southern Province,-2.45,29.75,20.44,0.19,0.79
2023-05-23,Southern Province,-2.45,29.75,20.02,0.6,0.79
2023-05-24,Southern Province,-2.45,29.75,20.25,1.43,0.78
2023-05-25,Southern Province,-2.45,29.75,20.82,1.1,0.78
2023-05-26,Southern Province,-2.45,29.75,20.12,1.63,0.78
2023-05-27,Southern Province,-2.45,29.75,19.54,0.9,0.78
2023-05-28,Southern Province,-2.45,29.75,19.85,1.1,0.78
2023-05-29,Southern Province,-2.45,29.75,19.09,0.42,0.77
2023-05-30,Southern Province,-2.45,29.75,19.18,0.45,0.77
2023-05-31,Southern Province,-2.45,29.75,19.06,0.5,0.77
2023-06-01,Southern Province,-2.45,29.75,19.64,0.26,0.77
2023-06-02,Southern Province,-2.45,29.75,20.05,1.13,0.76
2023-06-03,Southern Province,-2.45,29.75,19.75,0.31,0.76
2023-06-04,Southern Province,-2.45,29.75,20.16,0.46,0.76
2023-06-05,Southern Province,-2.45,29.75,19.94,0.04,0.76
2023-06-06,Southern Province,-2.45,29.75,19.62,0.04,0.75
2023-06-07,Southern Province,-2.45,29.75,19.67,0.0,0.75
2023-06-08,Southern Province,-2.45,29.75,18.75,0.0,0.75
2023-06-09,Southern Province,-2.45,29.75,19.07,0.01,0.75
2023-06-10,Southern Province,-2.45,29.75,19.77,0.11,0.74
2023-06-11,Southern Province,-2.45,29.75,19.89,0.03,0.74
2023-06-12,Southern Province,-2.45,29.75,20.44,0.09,0.74
2023-06-13,Southern Province,-2.45,29.75,19.51,2.78,0.74
2023-06-14,Southern Province,-2.45,29.75,19.64,0.99,0.74
2023-06-15,Southern Province,-2.45,29.75,20.32,0.15,0.73
2023-06-16,Southern Province,-2.45,29.75,19.92,0.17,0.73
2023-06-17,Southern Province,-2.45,29.75,19.87,0.21,0.73
2023-06-18,Southern Province,-2.45,29.75,19.67,0.04,0.73
2023-06-19,Southern Province,-2.45,29.75,19.95,0.02,0.73
2023-06-20,Southern Province,-2.45,29.75,20.33,0.15,0.72
2023-06-21,Southern Province,-2.45,29.75,19.99,0.16,0.72
2023-06-22,Southern Province,-2.45,29.75,19.73,0.76,0.72
2023-06-23,Southern Province,-2.45,29.75,19.31,2.86,0.72
2023-06-24,Southern Province,-2.45,29.75,18.62,2.1,0.72
2023-06-25,Southern Province,-2.45,29.75,18.9,0.04,0.72
2023-06-26,Southern Province,-2.45,29.75,19.46,0.05,0.72
2023-06-27,Southern Province,-2.45,29.75,19.44,0.07,0.71
2023-06-28,Southern Province,-2.45,29.75,20.08,0.05,0.71
2023-06-29,Southern Province,-2.45,29.75,20.29,0.03,0.71
2023-06-30,Southern Province,-2.45,29.75,19.75,0.07,0.71
2023-07-01,Southern Province,-2.45,29.75,18.33,0.0,0.71
2023-07-02,Southern Province,-2.45,29.75,18.37,0.05,0.71
2023-07-03,Southern Province,-2.45,29.75,18.9,0.0,0.7
2023-07-04,Southern Province,-2.45,29.75,18.09,0.0,0.7
2023-07-05,Southern Province,-2.45,29.75,18.92,0.07,0.7
2023-07-06,Southern Province,-2.45,29.75,18.78,0.23,0.7
2023-07-07,Southern Province,-2.45,29.75,17.92,0.03,0.7
2023-07-08,Southern Province,-2.45,29.75,18.28,0.07,0.7
2023-07-09,Southern Province,-2.45,29.75,19.54,0.01,0.7
2023-07-10,Southern Province,-2.45,29.75,20.25,0.01,0.69
2023-07-11,Southern Province,-2.45,29.75,19.9,0.01,0.69
2023-07-12,Southern Province,-2.45,29.75,20.07,0.02,0.69
2023-07-13,Southern Province,-2.45,29.75,18.72,0.04,0.69
2023-07-14,Southern Province,-2.45,29.75,18.83,0.0,0.69
2023-07-15,Southern Province,-2.45,29.75,18.98,0.0,0.69
2023-07-16,Southern Province,-2.45,29.75,18.8,0.0,0.68
2023-07-17,Southern Province,-2.45,29.75,18.29,0.0,0.68
2023-07-18,Southern Province,-2.45,29.75,18.46,0.0,0.68
2023-07-19,Southern Province,-2.45,29.75,19.75,0.0,0.68
2023-07-20,Southern Province,-2.45,29.75,20.6,0.0,0.68
2023-07-21,Southern Province,-2.45,29.75,19.56,0.0,0.68
2023-07-22,Southern Province,-2.45,29.75,19.23,0.0,0.68
2023-07-23,Southern Province,-2.45,29.75,19.69,0.0,0.67
2023-07-24,Southern Province,-2.45,29.75,20.09,0.04,0.67
2023-07-25,Southern Province,-2.45,29.75,20.59,0.01,0.67
2023-07-26,Southern Province,-2.45,29.75,19.12,0.0,0.67
2023-07-27,Southern Province,-2.45,29.75,18.28,0.05,0.67
2023-07-28,Southern Province,-2.45,29.75,19.7,0.0,0.67
2023-07-29,Southern Province,-2.45,29.75,21.28,0.08,0.67
2023-07-30,Southern Province,-2.45,29.75,21.72,0.0,0.66
2023-07-31,Southern Province,-2.45,29.75,21.7,0.02,0.66
2023-08-01,Southern Province,-2.45,29.75,20.85,0.0,0.66
2023-08-02,Southern Province,-2.45,29.75,20.48,0.03,0.66
2023-08-03,Southern Province,-2.45,29.75,20.11,0.37,0.66
2023-08-04,Southern Province,-2.45,29.75,19.21,5.98,0.66
2023-08-05,Southern Province,-2.45,29.75,19.67,0.67,0.66
2023-08-06,Southern Province,-2.45,29.75,19.68,1.74,0.66
2023-08-07,Southern Province,-2.45,29.75,19.52,1.41,0.66
2023-08-08,Southern Province,-2.45,29.75,19.82,0.59,0.66
2023-08-09,Southern Province,-2.45,29.75,19.87,0.0,0.66
2023-08-10,Southern Province,-2.45,29.75,20.35,0.0,0.66
2023-08-11,Southern Province,-2.45,29.75,20.86,0.0,0.66
2023-08-12,Southern Province,-2.45,29.75,20.99,0.0,0.66
2023-08-13,Southern Province,-2.45,29.75,21.06,0.0,0.65
2023-08-14,Southern Province,-2.45,29.75,21.56,0.01,0.65
2023-08-15,Southern Province,-2.45,29.75,22.05,0.01,0.65
2023-08-16,Southern Province,-2.45,29.75,22.24,0.0,0.65
2023-08-17,Southern Province,-2.45,29.75,22.28,0.01,0.65
2023-08-18,Southern Province,-2.45,29.75,22.57,0.01,0.65
2023-08-19,Southern Province,-2.45,29.75,23.68,0.39,0.65
2023-08-20,Southern Province,-2.45,29.75,22.72,0.44,0.65
2023-08-21,Southern Province,-2.45,29.75,22.65,0.0,0.65
2023-08-22,Southern Province,-2.45,29.75,23.07,0.03,0.65
2023-08-23,Southern Province,-2.45,29.75,23.36,0.0,0.65
2023-08-24,Southern Province,-2.45,29.75,22.86,0.07,0.64
2023-08-25,Southern Province,-2.45,29.75,23.16,0.64,0.64
2023-08-26,Southern Province,-2.45,29.75,24.13,0.19,0.64
2023-08-27,Southern Province,-2.45,29.75,23.79,0.04,0.64
2023-08-28,Southern Province,-2.45,29.75,21.82,0.0,0.64
2023-08-29,Southern Province,-2.45,29.75,21.09,0.15,0.64
2023-08-30,Southern Province,-2.45,29.75,22.03,0.44,0.64
2023-08-31,Southern Province,-2.45,29.75,22.21,0.55,0.64
2023-09-01,Southern Province,-2.45,29.75,23.08,0.34,0.64
2023-09-02,Southern Province,-2.45,29.75,23.97,0.76,0.64
2023-09-03,Southern Province,-2.45,29.75,24.15,0.78,0.64
2023-09-04,Southern Province,-2.45,29.75,24.04,0.57,0.64
2023-09-05,Southern Province,-2.45,29.75,23.71,0.95,0.64
2023-09-06,Southern Province,-2.45,29.75,23.06,1.36,0.64
2023-09-07,Southern Province,-2.45,29.75,21.39,2.83,0.64
2023-09-08,Southern Province,-2.45,29.75,22.13,0.84,0.64
2023-09-09,Southern Province,-2.45,29.75,22.05,1.86,0.64
2023-09-10,Southern Province,-2.45,29.75,21.79,1.2,0.64
2023-09-11,Southern Province,-2.45,29.75,21.56,1.53,0.64
2023-09-12,Southern Province,-2.45,29.75,22.16,0.77,0.64
2023-09-13,Southern Province,-2.45,29.75,21.84,3.77,0.64
2023-09-14,Southern Province,-2.45,29.75,22.73,0.33,0.64
2023-09-15,Southern Province,-2.45,29.75,22.78,0.49,0.64
2023-09-16,Southern Province,-2.45,29.75,20.72,0.61,0.64
2023-09-17,Southern Province,-2.45,29.75,22.5,0.71,0.64
2023-09-18,Southern Province,-2.45,29.75,23.33,1.12,0.63
2023-09-19,Southern Province,-2.45,29.75,21.15,2.66,0.63
2023-09-20,Southern Province,-2.45,29.75,22.41,0.3,0.63
2023-09-21,Southern Province,-2.45,29.75,22.28,0.49,0.63
2023-09-22,Southern Province,-2.45,29.75,22.66,0.44,0.63
2023-09-23,Southern Province,-2.45,29.75,21.47,22.58,0.64
2023-09-24,Southern Province,-2.45,29.75,22.82,1.93,0.65
2023-09-25,Southern Province,-2.45,29.75,23.08,3.63,0.64
2023-09-26,Southern Province,-2.45,29.75,22.88,9.76,0.65
2023-09-27,Southern Province,-2.45,29.75,21.75,7.89,0.65
2023-09-28,Southern Province,-2.45,29.75,21.33,3.55,0.65
2023-09-29,Southern Province,-2.45,29.75,21.45,1.08,0.65
2023-09-30,Southern Province,-2.45,29.75,22.77,0.51,0.65
2023-10-01,Southern Province,-2.45,29.75,23.43,0.49,0.65
2023-10-02,Southern Province,-2.45,29.75,22.22,2.39,0.65
2023-10-03,Southern Province,-2.45,29.75,22.16,0.01,0.65
2023-10-04,Southern Province,-2.45,29.75,21.81,0.02,0.65
2023-10-05,Southern Province,-2.45,29.75,22.83,0.6,0.64
2023-10-06,Southern Province,-2.45,29.75,23.17,0.03,0.64
2023-10-07,Southern Province,-2.45,29.75,22.76,0.52,0.64
2023-10-08,Southern Province,-2.45,29.75,23.98,0.73,0.64
2023-10-09,Southern Province,-2.45,29.75,23.79,1.44,0.64
2023-10-10,Southern Province,-2.45,29.75,22.88,1.15,0.64
2023-10-11,Southern Province,-2.45,29.75,21.68,3.29,0.64
2023-10-12,Southern Province,-2.45,29.75,22.17,1.99,0.64
2023-10-13,Southern Province,-2.45,29.75,22.12,3.47,0.64
2023-10-14,Southern Province,-2.45,29.75,23.55,1.66,0.64
2023-10-15,Southern Province,-2.45,29.75,22.71,10.52,0.64
2023-10-16,Southern Province,-2.45,29.75,20.57,2.24,0.65
2023-10-17,Southern Province,-2.45,29.75,22.23,2.58,0.65
2023-10-18,Southern Province,-2.45,29.75,21.98,1.67,0.64
2023-10-19,Southern Province,-2.45,29.75,20.66,1.77,0.64
2023-10-20,Southern Province,-2.45,29.75,21.54,1.13,0.64
2023-10-21,Southern Province,-2.45,29.75,21.26,0.75,0.64
2023-10-22,Southern Province,-2.45,29.75,22.12,0.41,0.64
2023-10-23,Southern Province,-2.45,29.75,22.95,0.63,0.64
2023-10-24,Southern Province,-2.45,29.75,23.0,0.11,0.64
2023-10-25,Southern Province,-2.45,29.75,20.94,1.16,0.64
2023-10-26,Southern Province,-2.45,29.75,21.95,0.34,0.64
2023-10-27,Southern Province,-2.45,29.75,21.75,0.56,0.64
2023-10-28,Southern Province,-2.45,29.75,22.36,1.76,0.64
2023-10-29,Southern Province,-2.45,29.75,20.27,8.03,0.64
2023-10-30,Southern Province,-2.45,29.75,21.91,1.26,0.64
2023-10-31,Southern Province,-2.45,29.75,21.84,2.69,0.64
2023-11-01,Southern Province,-2.45,29.75,23.28,1.97,0.64
2023-11-02,Southern Province,-2.45,29.75,20.39,13.33,0.64
2023-11-03,Southern Province,-2.45,29.75,19.48,27.47,0.66
2023-11-04,Southern Province,-2.45,29.75,19.19,17.66,0.67
2023-11-05,Southern Province,-2.45,29.75,19.84,8.16,0.68
2023-11-06,Southern Province,-2.45,29.75,20.47,47.58,0.69
2023-11-07,Southern Province,-2.45,29.75,21.17,0.98,0.69
2023-11-08,Southern Province,-2.45,29.75,21.08,0.69,0.69
2023-11-09,Southern Province,-2.45,29.75,20.86,1.64,0.69
2023-11-10,Southern Province,-2.45,29.75,20.99,3.46,0.69
2023-11-11,Southern Province,-2.45,29.75,20.16,4.95,0.69
2023-11-12,Southern Province,-2.45,29.75,20.76,5.5,0.69
2023-11-13,Southern Province,-2.45,29.75,19.28,9.75,0.7
2023-11-14,Southern Province,-2.45,29.75,19.95,3.05,0.7
2023-11-15,Southern Province,-2.45,29.75,20.39,5.48,0.7
2023-11-16,Southern Province,-2.45,29.75,20.79,7.32,0.7
2023-11-17,Southern Province,-2.45,29.75,20.21,2.09,0.7
2023-11-18,Southern Province,-2.45,29.75,21.23,2.19,0.7
2023-11-19,Southern Province,-2.45,29.75,21.51,2.08,0.7
2023-11-20,Southern Province,-2.45,29.75,21.44,5.38,0.7
2023-11-21,Southern Province,-2.45,29.75,20.85,2.96,0.7
2023-11-22,Southern Province,-2.45,29.75,19.82,7.13,0.7
2023-11-23,Southern Province,-2.45,29.75,19.6,10.94,0.71
2023-11-24,Southern Province,-2.45,29.75,19.08,6.55,0.71
2023-11-25,Southern Province,-2.45,29.75,20.19,20.3,0.71
2023-11-26,Southern Province,-2.45,29.75,19.9,8.58,0.72
2023-11-27,Southern Province,-2.45,29.75,19.6,6.7,0.72
2023-11-28,Southern Province,-2.45,29.75,20.33,2.64,0.72
2023-11-29,Southern Province,-2.45,29.75,20.21,6.16,0.72
2023-11-30,Southern Province,-2.45,29.75,20.58,6.16,0.73
2023-12-01,Southern Province,-2.45,29.75,20.74,6.46,0.73
2023-12-02,Southern Province,-2.45,29.75,21.36,4.98,0.73
2023-12-03,Southern Province,-2.45,29.75,21.09,7.79,0.73
2023-12-04,Southern Province,-2.45,29.75,20.88,5.21,0.73
2023-12-05,Southern Province,-2.45,29.75,21.06,6.12,0.73
2023-12-06,Southern Province,-2.45,29.75,20.7,4.05,0.73
2023-12-07,Southern Province,-2.45,29.75,20.91,2.24,0.73
2023-12-08,Southern Province,-2.45,29.75,21.1,0.93,0.73
2023-12-09,Southern Province,-2.45,29.75,20.21,3.16,0.73
2023-12-10,Southern Province,-2.45,29.75,20.88,5.65,0.73
2023-12-11,Southern Province,-2.45,29.75,20.69,9.86,0.73
2023-12-12,Southern Province,-2.45,29.75,21.14,1.5,0.73
2023-12-13,Southern Province,-2.45,29.75,20.89,1.75,0.73
2023-12-14,Southern Province,-2.45,29.75,20.99,2.71,0.73
2023-12-15,Southern Province,-2.45,29.75,21.36,0.81,0.73
2023-12-16,Southern Province,-2.45,29.75,21.47,2.24,0.73
2023-12-17,Southern Province,-2.45,29.75,20.91,0.8,0.73
2023-12-18,Southern Province,-2.45,29.75,21.72,0.9,0.72
2023-12-19,Southern Province,-2.45,29.75,21.96,0.95,0.72
2023-12-20,Southern Province,-2.45,29.75,22.29,4.47,0.72
2023-12-21,Southern Province,-2.45,29.75,22.02,3.16,0.72
2023-12-22,Southern Province,-2.45,29.75,21.87,9.44,0.72
2023-12-23,Southern Province,-2.45,29.75,22.39,1.81,0.72
2023-12-24,Southern Province,-2.45,29.75,22.27,1.49,0.72
2023-12-25,Southern Province,-2.45,29.75,21.71,3.04,0.72
2023-12-26,Southern Province,-2.45,29.75,21.25,42.97,0.72
2023-12-27,Southern Province,-2.45,29.75,18.78,15.53,0.74
2023-12-28,Southern Province,-2.45,29.75,20.81,0.22,0.74
2023-12-29,Southern Province,-2.45,29.75,21.25,0.64,0.74
2023-12-30,Southern Province,-2.45,29.75,21.07,1.96,0.73
2023-12-31,Southern Province,-2.45,29.75,20.5,1.99,0.73
2024-01-01,Southern Province,-2.45,29.75,21.14,0.28,0.73
2024-01-02,Southern Province,-2.45,29.75,20.83,1.96,0.73
2024-01-03,Southern Province,-2.45,29.75,19.65,2.71,0.73
2024-01-04,Southern Province,-2.45,29.75,21.02,1.56,0.73
2024-01-05,Southern Province,-2.45,29.75,20.68,3.52,0.73
2024-01-06,Southern Province,-2.45,29.75,20.62,4.2,0.73
2024-01-07,Southern Province,-2.45,29.75,21.14,0.82,0.73
2024-01-08,Southern Province,-2.45,29.75,22.06,1.04,0.73
2024-01-09,Southern Province,-2.45,29.75,21.68,1.75,0.73
2024-01-10,Southern Province,-2.45,29.75,20.37,9.41,0.73
2024-01-11,Southern Province,-2.45,29.75,19.47,27.17,0.73
2024-01-12,Southern Province,-2.45,29.75,19.89,36.88,0.76
2024-01-13,Southern Province,-2.45,29.75,19.9,9.13,0.76
2024-01-14,Southern Province,-2.45,29.75,20.6,7.7,0.77
2024-01-15,Southern Province,-2.45,29.75,20.7,1.05,0.77
2024-01-16,Southern Province,-2.45,29.75,20.67,0.73,0.77
2024-01-17,Southern Province,-2.45,29.75,20.24,1.91,0.76
2024-01-18,Southern Province,-2.45,29.75,19.68,4.32,0.77
2024-01-19,Southern Province,-2.45,29.75,21.11,1.61,0.76
2024-01-20,Southern Province,-2.45,29.75,21.58,4.53,0.76
2024-01-21,Southern Province,-2.45,29.75,20.25,6.33,0.77
2024-01-22,Southern Province,-2.45,29.75,21.55,1.69,0.77
2024-01-23,Southern Province,-2.45,29.75,21.25,4.4,0.76
2024-01-24,Southern Province,-2.45,29.75,20.2,19.12,0.77
2024-01-25,Southern Province,-2.45,29.75,21.52,4.15,0.77
2024-01-26,Southern Province,-2.45,29.75,21.41,1.76,0.77
2024-01-27,Southern Province,-2.45,29.75,21.52,1.22,0.77
2024-01-28,Southern Province,-2.45,29.75,21.37,1.41,0.77
2024-01-29,Southern Province,-2.45,29.75,21.79,1.6,0.76
2024-01-30,Southern Province,-2.45,29.75,20.54,12.52,0.77
2024-01-31,Southern Province,-2.45,29.75,20.76,4.47,0.77
2024-02-01,Southern Province,-2.45,29.75,20.03,2.38,0.77
2024-02-02,Southern Province,-2.45,29.75,21.42,2.56,0.77
2024-02-03,Southern Province,-2.45,29.75,21.15,7.57,0.77
2024-02-04,Southern Province,-2.45,29.75,21.21,2.01,0.77
2024-02-05,Southern Province,-2.45,29.75,21.51,1.3,0.77
2024-02-06,Southern Province,-2.45,29.75,20.92,0.8,0.77
2024-02-07,Southern Province,-2.45,29.75,21.03,0.4,0.76
2024-02-08,Southern Province,-2.45,29.75,21.63,0.28,0.76
2024-02-09,Southern Province,-2.45,29.75,22.3,3.46,0.76
2024-02-10,Southern Province,-2.45,29.75,22.16,2.58,0.76
2024-02-11,Southern Province,-2.45,29.75,21.93,1.33,0.75
2024-02-12,Southern Province,-2.45,29.75,21.99,1.21,0.75
2024-02-13,Southern Province,-2.45,29.75,21.7,3.19,0.75
2024-02-14,Southern Province,-2.45,29.75,21.32,14.46,0.75
2024-02-15,Southern Province,-2.45,29.75,20.53,4.6,0.76
2024-02-16,Southern Province,-2.45,29.75,21.92,0.15,0.76
2024-02-17,Southern Province,-2.45,29.75,21.86,3.91,0.76
2024-02-18,Southern Province,-2.45,29.75,22.95,1.48,0.76
2024-02-19,Southern Province,-2.45,29.75,22.89,0.6,0.75
2024-02-20,Southern Province,-2.45,29.75,22.43,0.44,0.75
2024-02-21,Southern Province,-2.45,29.75,22.45,0.79,0.75
2024-02-22,Southern Province,-2.45,29.75,22.71,0.27,0.74
2024-02-23,Southern Province,-2.45,29.75,22.84,0.78,0.74
2024-02-24,Southern Province,-2.45,29.75,22.11,0.27,0.74
2024-02-25,Southern Province,-2.45,29.75,21.19,6.8,0.74
2024-02-26,Southern Province,-2.45,29.75,20.85,7.32,0.74
2024-02-27,Southern Province,-2.45,29.75,20.83,9.39,0.74
2024-02-28,Southern Province,-2.45,29.75,20.13,17.98,0.76
2024-02-29,Southern Province,-2.45,29.75,20.46,1.21,0.76
2024-03-01,Southern Province,-2.45,29.75,20.48,14.68,0.75
2024-03-02,Southern Province,-2.45,29.75,19.83,3.16,0.76
2024-03-03,Southern Province,-2.45,29.75,21.57,5.8,0.76
2024-03-04,Southern Province,-2.45,29.75,21.33,18.53,0.77
2024-03-05,Southern Province,-2.45,29.75,21.55,2.15,0.77
2024-03-06,Southern Province,-2.45,29.75,20.11,1.24,0.77
2024-03-07,Southern Province,-2.45,29.75,20.97,0.94,0.77
2024-03-08,Southern Province,-2.45,29.75,21.62,0.67,0.77
2024-03-09,Southern Province,-2.45,29.75,20.65,10.16,0.76
2024-03-10,Southern Province,-2.45,29.75,20.71,21.55,0.77
2024-03-11,Southern Province,-2.45,29.75,21.57,1.15,0.78
2024-03-12,Southern Province,-2.45,29.75,21.86,0.04,0.77
2024-03-13,Southern Province,-2.45,29.75,21.98,0.02,0.77
2024-03-14,Southern Province,-2.45,29.75,21.64,0.08,0.77
2024-03-15,Southern Province,-2.45,29.75,21.55,0.1,0.76
2024-03-16,Southern Province,-2.45,29.75,21.45,0.11,0.76
2024-03-17,Southern Province,-2.45,29.75,21.98,0.19,0.76
2024-03-18,Southern Province,-2.45,29.75,22.27,0.18,0.75
2024-03-19,Southern Province,-2.45,29.75,22.01,0.28,0.75
2024-03-20,Southern Province,-2.45,29.75,21.82,0.64,0.75
2024-03-21,Southern Province,-2.45,29.75,20.87,0.86,0.75
2024-03-22,Southern Province,-2.45,29.75,20.5,6.93,0.75
2024-03-23,Southern Province,-2.45,29.75,20.49,1.77,0.75
2024-03-24,Southern Province,-2.45,29.75,21.25,4.79,0.75
2024-03-25,Southern Province,-2.45,29.75,21.17,0.61,0.75
2024-03-26,Southern Province,-2.45,29.75,20.46,1.2,0.75
2024-03-27,Southern Province,-2.45,29.75,20.33,2.43,0.75
2024-03-28,Southern Province,-2.45,29.75,21.27,5.99,0.75
2024-03-29,Southern Province,-2.45,29.75,22.16,1.92,0.75
2024-03-30,Southern Province,-2.45,29.75,21.97,2.97,0.75
2024-03-31,Southern Province,-2.45,29.75,20.41,19.78,0.75
2024-04-01,Southern Province,-2.45,29.75,21.1,3.99,0.76
2024-04-02,Southern Province,-2.45,29.75,20.33,6.35,0.76
2024-04-03,Southern Province,-2.45,29.75,19.76,4.04,0.76
2024-04-04,Southern Province,-2.45,29.75,19.76,2.9,0.76
2024-04-05,Southern Province,-2.45,29.75,20.76,2.87,0.76
2024-04-06,Southern Province,-2.45,29.75,21.02,3.6,0.76
2024-04-07,Southern Province,-2.45,29.75,21.57,7.12,0.76
2024-04-08,Southern Province,-2.45,29.75,21.05,7.34,0.76
2024-04-09,Southern Province,-2.45,29.75,20.12,15.1,0.77
2024-04-10,Southern Province,-2.45,29.75,20.75,3.35,0.77
2024-04-11,Southern Province,-2.45,29.75,20.48,1.52,0.77
2024-04-12,Southern Province,-2.45,29.75,21.69,3.24,0.77
2024-04-13,Southern Province,-2.45,29.75,21.19,18.84,0.77
2024-04-14,Southern Province,-2.45,29.75,19.7,21.58,0.78
2024-04-15,Southern Province,-2.45,29.75,20.45,6.82,0.79
2024-04-16,Southern Province,-2.45,29.75,20.9,0.4,0.79
2024-04-17,Southern Province,-2.45,29.75,20.99,0.98,0.79
2024-04-18,Southern Province,-2.45,29.75,20.84,0.85,0.78
2024-04-19,Southern Province,-2.45,29.75,20.46,0.31,0.78
2024-04-20,Southern Province,-2.45,29.75,20.36,0.6,0.78
2024-04-21,Southern Province,-2.45,29.75,20.67,10.37,0.78
2024-04-22,Southern Province,-2.45,29.75,20.84,16.1,0.79
2024-04-23,Southern Province,-2.45,29.75,21.23,5.13,0.79
2024-04-24,Southern Province,-2.45,29.75,20.54,9.99,0.79
2024-04-25,Southern Province,-2.45,29.75,20.66,24.48,0.79
2024-04-26,Southern Province,-2.45,29.75,19.34,18.37,0.81
2024-04-27,Southern Province,-2.45,29.75,20.95,2.73,0.81
2024-04-28,Southern Province,-2.45,29.75,20.15,3.76,0.81
2024-04-29,Southern Province,-2.45,29.75,20.73,1.38,0.81
2024-04-30,Southern Province,-2.45,29.75,20.63,6.32,0.81
2024-05-01,Southern Province,-2.45,29.75,21.14,6.37,0.81
2024-05-02,Southern Province,-2.45,29.75,20.65,6.08,0.81
2024-05-03,Southern Province,-2.45,29.75,20.05,1.41,0.81
2024-05-04,Southern Province,-2.45,29.75,19.68,1.23,0.81
2024-05-05,Southern Province,-2.45,29.75,20.55,1.71,0.8
2024-05-06,Southern Province,-2.45,29.75,20.52,0.82,0.8
2024-05-07,Southern Province,-2.45,29.75,21.21,0.23,0.8
2024-05-08,Southern Province,-2.45,29.75,20.85,1.47,0.8
2024-05-09,Southern Province,-2.45,29.75,20.71,1.1,0.79
2024-05-10,Southern Province,-2.45,29.75,20.35,5.7,0.79
2024-05-11,Southern Province,-2.45,29.75,20.83,3.08,0.79
2024-05-12,Southern Province,-2.45,29.75,20.59,0.32,0.79
2024-05-13,Southern Province,-2.45,29.75,20.85,0.05,0.79
2024-05-14,Southern Province,-2.45,29.75,20.43,0.18,0.78
2024-05-15,Southern Province,-2.45,29.75,20.34,0.29,0.78
2024-05-16,Southern Province,-2.45,29.75,20.76,1.01,0.78
2024-05-17,Southern Province,-2.45,29.75,20.58,0.41,0.78
2024-05-18,Southern Province,-2.45,29.75,20.81,0.26,0.77
2024-05-19,Southern Province,-2.45,29.75,20.68,0.88,0.77
2024-05-20,Southern Province,-2.45,29.75,20.71,1.58,0.77
2024-05-21,Southern Province,-2.45,29.75,19.84,0.24,0.77
2024-05-22,Southern Province,-2.45,29.75,20.51,0.09,0.76
2024-05-23,Southern Province,-2.45,29.75,20.11,0.01,0.76
2024-05-24,Southern Province,-2.45,29.75,19.8,0.04,0.76
2024-05-25,Southern Province,-2.45,29.75,20.04,0.0,0.76
2024-05-26,Southern Province,-2.45,29.75,20.23,0.01,0.75
2024-05-27,Southern Province,-2.45,29.75,20.39,0.02,0.75
2024-05-28,Southern Province,-2.45,29.75,20.57,0.02,0.75
2024-05-29,Southern Province,-2.45,29.75,20.79,0.03,0.75
2024-05-30,Southern Province,-2.45,29.75,20.85,0.04,0.74
2024-05-31,Southern Province,-2.45,29.75,21.08,0.12,0.74
2024-06-01,Southern Province,-2.45,29.75,21.1,0.07,0.74
2024-06-02,Southern Province,-2.45,29.75,20.92,0.02,0.74
2024-06-03,Southern Province,-2.45,29.75,20.71,0.01,0.73
2024-06-04,Southern Province,-2.45,29.75,20.87,0.01,0.73
2024-06-05,Southern Province,-2.45,29.75,20.38,0.0,0.73
2024-06-06,Southern Province,-2.45,29.75,20.04,0.01,0.73
2024-06-07,Southern Province,-2.45,29.75,20.38,0.02,0.72
2024-06-08,Southern Province,-2.45,29.75,19.61,0.01,0.72
2024-06-09,Southern Province,-2.45,29.75,18.55,0.03,0.72
2024-06-10,Southern Province,-2.45,29.75,18.48,0.86,0.72
2024-06-11,Southern Province,-2.45,29.75,18.23,0.28,0.72
2024-06-12,Southern Province,-2.45,29.75,18.76,0.03,0.72
2024-06-13,Southern Province,-2.45,29.75,19.75,0.0,0.71
2024-06-14,Southern Province,-2.45,29.75,19.79,0.07,0.71
2024-06-15,Southern Province,-2.45,29.75,20.33,0.13,0.71
2024-06-16,Southern Province,-2.45,29.75,19.74,0.97,0.71
2024-06-17,Southern Province,-2.45,29.75,19.45,0.1,0.71
2024-06-18,Southern Province,-2.45,29.75,19.33,0.0,0.71
2024-06-19,Southern Province,-2.45,29.75,19.74,0.08,0.7
2024-06-20,Southern Province,-2.45,29.75,19.66,0.11,0.7
2024-06-21,Southern Province,-2.45,29.75,19.71,0.26,0.7
2024-06-22,Southern Province,-2.45,29.75,19.62,0.06,0.7
2024-06-23,Southern Province,-2.45,29.75,19.73,0.05,0.7
2024-06-24,Southern Province,-2.45,29.75,18.98,0.07,0.7
2024-06-25,Southern Province,-2.45,29.75,17.58,0.0,0.69
2024-06-26,Southern Province,-2.45,29.75,17.32,0.0,0.69
2024-06-27,Southern Province,-2.45,29.75,17.91,0.0,0.69
2024-06-28,Southern Province,-2.45,29.75,18.35,0.0,0.69
2024-06-29,Southern Province,-2.45,29.75,19.09,0.0,0.69
2024-06-30,Southern Province,-2.45,29.75,19.0,0.0,0.69
2024-07-01,Southern Province,-2.45,29.75,18.67,0.0,0.68
2024-07-02,Southern Province,-2.45,29.75,19.25,0.0,0.68
2024-07-03,Southern Province,-2.45,29.75,19.87,0.0,0.68
2024-07-04,Southern Province,-2.45,29.75,20.27,0.0,0.68
2024-07-05,Southern Province,-2.45,29.75,20.57,0.01,0.68
2024-07-06,Southern Province,-2.45,29.75,20.84,0.02,0.68
2024-07-07,Southern Province,-2.45,29.75,21.33,0.04,0.67
2024-07-08,Southern Province,-2.45,29.75,21.05,0.82,0.67
2024-07-09,Southern Province,-2.45,29.75,20.62,2.6,0.67
2024-07-10,Southern Province,-2.45,29.75,20.62,0.11,0.67
2024-07-11,Southern Province,-2.45,29.75,19.5,0.12,0.67
2024-07-12,Southern Province,-2.45,29.75,19.71,0.0,0.67
2024-07-13,Southern Province,-2.45,29.75,20.6,0.17,0.67
2024-07-14,Southern Province,-2.45,29.75,20.62,0.01,0.67
2024-07-15,Southern Province,-2.45,29.75,20.55,0.0,0.67
2024-07-16,Southern Province,-2.45,29.75,21.23,0.03,0.66
2024-07-17,Southern Province,-2.45,29.75,21.52,0.06,0.66
2024-07-18,Southern Province,-2.45,29.75,21.07,0.01,0.66
2024-07-19,Southern Province,-2.45,29.75,21.51,0.03,0.66
2024-07-20,Southern Province,-2.45,29.75,21.89,0.08,0.66
2024-07-21,Southern Province,-2.45,29.75,22.04,0.35,0.66
2024-07-22,Southern Province,-2.45,29.75,21.02,0.38,0.66
2024-07-23,Southern Province,-2.45,29.75,19.64,0.0,0.66
2024-07-24,Southern Province,-2.45,29.75,19.71,0.0,0.66
2024-07-25,Southern Province,-2.45,29.75,20.57,0.0,0.66
2024-07-26,Southern Province,-2.45,29.75,21.42,0.0,0.65
2024-07-27,Southern Province,-2.45,29.75,21.83,0.0,0.65
2024-07-28,Southern Province,-2.45,29.75,21.7,0.0,0.65
2024-07-29,Southern Province,-2.45,29.75,22.04,0.03,0.65
2024-07-30,Southern Province,-2.45,29.75,22.05,0.01,0.65
2024-07-31,Southern Province,-2.45,29.75,21.61,0.0,0.65
2024-08-01,Southern Province,-2.45,29.75,20.65,0.0,0.65
2024-08-02,Southern Province,-2.45,29.75,20.47,0.0,0.65
2024-08-03,Southern Province,-2.45,29.75,20.73,0.0,0.65
2024-08-04,Southern Province,-2.45,29.75,20.9,0.04,0.65
2024-08-05,Southern Province,-2.45,29.75,21.06,0.0,0.65
2024-08-06,Southern Province,-2.45,29.75,20.71,0.0,0.64
2024-08-07,Southern Province,-2.45,29.75,20.84,0.0,0.64
2024-08-08,Southern Province,-2.45,29.75,21.83,0.07,0.64
2024-08-09,Southern Province,-2.45,29.75,22.16,1.54,0.64
2024-08-10,Southern Province,-2.45,29.75,22.52,0.71,0.64
2024-08-11,Southern Province,-2.45,29.75,21.86,0.03,0.64
2024-08-12,Southern Province,-2.45,29.75,22.36,0.03,0.64
2024-08-13,Southern Province,-2.45,29.75,22.12,0.04,0.64
2024-08-14,Southern Province,-2.45,29.75,22.99,0.08,0.64
2024-08-15,Southern Province,-2.45,29.75,22.15,1.23,0.64
2024-08-16,Southern Province,-2.45,29.75,21.56,1.42,0.64
2024-08-17,Southern Province,-2.45,29.75,21.74,0.14,0.64
2024-08-18,Southern Province,-2.45,29.75,21.14,0.01,0.64
2024-08-19,Southern Province,-2.45,29.75,21.8,0.0,0.64
2024-08-20,Southern Province,-2.45,29.75,21.93,0.01,0.64
2024-08-21,Southern Province,-2.45,29.75,21.78,0.01,0.63
2024-08-22,Southern Province,-2.45,29.75,21.62,0.02,0.63
2024-08-23,Southern Province,-2.45,29.75,21.91,0.02,0.63
2024-08-24,Southern Province,-2.45,29.75,21.68,0.11,0.63
2024-08-25,Southern Province,-2.45,29.75,21.25,0.04,0.63
2024-08-26,Southern Province,-2.45,29.75,21.47,0.17,0.63
2024-08-27,Southern Province,-2.45,29.75,22.65,0.33,0.63
2024-08-28,Southern Province,-2.45,29.75,23.12,0.48,0.63
2024-08-29,Southern Province,-2.45,29.75,23.58,0.37,0.63
2024-08-30,Southern Province,-2.45,29.75,22.31,0.17,0.63
2024-08-31,Southern Province,-2.45,29.75,23.17,0.2,0.63
2024-09-01,Southern Province,-2.45,29.75,22.47,2.05,0.63
2024-09-02,Southern Province,-2.45,29.75,21.92,0.51,0.63
2024-09-03,Southern Province,-2.45,29.75,22.71,0.09,0.63
2024-09-04,Southern Province,-2.45,29.75,22.82,0.03,0.63
2024-09-05,Southern Province,-2.45,29.75,23.02,0.06,0.63
2024-09-06,Southern Province,-2.45,29.75,23.72,0.22,0.63
2024-09-07,Southern Province,-2.45,29.75,24.0,0.09,0.63
2024-09-08,Southern Province,-2.45,29.75,23.84,0.02,0.63
2024-09-09,Southern Province,-2.45,29.75,24.67,0.04,0.63
2024-09-10,Southern Province,-2.45,29.75,24.75,0.04,0.63
2024-09-11,Southern Province,-2.45,29.75,25.4,0.03,0.62
2024-09-12,Southern Province,-2.45,29.75,24.01,0.0,0.62
2024-09-13,Southern Province,-2.45,29.75,24.36,0.01,0.62
2024-09-14,Southern Province,-2.45,29.75,23.3,0.0,0.62
2024-09-15,Southern Province,-2.45,29.75,22.73,0.0,0.62
2024-09-16,Southern Province,-2.45,29.75,24.08,0.0,0.62
2024-09-17,Southern Province,-2.45,29.75,23.83,0.5,0.62
2024-09-18,Southern Province,-2.45,29.75,24.29,0.28,0.62
2024-09-19,Southern Province,-2.45,29.75,24.72,0.49,0.62
2024-09-20,Southern Province,-2.45,29.75,22.85,8.65,0.62
2024-09-21,Southern Province,-2.45,29.75,22.57,0.32,0.63
2024-09-22,Southern Province,-2.45,29.75,22.8,1.11,0.63
2024-09-23,Southern Province,-2.45,29.75,23.02,0.05,0.62
2024-09-24,Southern Province,-2.45,29.75,22.77,0.0,0.62
2024-09-25,Southern Province,-2.45,29.75,23.08,0.54,0.62
2024-09-26,Southern Province,-2.45,29.75,24.35,0.1,0.62
2024-09-27,Southern Province,-2.45,29.75,25.67,0.07,0.62
2024-09-28,Southern Province,-2.45,29.75,26.07,0.29,0.62
2024-09-29,Southern Province,-2.45,29.75,23.01,24.02,0.62
2024-09-30,Southern Province,-2.45,29.75,21.91,19.26,0.64
2024-10-01,Southern Province,-2.45,29.75,22.07,17.05,0.64
2024-10-02,Southern Province,-2.45,29.75,21.59,9.3,0.65
2024-10-03,Southern Province,-2.45,29.75,21.51,0.99,0.66
2024-10-04,Southern Province,-2.45,29.75,21.29,0.0,0.65
2024-10-05,Southern Province,-2.45,29.75,21.41,0.05,0.65
2024-10-06,Southern Province,-2.45,29.75,22.04,0.79,0.65
2024-10-07,Southern Province,-2.45,29.75,22.01,1.52,0.65
2024-10-08,Southern Province,-2.45,29.75,21.14,2.9,0.65
2024-10-09,Southern Province,-2.45,29.75,21.31,2.66,0.65
2024-10-10,Southern Province,-2.45,29.75,20.85,4.47,0.65
2024-10-11,Southern Province,-2.45,29.75,19.47,11.19,0.65
2024-10-12,Southern Province,-2.45,29.75,20.52,3.7,0.66
2024-10-13,Southern Province,-2.45,29.75,21.95,0.56,0.66
2024-10-14,Southern Province,-2.45,29.75,23.09,0.24,0.65
2024-10-15,Southern Province,-2.45,29.75,22.81,0.99,0.65
2024-10-16,Southern Province,-2.45,29.75,22.91,1.1,0.65
2024-10-17,Southern Province,-2.45,29.75,20.66,3.85,0.65
2024-10-18,Southern Province,-2.45,29.75,22.33,10.39,0.66
2024-10-19,Southern Province,-2.45,29.75,21.07,18.89,0.66
2024-10-20,Southern Province,-2.45,29.75,19.92,40.36,0.67
2024-10-21,Southern Province,-2.45,29.75,20.47,42.85,0.7
2024-10-22,Southern Province,-2.45,29.75,21.2,9.4,0.71
2024-10-23,Southern Province,-2.45,29.75,21.78,0.1,0.71
2024-10-24,Southern Province,-2.45,29.75,21.9,0.48,0.71
2024-10-25,Southern Province,-2.45,29.75,22.01,0.9,0.71
2024-10-26,Southern Province,-2.45,29.75,21.43,1.75,0.7
2024-10-27,Southern Province,-2.45,29.75,20.78,0.82,0.7
2024-10-28,Southern Province,-2.45,29.75,22.47,3.72,0.7
2024-10-29,Southern Province,-2.45,29.75,22.45,1.95,0.7
2024-10-30,Southern Province,-2.45,29.75,22.9,1.9,0.7
2024-10-31,Southern Province,-2.45,29.75,22.62,5.25,0.7
2024-11-01,Southern Province,-2.45,29.75,21.42,3.07,0.7
2024-11-02,Southern Province,-2.45,29.75,19.25,3.27,0.7
2024-11-03,Southern Province,-2.45,29.75,20.85,1.32,0.7
2024-11-04,Southern Province,-2.45,29.75,21.8,0.45,0.7
2024-11-05,Southern Province,-2.45,29.75,21.54,1.46,0.7
2024-11-06,Southern Province,-2.45,29.75,20.88,2.22,0.69
2024-11-07,Southern Province,-2.45,29.75,19.53,17.53,0.7
2024-11-08,Southern Province,-2.45,29.75,19.36,5.12,0.71
2024-11-09,Southern Province,-2.45,29.75,21.06,0.77,0.71
2024-11-10,Southern Province,-2.45,29.75,20.9,1.82,0.7
2024-11-11,Southern Province,-2.45,29.75,20.82,3.38,0.7
2024-11-12,Southern Province,-2.45,29.75,20.21,3.07,0.7
2024-11-13,Southern Province,-2.45,29.75,21.52,1.32,0.7
2024-11-14,Southern Province,-2.45,29.75,19.78,2.73,0.7
2024-11-15,Southern Province,-2.45,29.75,20.61,2.68,0.7
2024-11-16,Southern Province,-2.45,29.75,19.97,14.54,0.71
2024-11-17,Southern Province,-2.45,29.75,19.33,10.8,0.71
2024-11-18,Southern Province,-2.45,29.75,20.36,3.31,0.71
2024-11-19,Southern Province,-2.45,29.75,21.22,1.97,0.71
2024-11-20,Southern Province,-2.45,29.75,21.75,3.32,0.71
2024-11-21,Southern Province,-2.45,29.75,20.61,36.75,0.72
2024-11-22,Southern Province,-2.45,29.75,21.46,6.95,0.73
2024-11-23,Southern Province,-2.45,29.75,20.24,15.77,0.73
2024-11-24,Southern Province,-2.45,29.75,21.02,14.07,0.74
2024-11-25,Southern Province,-2.45,29.75,20.25,12.27,0.75
2024-11-26,Southern Province,-2.45,29.75,20.35,13.58,0.75
2024-11-27,Southern Province,-2.45,29.75,20.71,9.18,0.76
2024-11-28,Southern Province,-2.45,29.75,20.43,17.13,0.77
2024-11-29,Southern Province,-2.45,29.75,20.33,20.09,0.77
2024-11-30,Southern Province,-2.45,29.75,20.35,10.09,0.78
2024-12-01,Southern Province,-2.45,29.75,19.57,5.04,0.78
2024-12-02,Southern Province,-2.45,29.75,19.62,4.89,0.78
2024-12-03,Southern Province,-2.45,29.75,20.25,19.85,0.79
2024-12-04,Southern Province,-2.45,29.75,19.88,9.8,0.8
2024-12-05,Southern Province,-2.45,29.75,20.13,1.8,0.8
2024-12-06,Southern Province,-2.45,29.75,19.99,6.49,0.8
2024-12-07,Southern Province,-2.45,29.75,19.62,1.13,0.8
2024-12-08,Southern Province,-2.45,29.75,19.68,0.59,0.79
2024-12-09,Southern Province,-2.45,29.75,20.5,2.11,0.79
2024-12-10,Southern Province,-2.45,29.75,20.6,1.37,0.79
2024-12-11,Southern Province,-2.45,29.75,20.19,10.36,0.79
2024-12-12,Southern Province,-2.45,29.75,20.65,6.17,0.79
2024-12-13,Southern Province,-2.45,29.75,20.35,17.81,0.8
2024-12-14,Southern Province,-2.45,29.75,20.74,0.95,0.8
2024-12-15,Southern Province,-2.45,29.75,20.88,3.39,0.8
2024-12-16,Southern Province,-2.45,29.75,20.35,3.95,0.8
2024-12-17,Southern Province,-2.45,29.75,20.43,4.38,0.8
2024-12-18,Southern Province,-2.45,29.75,20.76,5.51,0.8
2024-12-19,Southern Province,-2.45,29.75,20.31,5.92,0.8
2024-12-20,Southern Province,-2.45,29.75,20.44,2.44,0.8
2024-12-21,Southern Province,-2.45,29.75,20.7,2.72,0.8
2024-12-22,Southern Province,-2.45,29.75,20.83,2.52,0.8
2024-12-23,Southern Province,-2.45,29.75,20.79,1.96,0.79
2024-12-24,Southern Province,-2.45,29.75,20.37,9.0,0.79
2024-12-25,Southern Province,-2.45,29.75,20.72,9.23,0.8
2024-12-26,Southern Province,-2.45,29.75,20.38,18.02,0.8
2024-12-27,Southern Province,-2.45,29.75,20.4,0.54,0.8
2024-12-28,Southern Province,-2.45,29.75,20.5,0.09,0.8
2024-12-29,Southern Province,-2.45,29.75,20.8,0.11,0.8
2024-12-30,Southern Province,-2.45,29.75,20.49,0.0,0.79
2024-12-31,Southern Province,-2.45,29.75,20.96,0.01,0.79
2025-01-01,Southern Province,-2.45,29.75,20.55,0.39,0.79
2025-01-02,Southern Province,-2.45,29.75,19.51,12.95,0.79
2025-01-03,Southern Province,-2.45,29.75,20.76,4.54,0.79
2025-01-04,Southern Province,-2.45,29.75,21.13,5.24,0.79
2025-01-05,Southern Province,-2.45,29.75,20.59,8.17,0.79
2025-01-06,Southern Province,-2.45,29.75,20.69,0.74,0.79
2025-01-07,Southern Province,-2.45,29.75,21.52,0.66,0.79
2025-01-08,Southern Province,-2.45,29.75,21.55,0.06,0.78
2025-01-09,Southern Province,-2.45,29.75,21.19,0.98,0.78
2025-01-10,Southern Province,-2.45,29.75,21.11,1.95,0.78
2025-01-11,Southern Province,-2.45,29.75,20.61,1.15,0.78
2025-01-12,Southern Province,-2.45,29.75,21.31,0.53,0.77
2025-01-13,Southern Province,-2.45,29.75,21.37,0.66,0.77
2025-01-14,Southern Province,-2.45,29.75,21.06,1.1,0.77
2025-01-15,Southern Province,-2.45,29.75,20.64,0.12,0.77
2025-01-16,Southern Province,-2.45,29.75,20.57,0.81,0.76
2025-01-17,Southern Province,-2.45,29.75,21.33,0.84,0.76
2025-01-18,Southern Province,-2.45,29.75,21.18,2.64,0.76
2025-01-19,Southern Province,-2.45,29.75,21.72,2.2,0.76
2025-01-20,Southern Province,-2.45,29.75,21.38,3.48,0.75
2025-01-21,Southern Province,-2.45,29.75,20.77,2.32,0.75
2025-01-22,Southern Province,-2.45,29.75,20.99,3.22,0.75
2025-01-23,Southern Province,-2.45,29.75,19.59,3.07,0.75
2025-01-24,Southern Province,-2.45,29.75,20.88,2.5,0.75
2025-01-25,Southern Province,-2.45,29.75,20.98,2.77,0.75
2025-01-26,Southern Province,-2.45,29.75,19.36,8.41,0.75
2025-01-27,Southern Province,-2.45,29.75,19.6,0.47,0.75
2025-01-28,Southern Province,-2.45,29.75,19.48,0.18,0.75
2025-01-29,Southern Province,-2.45,29.75,20.2,1.71,0.75
2025-01-30,Southern Province,-2.45,29.75,20.12,1.02,0.75
2025-01-31,Southern Province,-2.45,29.75,21.34,0.82,0.75
2025-02-01,Southern Province,-2.45,29.75,21.48,4.35,0.74
2025-02-02,Southern Province,-2.45,29.75,21.28,4.29,0.75
2025-02-03,Southern Province,-2.45,29.75,21.31,1.32,0.74
2025-02-04,Southern Province,-2.45,29.75,21.31,3.04,0.74
2025-02-05,Southern Province,-2.45,29.75,22.53,9.9,0.74
2025-02-06,Southern Province,-2.45,29.75,22.19,4.82,0.75
2025-02-07,Southern Province,-2.45,29.75,21.32,1.02,0.74
2025-02-08,Southern Province,-2.45,29.75,20.86,7.62,0.74
2025-02-09,Southern Province,-2.45,29.75,20.89,3.11,0.75
2025-02-10,Southern Province,-2.45,29.75,21.8,0.44,0.74
2025-02-11,Southern Province,-2.45,29.75,21.4,3.81,0.74
2025-02-12,Southern Province,-2.45,29.75,21.74,0.31,0.74
2025-02-13,Southern Province,-2.45,29.75,21.9,0.29,0.74
2025-02-14,Southern Province,-2.45,29.75,21.17,0.69,0.74
2025-02-15,Southern Province,-2.45,29.75,21.43,5.73,0.73
2025-02-16,Southern Province,-2.45,29.75,21.59,5.34,0.74
2025-02-17,Southern Province,-2.45,29.75,21.11,16.06,0.74
2025-02-18,Southern Province,-2.45,29.75,21.09,2.7,0.74
2025-02-19,Southern Province,-2.45,29.75,21.8,0.15,0.74
2025-02-20,Southern Province,-2.45,29.75,21.73,0.01,0.74
2025-02-21,Southern Province,-2.45,29.75,22.09,0.07,0.73
2025-02-22,Southern Province,-2.45,29.75,21.63,0.25,0.73
2025-02-23,Southern Province,-2.45,29.75,21.69,0.35,0.73
2025-02-24,Southern Province,-2.45,29.75,22.5,0.03,0.72
2025-02-25,Southern Province,-2.45,29.75,22.68,0.0,0.72
2025-02-26,Southern Province,-2.45,29.75,22.71,0.0,0.72
2025-02-27,Southern Province,-2.45,29.75,22.73,0.0,0.71
2025-02-28,Southern Province,-2.45,29.75,23.11,0.0,0.71
2025-03-01,Southern Province,-2.45,29.75,23.07,0.0,0.71
2025-03-02,Southern Province,-2.45,29.75,23.23,0.91,0.71
2025-03-03,Southern Province,-2.45,29.75,22.33,3.01,0.7
2025-03-04,Southern Province,-2.45,29.75,22.47,1.56,0.7
2025-03-05,Southern Province,-2.45,29.75,22.95,0.54,0.7
2025-03-06,Southern Province,-2.45,29.75,23.98,0.16,0.7
2025-03-07,Southern Province,-2.45,29.75,24.02,0.23,0.7
2025-03-08,Southern Province,-2.45,29.75,22.57,3.58,0.7
2025-03-09,Southern Province,-2.45,29.75,22.15,3.01,0.7
2025-03-10,Southern Province,-2.45,29.75,21.33,9.66,0.7
2025-03-11,Southern Province,-2.45,29.75,20.01,2.81,0.7
2025-03-12,Southern Province,-2.45,29.75,20.7,3.01,0.7
2025-03-13,Southern Province,-2.45,29.75,21.53,2.65,0.7
2025-03-14,Southern Province,-2.45,29.75,22.59,2.24,0.7
2025-03-15,Southern Province,-2.45,29.75,22.32,1.6,0.7
2025-03-16,Southern Province,-2.45,29.75,20.45,3.75,0.7
2025-03-17,Southern Province,-2.45,29.75,21.56,1.76,0.7
2025-03-18,Southern Province,-2.45,29.75,21.57,1.41,0.7
2025-03-19,Southern Province,-2.45,29.75,19.78,3.66,0.7
2025-03-20,Southern Province,-2.45,29.75,20.53,4.25,0.7
2025-03-21,Southern Province,-2.45,29.75,21.88,0.99,0.7
2025-03-22,Southern Province,-2.45,29.75,21.62,2.84,0.69
2025-03-23,Southern Province,-2.45,29.75,21.31,13.93,0.7
2025-03-24,Southern Province,-2.45,29.75,21.44,2.23,0.7
2025-03-25,Southern Province,-2.45,29.75,21.25,1.37,0.7
2025-03-26,Southern Province,-2.45,29.75,21.68,1.82,0.7
2025-03-27,Southern Province,-2.45,29.75,21.22,3.49,0.7
2025-03-28,Southern Province,-2.45,29.75,20.1,8.88,0.7
2025-03-29,Southern Province,-2.45,29.75,20.6,2.38,0.7
2025-03-30,Southern Province,-2.45,29.75,20.65,0.83,0.7
2025-03-31,Southern Province,-2.45,29.75,21.18,0.99,0.7
2025-04-01,Southern Province,-2.45,29.75,21.17,2.4,0.7
2025-04-02,Southern Province,-2.45,29.75,21.85,0.93,0.7
2025-04-03,Southern Province,-2.45,29.75,21.53,0.89,0.69
2025-04-04,Southern Province,-2.45,29.75,21.83,1.02,0.69
2025-04-05,Southern Province,-2.45,29.75,20.78,12.51,0.69
2025-04-06,Southern Province,-2.45,29.75,21.15,4.34,0.7
2025-04-07,Southern Province,-2.45,29.75,20.12,3.44,0.7
2025-04-08,Southern Province,-2.45,29.75,20.38,9.3,0.7
2025-04-09,Southern Province,-2.45,29.75,21.68,0.26,0.7
2025-04-10,Southern Province,-2.45,29.75,21.89,0.83,0.7
2025-04-11,Southern Province,-2.45,29.75,21.54,9.98,0.7
2025-04-12,Southern Province,-2.45,29.75,20.94,24.54,0.71
2025-04-13,Southern Province,-2.45,29.75,19.69,6.42,0.72
2025-04-14,Southern Province,-2.45,29.75,20.27,4.04,0.72
2025-04-15,Southern Province,-2.45,29.75,20.65,2.25,0.72
2025-04-16,Southern Province,-2.45,29.75,19.68,2.85,0.72
2025-04-17,Southern Province,-2.45,29.75,20.89,0.28,0.71
2025-04-18,Southern Province,-2.45,29.75,21.28,1.38,0.71
2025-04-19,Southern Province,-2.45,29.75,20.64,2.72,0.71
2025-04-20,Southern Province,-2.45,29.75,20.67,1.77,0.71
2025-04-21,Southern Province,-2.45,29.75,21.33,2.31,0.71
2025-04-22,Southern Province,-2.45,29.75,20.99,5.43,0.71
2025-04-23,Southern Province,-2.45,29.75,20.54,6.54,0.71
2025-04-24,Southern Province,-2.45,29.75,20.19,6.29,0.71
2025-04-25,Southern Province,-2.45,29.75,20.58,11.28,0.72
2025-04-26,Southern Province,-2.45,29.75,20.79,0.98,0.72
2025-04-27,Southern Province,-2.45,29.75,20.78,0.92,0.71
2025-04-28,Southern Province,-2.45,29.75,20.39,0.53,0.71
2025-04-29,Southern Province,-2.45,29.75,20.69,1.36,0.71
2025-04-30,Southern Province,-2.45,29.75,21.05,1.73,0.71
2025-05-01,Southern Province,-2.45,29.75,21.12,1.27,0.71
2025-05-02,Southern Province,-2.45,29.75,21.14,2.03,0.71
2025-05-03,Southern Province,-2.45,29.75,20.22,3.79,0.71
2025-05-04,Southern Province,-2.45,29.75,19.86,1.0,0.71
2025-05-05,Southern Province,-2.45,29.75,19.29,3.47,0.71
2025-05-06,Southern Province,-2.45,29.75,19.74,7.7,0.71
2025-05-07,Southern Province,-2.45,29.75,19.66,5.75,0.71
2025-05-08,Southern Province,-2.45,29.75,19.95,3.81,0.71
2025-05-09,Southern Province,-2.45,29.75,20.11,4.83,0.71
2025-05-10,Southern Province,-2.45,29.75,19.81,2.37,0.71
2025-05-11,Southern Province,-2.45,29.75,20.76,6.7,0.71
2025-05-12,Southern Province,-2.45,29.75,20.3,24.76,0.72
2025-05-13,Southern Province,-2.45,29.75,19.65,7.75,0.73
2025-05-14,Southern Province,-2.45,29.75,19.16,2.81,0.73
2025-05-15,Southern Province,-2.45,29.75,18.87,1.46,0.72
2025-05-16,Southern Province,-2.45,29.75,19.41,0.6,0.72
2025-05-17,Southern Province,-2.45,29.75,20.04,0.38,0.72
2025-05-18,Southern Province,-2.45,29.75,19.88,0.38,0.72
2025-05-19,Southern Province,-2.45,29.75,20.4,1.27,0.72
2025-05-20,Southern Province,-2.45,29.75,19.33,3.14,0.72
2025-05-21,Southern Province,-2.45,29.75,19.99,2.98,0.72
2025-05-22,Southern Province,-2.45,29.75,20.25,2.69,0.72
2025-05-23,Southern Province,-2.45,29.75,19.88,2.66,0.71
2025-05-24,Southern Province,-2.45,29.75,19.71,0.55,0.71
2025-05-25,Southern Province,-2.45,29.75,19.04,0.55,0.71
2025-05-26,Southern Province,-2.45,29.75,19.3,0.17,0.71
2025-05-27,Southern Province,-2.45,29.75,20.18,0.63,0.71
2025-05-28,Southern Province,-2.45,29.75,20.15,1.02,0.71
2025-05-29,Southern Province,-2.45,29.75,19.92,0.74,0.7
2025-05-30,Southern Province,-2.45,29.75,19.46,1.5,0.7
2025-05-31,Southern Province,-2.45,29.75,19.77,0.23,0.7
2025-06-01,Southern Province,-2.45,29.75,19.44,0.01,0.7
2025-06-02,Southern Province,-2.45,29.75,19.95,0.64,0.7
2025-06-03,Southern Province,-2.45,29.75,19.72,2.8,0.7
2025-06-04,Southern Province,-2.45,29.75,19.77,2.73,0.7
2025-06-05,Southern Province,-2.45,29.75,19.55,2.97,0.7
2025-06-06,Southern Province,-2.45,29.75,19.44,2.6,0.7
2025-06-07,Southern Province,-2.45,29.75,20.04,2.39,0.7
2025-06-08,Southern Province,-2.45,29.75,20.01,2.84,0.7
2025-06-09,Southern Province,-2.45,29.75,19.73,0.74,0.7
2025-06-10,Southern Province,-2.45,29.75,20.04,0.02,0.69
2025-06-11,Southern Province,-2.45,29.75,19.66,0.0,0.69
2025-06-12,Southern Province,-2.45,29.75,20.17,0.0,0.69
2025-06-13,Southern Province,-2.45,29.75,19.6,0.0,0.69
2025-06-14,Southern Province,-2.45,29.75,19.26,0.0,0.69
2025-06-15,Southern Province,-2.45,29.75,18.53,0.01,0.68
2025-06-16,Southern Province,-2.45,29.75,18.01,0.0,0.68
2025-06-17,Southern Province,-2.45,29.75,18.67,0.77,0.68
2025-06-18,Southern Province,-2.45,29.75,19.64,2.2,0.68
2025-06-19,Southern Province,-2.45,29.75,19.63,4.43,0.68
2025-06-20,Southern Province,-2.45,29.75,19.64,1.82,0.68
2025-06-21,Southern Province,-2.45,29.75,20.06,1.34,0.68
2025-06-22,Southern Province,-2.45,29.75,20.42,0.81,0.68
2025-06-23,Southern Province,-2.45,29.75,19.97,1.08,0.68
2025-06-24,Southern Province,-2.45,29.75,20.35,0.19,0.68
2025-06-25,Southern Province,-2.45,29.75,21.47,0.01,0.68
2025-06-26,Southern Province,-2.45,29.75,20.93,0.23,0.68
2025-06-27,Southern Province,-2.45,29.75,21.12,0.04,0.67
2025-06-28,Southern Province,-2.45,29.75,21.05,0.19,0.67
2025-06-29,Southern Province,-2.45,29.75,19.9,0.3,0.67
2025-06-30,Southern Province,-2.45,29.75,19.72,0.48,0.67
2025-07-01,Southern Province,-2.45,29.75,19.07,0.14,0.67
2025-07-02,Southern Province,-2.45,29.75,19.6,0.01,0.67
2025-07-03,Southern Province,-2.45,29.75,20.03,0.14,0.67
2025-07-04,Southern Province,-2.45,29.75,20.46,0.05,0.66
2025-07-05,Southern Province,-2.45,29.75,20.37,0.58,0.66
2025-07-06,Southern Province,-2.45,29.75,20.35,1.88,0.66
2025-07-07,Southern Province,-2.45,29.75,19.67,3.16,0.66
2025-07-08,Southern Province,-2.45,29.75,19.82,0.62,0.66
2025-07-09,Southern Province,-2.45,29.75,18.48,0.41,0.66
2025-07-10,Southern Province,-2.45,29.75,18.02,0.03,0.66
2025-07-11,Southern Province,-2.45,29.75,18.74,0.14,0.66
2025-07-12,Southern Province,-2.45,29.75,19.87,0.18,0.66
2025-07-13,Southern Province,-2.45,29.75,19.94,0.11,0.66
2025-07-14,Southern Province,-2.45,29.75,19.96,0.24,0.66
2025-07-15,Southern Province,-2.45,29.75,20.0,0.1,0.66
2025-07-16,Southern Province,-2.45,29.75,20.12,0.16,0.65
2025-07-17,Southern Province,-2.45,29.75,20.97,0.18,0.65
2025-07-18,Southern Province,-2.45,29.75,21.3,0.09,0.65
2025-07-19,Southern Province,-2.45,29.75,20.85,0.03,0.65
2025-07-20,Southern Province,-2.45,29.75,20.15,0.0,0.65
2025-07-21,Southern Province,-2.45,29.75,20.01,0.01,0.65
2025-07-22,Southern Province,-2.45,29.75,21.04,0.0,0.65
2025-07-23,Southern Province,-2.45,29.75,21.35,0.0,0.65
2025-07-24,Southern Province,-2.45,29.75,21.15,0.0,0.65
2025-07-25,Southern Province,-2.45,29.75,21.18,0.0,0.65
2025-07-26,Southern Province,-2.45,29.75,20.84,0.0,0.65
2025-07-27,Southern Province,-2.45,29.75,19.96,0.0,0.64
2025-07-28,Southern Province,-2.45,29.75,19.82,0.0,0.64
2025-07-29,Southern Province,-2.45,29.75,19.05,0.0,0.64
2025-07-30,Southern Province,-2.45,29.75,18.61,0.0,0.64
2025-07-31,Southern Province,-2.45,29.75,19.28,0.0,0.64
2025-08-01,Southern Province,-2.45,29.75,20.32,0.0,0.64
2025-08-02,Southern Province,-2.45,29.75,20.66,0.0,0.64
2025-08-03,Southern Province,-2.45,29.75,20.08,0.0,0.64
2025-08-04,Southern Province,-2.45,29.75,18.88,0.0,0.64
2025-08-05,Southern Province,-2.45,29.75,20.58,0.01,0.64
2025-08-06,Southern Province,-2.45,29.75,21.03,0.01,0.64
2025-08-07,Southern Province,-2.45,29.75,21.85,0.1,0.64
2025-08-08,Southern Province,-2.45,29.75,22.14,0.37,0.64
2025-08-09,Southern Province,-2.45,29.75,21.19,2.93,0.64
2025-08-10,Southern Province,-2.45,29.75,20.27,12.32,0.64
2025-08-11,Southern Province,-2.45,29.75,20.25,15.81,0.65
2025-08-12,Southern Province,-2.45,29.75,20.03,9.67,0.66
2025-08-13,Southern Province,-2.45,29.75,20.47,0.35,0.66
2025-08-14,Southern Province,-2.45,29.75,20.91,0.66,0.66
2025-08-15,Southern Province,-2.45,29.75,21.04,2.14,0.65
2025-08-16,Southern Province,-2.45,29.75,19.59,33.04,0.67
2025-08-17,Southern Province,-2.45,29.75,19.31,13.56,0.67
2025-08-18,Southern Province,-2.45,29.75,19.26,37.93,0.69
2025-08-19,Southern Province,-2.45,29.75,19.41,3.88,0.7
2025-08-20,Southern Province,-2.45,29.75,19.52,0.0,0.7
2025-08-21,Southern Province,-2.45,29.75,18.9,0.0,0.7
2025-08-22,Southern Province,-2.45,29.75,19.1,0.0,0.69
2025-08-23,Southern Province,-2.45,29.75,18.29,0.0,0.69
2025-08-24,Southern Province,-2.45,29.75,19.36,0.0,0.69
2025-08-25,Southern Province,-2.45,29.75,20.67,0.05,0.69
2025-08-26,Southern Province,-2.45,29.75,20.85,0.1,0.69
2025-08-27,Southern Province,-2.45,29.75,20.85,0.0,0.68
2025-08-28,Southern Province,-2.45,29.75,21.0,0.0,0.68
2025-08-29,Southern Province,-2.45,29.75,20.68,0.18,0.68
2025-08-30,Southern Province,-2.45,29.75,18.98,0.0,0.68
2025-08-31,Southern Province,-2.45,29.75,19.05,0.02,0.68
2025-09-01,Southern Province,-2.45,29.75,19.88,0.0,0.67
2025-09-02,Southern Province,-2.45,29.75,20.48,0.0,0.67
2025-09-03,Southern Province,-2.45,29.75,20.27,0.0,0.67
2025-09-04,Southern Province,-2.45,29.75,21.43,0.01,0.67
2025-09-05,Southern Province,-2.45,29.75,21.47,0.0,0.67
2025-09-06,Southern Province,-2.45,29.75,21.93,0.0,0.67
2025-09-07,Southern Province,-2.45,29.75,21.37,0.0,0.66
2025-09-08,Southern Province,-2.45,29.75,21.41,1.61,0.66
2025-09-09,Southern Province,-2.45,29.75,22.12,1.26,0.66
2025-09-10,Southern Province,-2.45,29.75,22.69,0.73,0.66
2025-09-11,Southern Province,-2.45,29.75,22.43,2.16,0.66
2025-09-12,Southern Province,-2.45,29.75,22.74,0.31,0.66
2025-09-13,Southern Province,-2.45,29.75,22.75,0.75,0.66
2025-09-14,Southern Province,-2.45,29.75,22.83,0.36,0.66
2025-09-15,Southern Province,-2.45,29.75,22.93,0.5,0.66
2025-09-16,Southern Province,-2.45,29.75,22.44,0.76,0.66
2025-09-17,Southern Province,-2.45,29.75,21.74,4.66,0.66
2025-09-18,Southern Province,-2.45,29.75,22.08,3.37,0.66
2025-09-19,Southern Province,-2.45,29.75,22.47,2.94,0.66
2025-09-20,Southern Province,-2.45,29.75,22.27,0.0,0.66
2025-09-21,Southern Province,-2.45,29.75,21.42,0.01,0.66
2025-09-22,Southern Province,-2.45,29.75,22.33,0.24,0.65
2025-09-23,Southern Province,-2.45,29.75,22.68,0.31,0.65
2025-09-24,Southern Province,-2.45,29.75,23.36,0.17,0.65
2025-09-25,Southern Province,-2.45,29.75,22.42,0.03,0.65
2025-09-26,Southern Province,-2.45,29.75,22.72,0.15,0.65
2025-09-27,Southern Province,-2.45,29.75,22.94,1.25,0.65
2025-09-28,Southern Province,-2.45,29.75,22.15,0.92,0.65
2025-09-29,Southern Province,-2.45,29.75,24.0,0.15,0.65
2025-09-30,Southern Province,-2.45,29.75,23.2,0.26,0.64
2025-10-01,Southern Province,-2.45,29.75,22.81,0.27,0.64
2025-10-02,Southern Province,-2.45,29.75,22.85,0.14,0.64
2025-10-03,Southern Province,-2.45,29.75,23.15,1.28,0.64
2025-10-04,Southern Province,-2.45,29.75,21.17,9.98,0.64
2025-10-05,Southern Province,-2.45,29.75,21.29,2.93,0.65
2025-10-06,Southern Province,-2.45,29.75,21.32,1.41,0.65
2025-10-07,Southern Province,-2.45,29.75,20.7,3.2,0.65
2025-10-08,Southern Province,-2.45,29.75,20.97,2.82,0.65
2025-10-09,Southern Province,-2.45,29.75,20.77,1.04,0.65
2025-10-10,Southern Province,-2.45,29.75,21.21,1.12,0.65
2025-10-11,Southern Province,-2.45,29.75,22.46,0.17,0.65
2025-10-12,Southern Province,-2.45,29.75,22.76,0.45,0.64
2025-10-13,Southern Province,-2.45,29.75,22.01,0.58,0.64
2025-10-14,Southern Province,-2.45,29.75,21.67,2.02,0.64
2025-10-15,Southern Province,-2.45,29.75,22.72,2.0,0.64
2025-10-16,Southern Province,-2.45,29.75,22.79,1.32,0.64
2025-10-17,Southern Province,-2.45,29.75,21.91,12.16,0.64
2025-10-18,Southern Province,-2.45,29.75,21.16,2.98,0.65
2025-10-19,Southern Province,-2.45,29.75,21.96,0.18,0.65
2025-10-20,Southern Province,-2.45,29.75,22.24,0.43,0.65
2025-10-21,Southern Province,-2.45,29.75,21.9,1.74,0.64
2025-10-22,Southern Province,-2.45,29.75,21.43,9.02,0.65
2025-10-23,Southern Province,-2.45,29.75,21.26,2.65,0.65
2025-10-24,Southern Province,-2.45,29.75,22.35,1.43,0.65
2025-10-25,Southern Province,-2.45,29.75,22.85,2.52,0.65
2025-10-26,Southern Province,-2.45,29.75,22.68,1.14,0.65
2025-10-27,Southern Province,-2.45,29.75,22.27,0.27,0.65
2025-10-28,Southern Province,-2.45,29.75,22.66,0.99,0.64
2025-10-29,Southern Province,-2.45,29.75,21.64,1.54,0.64
2025-10-30,Southern Province,-2.45,29.75,22.42,1.04,0.64
2025-10-31,Southern Province,-2.45,29.75,21.41,1.83,0.64
2025-11-01,Southern Province,-2.45,29.75,21.84,0.52,0.64
2025-11-02,Southern Province,-2.45,29.75,22.5,0.42,0.64
2025-11-03,Southern Province,-2.45,29.75,22.03,0.61,0.64
2025-11-04,Southern Province,-2.45,29.75,21.4,0.32,0.64
2025-11-05,Southern Province,-2.45,29.75,22.94,0.24,0.64
2025-11-06,Southern Province,-2.45,29.75,22.55,0.09,0.64
2025-11-07,Southern Province,-2.45,29.75,21.25,2.04,0.64
2025-11-08,Southern Province,-2.45,29.75,21.24,3.26,0.64
2025-11-09,Southern Province,-2.45,29.75,21.15,3.98,0.64
2025-11-10,Southern Province,-2.45,29.75,21.59,3.32,0.64
2025-11-11,Southern Province,-2.45,29.75,21.9,1.37,0.64
2025-11-12,Southern Province,-2.45,29.75,22.02,3.61,0.64
2025-11-13,Southern Province,-2.45,29.75,21.8,1.08,0.64
2025-11-14,Southern Province,-2.45,29.75,21.37,6.32,0.64
2025-11-15,Southern Province,-2.45,29.75,22.01,1.77,0.64
2025-11-16,Southern Province,-2.45,29.75,22.37,0.87,0.64
2025-11-17,Southern Province,-2.45,29.75,21.12,11.56,0.64
2025-11-18,Southern Province,-2.45,29.75,21.33,1.54,0.64
2025-11-19,Southern Province,-2.45,29.75,21.55,5.45,0.64
2025-11-20,Southern Province,-2.45,29.75,21.66,4.69,0.65
2025-11-21,Southern Province,-2.45,29.75,20.88,5.42,0.65
2025-11-22,Southern Province,-2.45,29.75,21.22,4.91,0.65
2025-11-23,Southern Province,-2.45,29.75,21.56,0.39,0.65
2025-11-24,Southern Province,-2.45,29.75,22.3,0.72,0.65
2025-11-25,Southern Province,-2.45,29.75,21.82,0.85,0.64
2025-11-26,Southern Province,-2.45,29.75,22.02,0.86,0.64
2025-11-27,Southern Province,-2.45,29.75,22.37,0.17,0.64
2025-11-28,Southern Province,-2.45,29.75,22.76,0.2,0.64
2025-11-29,Southern Province,-2.45,29.75,23.09,0.89,0.64
2025-11-30,Southern Province,-2.45,29.75,23.17,0.39,0.64
2025-12-01,Southern Province,-2.45,29.75,21.73,0.67,0.64
2025-12-02,Southern Province,-2.45,29.75,22.53,0.91,0.64
2025-12-03,Southern Province,-2.45,29.75,23.03,6.97,0.64
2025-12-04,Southern Province,-2.45,29.75,22.53,3.52,0.64
2025-12-05,Southern Province,-2.45,29.75,22.04,3.54,0.64
2025-12-06,Southern Province,-2.45,29.75,22.01,1.44,0.64
2025-12-07,Southern Province,-2.45,29.75,22.22,1.35,0.64
2025-12-08,Southern Province,-2.45,29.75,21.98,2.1,0.64
2025-12-09,Southern Province,-2.45,29.75,22.26,1.12,0.64
2025-12-10,Southern Province,-2.45,29.75,21.93,1.13,0.64
2025-12-11,Southern Province,-2.45,29.75,22.3,1.0,0.63
2025-12-12,Southern Province,-2.45,29.75,21.84,1.07,0.63
2025-12-13,Southern Province,-2.45,29.75,22.05,0.61,0.63
2025-12-14,Southern Province,-2.45,29.75,21.7,1.48,0.63
2025-12-15,Southern Province,-2.45,29.75,22.55,2.03,0.63
2025-12-16,Southern Province,-2.45,29.75,21.23,4.52,0.63
2025-12-17,Southern Province,-2.45,29.75,21.57,4.27,0.63
2025-12-18,Southern Province,-2.45,29.75,21.17,5.48,0.64
2025-12-19,Southern Province,-2.45,29.75,21.71,2.57,0.64
2025-12-20,Southern Province,-2.45,29.75,22.06,6.35,0.64
2025-12-21,Southern Province,-2.45,29.75,22.61,0.71,0.64
2025-12-22,Southern Province,-2.45,29.75,21.69,8.65,0.64
2025-12-23,Southern Province,-2.45,29.75,21.52,1.37,0.64
2025-12-24,Southern Province,-2.45,29.75,21.97,0.51,0.64
2025-12-25,Southern Province,-2.45,29.75,22.63,1.53,0.64
2025-12-26,Southern Province,-2.45,29.75,23.07,1.53,0.64
2025-12-27,Southern Province,-2.45,29.75,21.76,7.0,0.64
2025-12-28,Southern Province,-2.45,29.75,19.72,21.75,0.65
2025-12-29,Southern Province,-2.45,29.75,19.69,4.83,0.65
2025-12-30,Southern Province,-2.45,29.75,19.88,5.93,0.66
2025-12-31,Southern Province,-2.45,29.75,20.23,3.63,0.66
2026-01-01,Southern Province,-2.45,29.75,21.57,11.69,0.66
2026-01-02,Southern Province,-2.45,29.75,21.86,1.5,0.66
2026-01-03,Southern Province,-2.45,29.75,21.69,5.08,0.66
2026-01-04,Southern Province,-2.45,29.75,22.0,11.51,0.66
2026-01-05,Southern Province,-2.45,29.75,21.3,29.24,0.67
2026-01-06,Southern Province,-2.45,29.75,20.98,16.27,0.68
2026-01-07,Southern Province,-2.45,29.75,21.44,38.01,0.7
2026-01-08,Southern Province,-2.45,29.75,20.59,10.49,0.7
2026-01-09,Southern Province,-2.45,29.75,20.81,0.25,0.7
2026-01-10,Southern Province,-2.45,29.75,20.42,9.58,0.7
2026-01-11,Southern Province,-2.45,29.75,20.73,6.8,0.71
2026-01-12,Southern Province,-2.45,29.75,21.01,2.64,0.71
2026-01-13,Southern Province,-2.45,29.75,21.08,2.39,0.71
2026-01-14,Southern Province,-2.45,29.75,21.78,0.14,0.7
2026-01-15,Southern Province,-2.45,29.75,21.79,0.1,0.7
2026-01-16,Southern Province,-2.45,29.75,21.63,0.03,0.7
2026-01-17,Southern Province,-2.45,29.75,20.7,1.22,0.69
2026-01-18,Southern Province,-2.45,29.75,20.9,2.47,0.69
2026-01-19,Southern Province,-2.45,29.75,21.25,4.55,0.69
2026-01-20,Southern Province,-2.45,29.75,21.37,2.08,0.69
2026-01-21,Southern Province,-2.45,29.75,22.05,0.39,0.69
2026-01-22,Southern Province,-2.45,29.75,21.9,1.32,0.69
2026-01-23,Southern Province,-2.45,29.75,21.99,0.17,0.68
2026-01-24,Southern Province,-2.45,29.75,22.9,0.05,0.68
2026-01-25,Southern Province,-2.45,29.75,23.8,0.27,0.68
2026-01-26,Southern Province,-2.45,29.75,23.23,2.06,0.68
2026-01-27,Southern Province,-2.45,29.75,23.29,3.33,0.68
2026-01-28,Southern Province,-2.45,29.75,23.03,18.17,0.68
2026-01-29,Southern Province,-2.45,29.75,21.57,32.8,0.7
2026-01-30,Southern Province,-2.45,29.75,21.54,1.85,0.7
2026-01-31,Southern Province,-2.45,29.75,21.71,2.31,0.7
2026-02-01,Southern Province,-2.45,29.75,21.0,4.68,0.7
2026-02-02,Southern Province,-2.45,29.75,20.83,2.6,0.7
2026-02-03,Southern Province,-2.45,29.75,20.43,2.32,0.7
2026-02-04,Southern Province,-2.45,29.75,21.31,1.13,0.7
2026-02-05,Southern Province,-2.45,29.75,20.42,3.42,0.7
2026-02-06,Southern Province,-2.45,29.75,20.31,1.95,0.69
2026-02-07,Southern Province,-2.45,29.75,20.68,3.01,0.69
2026-02-08,Southern Province,-2.45,29.75,20.88,0.52,0.69
2026-02-09,Southern Province,-2.45,29.75,20.45,5.78,0.69
2026-02-10,Southern Province,-2.45,29.75,20.07,7.84,0.69
2026-02-11,Southern Province,-2.45,29.75,20.67,4.35,0.7
2026-02-12,Southern Province,-2.45,29.75,21.24,2.27,0.69
2026-02-13,Southern Province,-2.45,29.75,21.6,3.63,0.69
2026-02-14,Southern Province,-2.45,29.75,20.88,4.17,0.69
2026-02-15,Southern Province,-2.45,29.75,21.09,2.64,0.69
2026-02-16,Southern Province,-2.45,29.75,21.17,2.73,0.69
2026-02-17,Southern Province,-2.45,29.75,20.02,5.12,0.69
2026-02-18,Southern Province,-2.45,29.75,19.95,3.39,0.69
2026-02-19,Southern Province,-2.45,29.75,19.85,7.03,0.7
2026-02-20,Southern Province,-2.45,29.75,20.94,3.68,0.7
2026-02-21,Southern Province,-2.45,29.75,21.56,11.58,0.7
2026-02-22,Southern Province,-2.45,29.75,20.03,12.05,0.71
2026-02-23,Southern Province,-2.45,29.75,19.21,2.2,0.71
2026-02-24,Southern Province,-2.45,29.75,20.47,1.02,0.71
2026-02-25,Southern Province,-2.45,29.75,21.59,0.79,0.71
2026-02-26,Southern Province,-2.45,29.75,21.29,1.96,0.7
2026-02-27,Southern Province,-2.45,29.75,21.04,1.07,0.7
2026-02-28,Southern Province,-2.45,29.75,21.49,16.02,0.7
2026-03-01,Southern Province,-2.45,29.75,20.23,6.34,0.71
2026-03-02,Southern Province,-2.45,29.75,20.42,1.9,0.71
2026-03-03,Southern Province,-2.45,29.75,21.53,12.02,0.71
2026-03-04,Southern Province,-2.45,29.75,19.99,12.71,0.72
2026-03-05,Southern Province,-2.45,29.75,20.47,4.04,0.72
2026-03-06,Southern Province,-2.45,29.75,20.84,14.82,0.73
2026-03-07,Southern Province,-2.45,29.75,20.88,2.08,0.73
2026-03-08,Southern Province,-2.45,29.75,20.66,2.94,0.73
2026-03-09,Southern Province,-2.45,29.75,21.57,7.19,0.73
2026-03-10,Southern Province,-2.45,29.75,21.24,6.31,0.73
2026-03-11,Southern Province,-2.45,29.75,21.15,7.72,0.73
2026-03-12,Southern Province,-2.45,29.75,21.15,1.98,0.73
2026-03-13,Southern Province,-2.45,29.75,21.82,10.37,0.74
2026-03-14,Southern Province,-2.45,29.75,21.78,2.25,0.73
2026-03-15,Southern Province,-2.45,29.75,22.19,5.92,0.73
2026-03-16,Southern Province,-2.45,29.75,21.61,0.47,0.73
2026-03-17,Southern Province,-2.45,29.75,21.9,2.39,0.73
2026-03-18,Southern Province,-2.45,29.75,21.45,11.69,0.73
2026-03-19,Southern Province,-2.45,29.75,20.03,17.54,0.74
2026-03-20,Southern Province,-2.45,29.75,20.57,4.03,0.74
2026-03-21,Southern Province,-2.45,29.75,19.8,9.62,0.75
2026-03-22,Southern Province,-2.45,29.75,19.56,5.02,0.75
2026-03-23,Southern Province,-2.45,29.75,19.79,4.06,0.75
2026-03-24,Southern Province,-2.45,29.75,20.42,6.52,0.75
2026-03-25,Southern Province,-2.45,29.75,20.08,7.1,0.75
2026-03-26,Southern Province,-2.45,29.75,20.08,3.33,0.75
2026-03-27,Southern Province,-2.45,29.75,19.87,1.95,0.75
2026-03-28,Southern Province,-2.45,29.75,19.51,7.5,0.75
2026-03-29,Southern Province,-2.45,29.75,20.95,0.49,0.75
2026-03-30,Southern Province,-2.45,29.75,21.33,0.39,0.75
2026-03-31,Southern Province,-2.45,29.75,20.87,0.46,0.74
2026-04-01,Southern Province,-2.45,29.75,20.82,1.06,0.74
2026-04-02,Southern Province,-2.45,29.75,21.07,0.45,0.74
2026-04-03,Southern Province,-2.45,29.75,21.77,2.64,0.74
2026-04-04,Southern Province,-2.45,29.75,21.57,11.12,0.74
2026-04-05,Southern Province,-2.45,29.75,20.42,6.47,0.74
2026-04-06,Southern Province,-2.45,29.75,20.84,0.29,0.74
2026-04-07,Southern Province,-2.45,29.75,20.44,1.99,0.74
2026-04-08,Southern Province,-2.45,29.75,20.79,1.73,0.74
2026-04-09,Southern Province,-2.45,29.75,20.63,0.8,0.73
2026-04-10,Southern Province,-2.45,29.75,20.0,2.04,0.73
2026-04-11,Southern Province,-2.45,29.75,20.93,1.3,0.73
2026-04-12,Southern Province,-2.45,29.75,20.55,1.77,0.73
2026-04-13,Southern Province,-2.45,29.75,20.2,2.43,0.73
2026-04-14,Southern Province,-2.45,29.75,20.28,1.66,0.73
2026-04-15,Southern Province,-2.45,29.75,20.97,1.76,0.73
2026-04-16,Southern Province,-2.45,29.75,21.22,0.88,0.72
2026-04-17,Southern Province,-2.45,29.75,20.56,6.47,0.73
2026-04-18,Southern Province,-2.45,29.75,19.61,6.32,0.73
2026-04-19,Southern Province,-2.45,29.75,21.3,0.59,0.73
2026-04-20,Southern Province,-2.45,29.75,20.99,4.6,0.72
2026-04-21,Southern Province,-2.45,29.75,20.72,4.96,0.73
2026-04-22,Southern Province,-2.45,29.75,21.58,0.27,0.72
2026-04-23,Southern Province,-2.45,29.75,20.94,3.24,0.72
2026-04-24,Southern Province,-2.45,29.75,20.44,0.6,0.72
2026-04-25,Southern Province,-2.45,29.75,20.11,1.24,0.72
2026-04-26,Southern Province,-2.45,29.75,20.54,3.22,0.72
2026-04-27,Southern Province,-2.45,29.75,20.64,10.02,0.72
2026-04-28,Southern Province,-2.45,29.75,21.02,10.55,0.72
2026-04-29,Southern Province,-2.45,29.75,19.83,10.34,0.73
2026-04-30,Southern Province,-2.45,29.75,20.52,4.71,0.73
2026-05-01,Southern Province,-2.45,29.75,20.4,23.6,0.73
2026-05-02,Southern Province,-2.45,29.75,19.82,31.46,0.76
2026-05-03,Southern Province,-2.45,29.75,20.22,2.32,0.76
2026-05-04,Southern Province,-2.45,29.75,20.09,2.71,0.76
2026-05-05,Southern Province,-2.45,29.75,20.36,19.08,0.76
2026-05-06,Southern Province,-2.45,29.75,21.18,11.98,0.77
2026-05-07,Southern Province,-2.45,29.75,21.12,5.88,0.77
2026-05-08,Southern Province,-2.45,29.75,20.38,6.99,0.77
2026-05-09,Southern Province,-2.45,29.75,21.19,2.92,0.77
2026-05-10,Southern Province,-2.45,29.75,20.71,6.67,0.77
2026-05-11,Southern Province,-2.45,29.75,19.3,0.03,0.77
2026-05-12,Southern Province,-2.45,29.75,19.7,0.0,0.77
2026-05-13,Southern Province,-2.45,29.75,20.31,0.01,0.76
2026-05-14,Southern Province,-2.45,29.75,20.03,0.44,0.76
2026-05-15,Southern Province,-2.45,29.75,20.61,1.14,0.76
2026-05-16,Southern Province,-2.45,29.75,19.7,0.85,0.76
2026-05-17,Southern Province,-2.45,29.75,19.6,0.71,0.75
2026-05-18,Southern Province,-2.45,29.75,19.39,1.16,0.75
2026-05-19,Southern Province,-2.45,29.75,19.72,0.84,0.75
2026-05-20,Southern Province,-2.45,29.75,19.97,1.5,0.75
2026-05-21,Southern Province,-2.45,29.75,20.01,3.14,0.74
2026-05-22,Southern Province,-2.45,29.75,20.22,1.19,0.74
2026-05-23,Southern Province,-2.45,29.75,20.67,4.38,0.74
2026-05-24,Southern Province,-2.45,29.75,19.72,3.56,0.74
2026-05-25,Southern Province,-2.45,29.75,19.9,1.71,0.74
2026-05-26,Southern Province,-2.45,29.75,19.76,0.3,0.74
2026-05-27,Southern Province,-2.45,29.75,20.0,0.19,0.74
2026-05-28,Southern Province,-2.45,29.75,19.82,0.18,0.73
2026-05-29,Southern Province,-2.45,29.75,20.16,0.05,0.73
2026-05-30,Southern Province,-2.45,29.75,19.81,0.1,0.73
2026-05-31,Southern Province,-2.45,29.75,20.24,0.28,0.72
2026-06-01,Southern Province,-2.45,29.75,19.89,0.18,0.72
2026-06-02,Southern Province,-2.45,29.75,20.01,0.15,0.72
2026-06-03,Southern Province,-2.45,29.75,20.64,0.25,0.72
2026-06-04,Southern Province,-2.45,29.75,20.74,0.09,0.72
2026-06-05,Southern Province,-2.45,29.75,21.05,0.43,0.71
2026-06-06,Southern Province,-2.45,29.75,21.39,0.2,0.71
2026-06-07,Southern Province,-2.45,29.75,21.61,0.19,0.71
2026-06-08,Southern Province,-2.45,29.75,21.6,0.11,0.71
2026-06-09,Southern Province,-2.45,29.75,21.69,0.07,0.71
2026-06-10,Southern Province,-2.45,29.75,21.83,0.0,0.7
2026-06-11,Southern Province,-2.45,29.75,21.69,0.01,0.7
2026-06-12,Southern Province,-2.45,29.75,21.41,0.0,0.7
2026-06-13,Southern Province,-2.45,29.75,21.28,0.0,0.7
2026-06-14,Southern Province,-2.45,29.75,21.17,0.0,0.7
2026-06-15,Southern Province,-2.45,29.75,21.26,0.0,0.69
2026-06-16,Southern Province,-2.45,29.75,20.21,0.0,0.69
2026-06-17,Southern Province,-2.45,29.75,19.86,0.0,0.69
2026-06-18,Southern Province,-2.45,29.75,20.27,0.0,0.69
2026-06-19,Southern Province,-2.45,29.75,20.67,0.0,0.69
2026-06-20,Southern Province,-2.45,29.75,20.75,0.0,0.69
2026-06-21,Southern Province,-2.45,29.75,19.85,0.0,0.68
2026-06-22,Southern Province,-2.45,29.75,19.94,0.0,0.68
2026-06-23,Southern Province,-2.45,29.75,20.1,0.0,0.68
2026-06-24,Southern Province,-2.45,29.75,19.91,0.0,0.68
2026-06-25,Southern Province,-2.45,29.75,20.14,0.18,0.68
2026-06-26,Southern Province,-2.45,29.75,19.82,0.04,0.68
2026-06-27,Southern Province,-2.45,29.75,19.19,0.0,0.67
2026-06-28,Southern Province,-2.45,29.75,19.78,0.0,0.67
2026-06-29,Southern Province,-2.45,29.75,20.54,0.0,0.67
2026-06-30,Southern Province,-2.45,29.75,20.78,0.19,0.67
2026-07-01,Southern Province,-2.45,29.75,21.03,1.61,0.67
2026-07-02,Southern Province,-2.45,29.75,21.03,2.33,0.67
2026-07-03,Southern Province,-2.45,29.75,21.06,0.21,0.67
2026-07-04,Southern Province,-2.45,29.75,21.55,0.11,0.67
2026-07-05,Southern Province,-2.45,29.75,20.45,4.03,0.67
2026-07-06,Southern Province,-2.45,29.75,19.76,1.04,0.67
2026-07-07,Southern Province,-2.45,29.75,19.84,0.22,0.67
2026-07-08,Southern Province,-2.45,29.75,19.55,1.25,0.66
2026-07-09,Southern Province,-2.45,29.75,20.43,0.04,0.66
2026-07-10,Southern Province,-2.45,29.75,21.1,0.26,0.66
2026-07-11,Southern Province,-2.45,29.75,20.57,0.62,0.66
2026-07-12,Southern Province,-2.45,29.75,20.01,2.24,0.66
2026-07-13,Southern Province,-2.45,29.75,20.68,0.49,0.66
2026-07-14,Southern Province,-2.45,29.75,21.16,0.07,0.66
2026-07-15,Southern Province,-2.45,29.75,21.29,0.19,0.66
2026-07-16,Southern Province,-2.45,29.75,22.19,0.11,0.66
2026-07-17,Southern Province,-2.45,29.75,22.11,0.12,0.66
2026-07-18,Southern Province,-2.45,29.75,21.5,0.03,0.65
2026-07-19,Southern Province,-2.45,29.75,21.17,0.0,0.65
2026-07-20,Southern Province,-2.45,29.75,22.31,0.04,0.65
2026-07-21,Southern Province,-2.45,29.75,22.71,0.37,0.65
2026-07-22,Southern Province,-2.45,29.75,22.45,0.04,0.65
2026-07-23,Southern Province,-2.45,29.75,22.92,0.03,0.65
2026-07-24,Southern Province,-2.45,29.75,22.56,0.01,0.65
2026-07-25,Southern Province,-2.45,29.75,22.3,0.0,0.65
2026-07-26,Southern Province,-2.45,29.75,21.25,0.0,0.65
2026-07-27,Southern Province,-2.45,29.75,21.53,0.0,0.64
2026-07-28,Southern Province,-2.45,29.75,22.41,0.01,0.64
2026-07-29,Southern Province,-2.45,29.75,22.75,0.02,0.64
2026-07-30,Southern Province,-2.45,29.75,22.2,0.09,0.64
2026-07-31,Southern Province,-2.45,29.75,22.92,0.06,0.64
2026-08-01,Southern Province,-2.45,29.75,20.93,0.16,0.59
2026-08-02,Southern Province,-2.45,29.75,20.91,0.23,0.59
2026-08-03,Southern Province,-2.45,29.75,20.39,0.0,0.59
2026-08-04,Southern Province,-2.45,29.75,20.47,0.56,0.59
2026-08-05,Southern Province,-2.45,29.75,20.75,0.15,0.59
2026-08-06,Southern Province,-2.45,29.75,21.09,0.09,0.59
2026-08-07,Southern Province,-2.45,29.75,21.14,0.06,0.58
2026-08-08,Southern Province,-2.45,29.75,21.09,0.0,0.58
2026-08-09,Southern Province,-2.45,29.75,20.84,0.0,0.58
2026-08-10,Southern Province,-2.45,29.75,21.2,0.0,0.58
2026-08-11,Southern Province,-2.45,29.75,21.44,0.0,0.58
2026-08-12,Southern Province,-2.45,29.75,21.14,0.0,0.57
2026-08-13,Southern Province,-2.45,29.75,20.66,0.0,0.57
2026-08-14,Southern Province,-2.45,29.75,20.16,0.0,0.57
2026-08-15,Southern Province,-2.45,29.75,20.84,0.0,0.57
2026-08-16,Southern Province,-2.45,29.75,21.32,0.0,0.57
2026-08-17,Southern Province,-2.45,29.75,22.12,0.05,0.56
2026-08-18,Southern Province,-2.45,29.75,21.6,0.33,0.56
2026-08-19,Southern Province,-2.45,29.75,21.81,0.35,0.56
2026-08-20,Southern Province,-2.45,29.75,21.57,0.38,0.56
2026-08-21,Southern Province,-2.45,29.75,21.72,0.17,0.56
2026-08-22,Southern Province,-2.45,29.75,22.71,0.03,0.56
2026-08-23,Southern Province,-2.45,29.75,21.99,0.61,0.56
2026-08-24,Southern Province,-2.45,29.75,22.03,1.83,0.55
2026-08-25,Southern Province,-2.45,29.75,22.26,0.46,0.55
2026-08-26,Southern Province,-2.45,29.75,22.22,0.24,0.55
2026-08-27,Southern Province,-2.45,29.75,21.96,0.0,0.55
2026-08-28,Southern Province,-2.45,29.75,21.39,0.0,0.55
2026-08-29,Southern Province,-2.45,29.75,21.19,0.0,0.55
2026-08-30,Southern Province,-2.45,29.75,21.61,0.0,0.54
2026-08-31,Southern Province,-2.45,29.75,-999.0,-999.0,-999.0
2026-09-01,Southern Province,-2.45,29.75,-999.0,-999.0,-999.0
2026-09-02,Southern Province,-2.45,29.75,-999.0,-999.0,-999.0
